agent,turn,start_utc,end_utc,category,seconds,basis,evidence,event_id
Coordinator,01a0eb15-2920-7902-9583-64ec8223a4a9,2026-09-29T02:53:47.687000+00:00,2026-09-29T02:53:47.789000+00:00,Analysis,0.1020001929243189,gap assigned to next activity,Activity classified by event type and edit destination; original commands omitted.,rs_0a17f49d6cbd7e7a016abb283df1e087d2a724a21f560a1d6b
Coordinator,01a0eb15-2920-7902-9583-64ec8223a4a9,2026-09-29T02:53:47.789000+00:00,2026-09-29T02:53:49.945000+00:00,Analysis,2.156004017117026,gap assigned to next activity,Activity classified by event type and edit destination; original commands omitted.,rs_0a17f49d6cbd7e7a016abb283df1e087d2a724a21f560a1d6b
Coordinator,01a0eb15-2920-7902-9583-64ec8223a4a9,2026-09-29T02:53:49.945000+00:00,2026-09-29T02:54:08.660000+00:00,Analysis,18.715035900379615,event,Activity classified by event type and edit destination; original commands omitted.,rs_0a17f49d6cbd7e7a016abb283df1e087d2a724a21f560a1d6b
Coordinator,01a0eb15-2920-7902-9583-64ec8223a4a9,2026-09-29T02:54:08.660000+00:00,2026-09-29T02:54:08.666000+00:00,Communication and follow-up,0.005999815003402105,gap assigned to next activity,Activity classified by event type and edit destination; original commands omitted.,msg_0a17f49d6cbd7e7a016abb2850aba087d290fb33e7b0c0d805
Coordinator,01a0eb15-2920-7902-9583-64ec8223a4a9,2026-09-29T02:54:08.666000+00:00,2026-09-29T02:54:09.759000+00:00,Communication and follow-up,1.0930022613241217,event,Activity classified by event type and edit destination; original commands omitted.,msg_0a17f49d6cbd7e7a016abb2850aba087d290fb33e7b0c0d805
Coordinator,01a0eb15-2920-7902-9583-64ec8223a4a9,2026-09-29T02:54:09.759000+00:00,2026-09-29T02:54:15.735000+00:00,Analysis,5.976011246996793,gap assigned to next activity,Activity classified by event type and edit destination; original commands omitted.,exec-04571bd6-3479-4ca5-9791-fc8326024aaf
Coordinator,01a0eb15-2920-7902-9583-64ec8223a4a9,2026-09-29T02:54:15.735000+00:00,2026-09-29T02:54:16.041000+00:00,Analysis,0.3060005787729567,event,Activity classified by event type and edit destination; original commands omitted.,exec-04571bd6-3479-4ca5-9791-fc8326024aaf
Coordinator,01a0eb15-2920-7902-9583-64ec8223a4a9,2026-09-29T02:54:16.041000+00:00,2026-09-29T02:54:16.070000+00:00,Environment and operational integration,0.029000099262420625,event,Activity classified by event type and edit destination; original commands omitted.,exec-c6f32b75-7a87-4024-a8ac-eaa67ce2a41f
Coordinator,01a0eb15-2920-7902-9583-64ec8223a4a9,2026-09-29T02:54:16.070000+00:00,2026-09-29T02:54:16.231000+00:00,Analysis,0.16100032087988808,gap assigned to next activity,Activity classified by event type and edit destination; original commands omitted.,exec-391a17ef-7f3e-462f-9436-20e60b7abc58
Coordinator,01a0eb15-2920-7902-9583-64ec8223a4a9,2026-09-29T02:54:16.231000+00:00,2026-09-29T02:54:16.486000+00:00,Analysis,0.2550006015203145,event,Activity classified by event type and edit destination; original commands omitted.,exec-391a17ef-7f3e-462f-9436-20e60b7abc58
Coordinator,01a0eb15-2920-7902-9583-64ec8223a4a9,2026-09-29T02:54:16.486000+00:00,2026-09-29T02:54:18.579000+00:00,Analysis,2.0930039330195105,gap assigned to next activity,Activity classified by event type and edit destination; original commands omitted.,rs_0a17f49d6cbd7e7a016abb285a7f4087d29e87a598228011d7
Coordinator,01a0eb15-2920-7902-9583-64ec8223a4a9,2026-09-29T02:54:18.579000+00:00,2026-09-29T02:54:29.938000+00:00,Analysis,11.359021664564745,event,Activity classified by event type and edit destination; original commands omitted.,rs_0a17f49d6cbd7e7a016abb285a7f4087d29e87a598228011d7
Coordinator,01a0eb15-2920-7902-9583-64ec8223a4a9,2026-09-29T02:54:29.938000+00:00,2026-09-29T02:54:35.414000+00:00,Analysis,5.476010530358616,gap assigned to next activity,Activity classified by event type and edit destination; original commands omitted.,exec-863b90e3-3b76-427a-b466-bef99984931d
Coordinator,01a0eb15-2920-7902-9583-64ec8223a4a9,2026-09-29T02:54:35.414000+00:00,2026-09-29T02:54:35.425000+00:00,Analysis,0.010999938995110786,event,Activity classified by event type and edit destination; original commands omitted.,exec-863b90e3-3b76-427a-b466-bef99984931d
Coordinator,01a0eb15-2920-7902-9583-64ec8223a4a9,2026-09-29T02:54:35.425000+00:00,2026-09-29T02:54:35.435000+00:00,Analysis,0.010000009564382852,event,Activity classified by event type and edit destination; original commands omitted.,exec-45a78e7b-2e4f-437b-8c44-13e579c6b3b5
Coordinator,01a0eb15-2920-7902-9583-64ec8223a4a9,2026-09-29T02:54:35.435000+00:00,2026-09-29T02:54:35.719000+00:00,Analysis,0.28400070078273515,event,Activity classified by event type and edit destination; original commands omitted.,exec-87478023-730c-450e-af19-460728577252
Coordinator,01a0eb15-2920-7902-9583-64ec8223a4a9,2026-09-29T02:54:35.719000+00:00,2026-09-29T02:54:35.722000+00:00,Analysis,0.002999788292183798,event,Activity classified by event type and edit destination; original commands omitted.,exec-87478023-730c-450e-af19-460728577252
Coordinator,01a0eb15-2920-7902-9583-64ec8223a4a9,2026-09-29T02:54:35.722000+00:00,2026-09-29T02:54:35.727000+00:00,Analysis,0.005000123991708681,event,Activity classified by event type and edit destination; original commands omitted.,exec-87478023-730c-450e-af19-460728577252
Coordinator,01a0eb15-2920-7902-9583-64ec8223a4a9,2026-09-29T02:54:35.727000+00:00,2026-09-29T02:54:40.461000+00:00,Analysis,4.734009010056691,gap assigned to next activity,Activity classified by event type and edit destination; original commands omitted.,rs_0a17f49d6cbd7e7a016abb2870782887d28da20844059c0021
Coordinator,01a0eb15-2920-7902-9583-64ec8223a4a9,2026-09-29T02:54:40.461000+00:00,2026-09-29T02:54:55.568000+00:00,Analysis,15.107028968632378,event,Activity classified by event type and edit destination; original commands omitted.,rs_0a17f49d6cbd7e7a016abb2870782887d28da20844059c0021
Coordinator,01a0eb15-2920-7902-9583-64ec8223a4a9,2026-09-29T02:54:55.568000+00:00,2026-09-29T02:54:55.573000+00:00,Communication and follow-up,0.004999885572674172,gap assigned to next activity,Activity classified by event type and edit destination; original commands omitted.,msg_0a17f49d6cbd7e7a016abb287f948887d2b53fad23ed3b4bc6
Coordinator,01a0eb15-2920-7902-9583-64ec8223a4a9,2026-09-29T02:54:55.573000+00:00,2026-09-29T02:54:58.019000+00:00,Communication and follow-up,2.446004771322198,event,Activity classified by event type and edit destination; original commands omitted.,msg_0a17f49d6cbd7e7a016abb287f948887d2b53fad23ed3b4bc6
Coordinator,01a0eb15-2920-7902-9583-64ec8223a4a9,2026-09-29T02:54:58.019000+00:00,2026-09-29T02:55:05.778000+00:00,Analysis,7.759014883520435,gap assigned to next activity,Activity classified by event type and edit destination; original commands omitted.,exec-761d03c2-d6d7-4fd9-9bc0-87609766cce8
Coordinator,01a0eb15-2920-7902-9583-64ec8223a4a9,2026-09-29T02:55:05.778000+00:00,2026-09-29T02:55:05.788000+00:00,Analysis,0.010000009564382852,event,Activity classified by event type and edit destination; original commands omitted.,exec-761d03c2-d6d7-4fd9-9bc0-87609766cce8
Coordinator,01a0eb15-2920-7902-9583-64ec8223a4a9,2026-09-29T02:55:05.788000+00:00,2026-09-29T02:55:05.799000+00:00,Analysis,0.010999938995110786,event,Activity classified by event type and edit destination; original commands omitted.,exec-0dacba46-805a-40be-a819-d3837517114b
Coordinator,01a0eb15-2920-7902-9583-64ec8223a4a9,2026-09-29T02:55:05.799000+00:00,2026-09-29T02:55:05.810000+00:00,Analysis,0.010999938995110786,event,Activity classified by event type and edit destination; original commands omitted.,exec-d2854b75-636a-44be-ad75-ddb071be915e
Coordinator,01a0eb15-2920-7902-9583-64ec8223a4a9,2026-09-29T02:55:05.810000+00:00,2026-09-29T02:55:06.109000+00:00,Analysis,0.29900059591979217,event,Activity classified by event type and edit destination; original commands omitted.,exec-d2854b75-636a-44be-ad75-ddb071be915e
Coordinator,01a0eb15-2920-7902-9583-64ec8223a4a9,2026-09-29T02:55:06.109000+00:00,2026-09-29T02:55:06.119000+00:00,Analysis,0.010000009564382852,event,Activity classified by event type and edit destination; original commands omitted.,exec-d2854b75-636a-44be-ad75-ddb071be915e
Coordinator,01a0eb15-2920-7902-9583-64ec8223a4a9,2026-09-29T02:55:06.119000+00:00,2026-09-29T02:55:06.135000+00:00,Analysis,0.016000062986819465,event,Activity classified by event type and edit destination; original commands omitted.,exec-d5f2df55-0354-463d-a009-df9815045ca2
Coordinator,01a0eb15-2920-7902-9583-64ec8223a4a9,2026-09-29T02:55:06.135000+00:00,2026-09-29T02:55:09.372000+00:00,Analysis,3.2370061715962746,gap assigned to next activity,Activity classified by event type and edit destination; original commands omitted.,rs_0a17f49d6cbd7e7a016abb288d452087d2890827508b2e5bbe
Coordinator,01a0eb15-2920-7902-9583-64ec8223a4a9,2026-09-29T02:55:09.372000+00:00,2026-09-29T02:55:29.848000+00:00,Analysis,20.476039182074967,event,Activity classified by event type and edit destination; original commands omitted.,rs_0a17f49d6cbd7e7a016abb288d452087d2890827508b2e5bbe
Coordinator,01a0eb15-2920-7902-9583-64ec8223a4a9,2026-09-29T02:55:29.848000+00:00,2026-09-29T02:55:31.030000+00:00,Analysis,1.182002179553805,gap assigned to next activity,Activity classified by event type and edit destination; original commands omitted.,exec-20be76a9-9c2f-4418-823e-f64fb90bd95d
Coordinator,01a0eb15-2920-7902-9583-64ec8223a4a9,2026-09-29T02:55:31.030000+00:00,2026-09-29T02:55:31.296000+00:00,Analysis,0.26600054051542527,event,Activity classified by event type and edit destination; original commands omitted.,exec-20be76a9-9c2f-4418-823e-f64fb90bd95d
Coordinator,01a0eb15-2920-7902-9583-64ec8223a4a9,2026-09-29T02:55:31.296000+00:00,2026-09-29T02:55:37.438000+00:00,Analysis,6.14201169186839,gap assigned to next activity,Activity classified by event type and edit destination; original commands omitted.,rs_0a17f49d6cbd7e7a016abb28a9720087d2a5fdf65498fa202a
Coordinator,01a0eb15-2920-7902-9583-64ec8223a4a9,2026-09-29T02:55:37.438000+00:00,2026-09-29T02:55:38.100000+00:00,Analysis,0.6620012053678277,event,Activity classified by event type and edit destination; original commands omitted.,rs_0a17f49d6cbd7e7a016abb28a9720087d2a5fdf65498fa202a
Coordinator,01a0eb15-2920-7902-9583-64ec8223a4a9,2026-09-29T02:55:38.100000+00:00,2026-09-29T02:55:41.888000+00:00,Analysis,3.788007342325163,gap assigned to next activity,Activity classified by event type and edit destination; original commands omitted.,exec-9f28730e-b156-4a8b-a53f-9730dfdc1915
Coordinator,01a0eb15-2920-7902-9583-64ec8223a4a9,2026-09-29T02:55:41.888000+00:00,2026-09-29T02:55:42.142000+00:00,Analysis,0.2540004336705521,event,Activity classified by event type and edit destination; original commands omitted.,exec-9f28730e-b156-4a8b-a53f-9730dfdc1915
Coordinator,01a0eb15-2920-7902-9583-64ec8223a4a9,2026-09-29T02:55:42.142000+00:00,2026-09-29T02:55:57.920000+00:00,Analysis,15.77803025413386,gap assigned to next activity,Activity classified by event type and edit destination; original commands omitted.,rs_0a17f49d6cbd7e7a016abb28bded8c87d2943fee199186f058
Coordinator,01a0eb15-2920-7902-9583-64ec8223a4a9,2026-09-29T02:55:57.920000+00:00,2026-09-29T02:56:17.197000+00:00,Analysis,19.27703677168458,event,Activity classified by event type and edit destination; original commands omitted.,rs_0a17f49d6cbd7e7a016abb28bded8c87d2943fee199186f058
Coordinator,01a0eb15-2920-7902-9583-64ec8223a4a9,2026-09-29T02:56:17.197000+00:00,2026-09-29T02:56:17.199000+00:00,Communication and follow-up,0.0019998588614558656,gap assigned to next activity,Activity classified by event type and edit destination; original commands omitted.,msg_0a17f49d6cbd7e7a016abb28d133f887d2a1293710e3a3ae17
Coordinator,01a0eb15-2920-7902-9583-64ec8223a4a9,2026-09-29T02:56:17.199000+00:00,2026-09-29T02:56:19.335000+00:00,Communication and follow-up,2.136004236407295,event,Activity classified by event type and edit destination; original commands omitted.,msg_0a17f49d6cbd7e7a016abb28d133f887d2a1293710e3a3ae17
Coordinator,01a0eb15-2920-7902-9583-64ec8223a4a9,2026-09-29T02:56:19.335000+00:00,2026-09-29T03:00:21.528000+00:00,Documentation,242.19346269454397,gap assigned to next activity,Activity classified by event type and edit destination; original commands omitted.,exec-35b18f3d-2efc-4892-bc14-4b7ce2c4bf13
Coordinator,01a0eb15-2920-7902-9583-64ec8223a4a9,2026-09-29T03:00:21.528000+00:00,2026-09-29T03:00:21.838000+00:00,Documentation,0.3100005349149029,event,Activity classified by event type and edit destination; original commands omitted.,exec-35b18f3d-2efc-4892-bc14-4b7ce2c4bf13
Coordinator,01a0eb15-2920-7902-9583-64ec8223a4a9,2026-09-29T03:00:21.838000+00:00,2026-09-29T03:00:27.635000+00:00,Analysis,5.79701100426863,gap assigned to next activity,Activity classified by event type and edit destination; original commands omitted.,rs_0a17f49d6cbd7e7a016abb29cb93bc87d28d63d3d52adc9720
Coordinator,01a0eb15-2920-7902-9583-64ec8223a4a9,2026-09-29T03:00:27.635000+00:00,2026-09-29T03:00:48.395000+00:00,Analysis,20.760039644438667,event,Activity classified by event type and edit destination; original commands omitted.,rs_0a17f49d6cbd7e7a016abb29cb93bc87d28d63d3d52adc9720
Coordinator,01a0eb15-2920-7902-9583-64ec8223a4a9,2026-09-29T03:00:48.395000+00:00,2026-09-29T03:00:48.399000+00:00,Analysis,0.003999956141946239,gap assigned to next activity,Activity classified by event type and edit destination; original commands omitted.,rs_0a17f49d6cbd7e7a016abb29e0667087d29ab1437061ddbfdc
Coordinator,01a0eb15-2920-7902-9583-64ec8223a4a9,2026-09-29T03:00:48.399000+00:00,2026-09-29T03:01:10.281000+00:00,Analysis,21.882041766606175,event,Activity classified by event type and edit destination; original commands omitted.,rs_0a17f49d6cbd7e7a016abb29e0667087d29ab1437061ddbfdc
Coordinator,01a0eb15-2920-7902-9583-64ec8223a4a9,2026-09-29T03:01:10.281000+00:00,2026-09-29T03:01:10.286000+00:00,Analysis,0.005000123991708681,gap assigned to next activity,Activity classified by event type and edit destination; original commands omitted.,rs_0a17f49d6cbd7e7a016abb29f6492887d294e30137833c7e2f
Coordinator,01a0eb15-2920-7902-9583-64ec8223a4a9,2026-09-29T03:01:10.286000+00:00,2026-09-29T03:01:32.459000+00:00,Analysis,22.173042450242075,event,Activity classified by event type and edit destination; original commands omitted.,rs_0a17f49d6cbd7e7a016abb29f6492887d294e30137833c7e2f
Coordinator,01a0eb15-2920-7902-9583-64ec8223a4a9,2026-09-29T03:01:32.459000+00:00,2026-09-29T03:01:39.557000+00:00,Analysis,7.098013369164301,gap assigned to next activity,Activity classified by event type and edit destination; original commands omitted.,exec-22135b5d-2069-4f86-927b-d45f7006d591
Coordinator,01a0eb15-2920-7902-9583-64ec8223a4a9,2026-09-29T03:01:39.557000+00:00,2026-09-29T03:01:39.565000+00:00,Analysis,0.008000150702926987,event,Activity classified by event type and edit destination; original commands omitted.,exec-22135b5d-2069-4f86-927b-d45f7006d591
Coordinator,01a0eb15-2920-7902-9583-64ec8223a4a9,2026-09-29T03:01:39.565000+00:00,2026-09-29T03:01:39.574000+00:00,Analysis,0.008999841714620411,event,Activity classified by event type and edit destination; original commands omitted.,exec-a47ca824-4fea-4d2c-8b6c-3c74a86f9949
Coordinator,01a0eb15-2920-7902-9583-64ec8223a4a9,2026-09-29T03:01:39.574000+00:00,2026-09-29T03:01:39.862000+00:00,Analysis,0.28800065692468135,event,Activity classified by event type and edit destination; original commands omitted.,exec-770d2e60-78a6-4bc7-bd75-7aef3ff29bef
Coordinator,01a0eb15-2920-7902-9583-64ec8223a4a9,2026-09-29T03:01:39.862000+00:00,2026-09-29T03:01:39.863000+00:00,Analysis,0.0009999294307279328,event,Activity classified by event type and edit destination; original commands omitted.,exec-770d2e60-78a6-4bc7-bd75-7aef3ff29bef
Coordinator,01a0eb15-2920-7902-9583-64ec8223a4a9,2026-09-29T03:01:39.863000+00:00,2026-09-29T03:01:39.869000+00:00,Analysis,0.0060000534224366135,event,Activity classified by event type and edit destination; original commands omitted.,exec-770d2e60-78a6-4bc7-bd75-7aef3ff29bef
Coordinator,01a0eb15-2920-7902-9583-64ec8223a4a9,2026-09-29T03:01:39.869000+00:00,2026-09-29T03:01:43.368000+00:00,Analysis,3.4990067559697535,gap assigned to next activity,Activity classified by event type and edit destination; original commands omitted.,rs_0a17f49d6cbd7e7a016abb2a17601087d29013e00b3ea09917
Coordinator,01a0eb15-2920-7902-9583-64ec8223a4a9,2026-09-29T03:01:43.368000+00:00,2026-09-29T03:02:03.102000+00:00,Analysis,19.73403766177304,event,Activity classified by event type and edit destination; original commands omitted.,rs_0a17f49d6cbd7e7a016abb2a17601087d29013e00b3ea09917
Coordinator,01a0eb15-2920-7902-9583-64ec8223a4a9,2026-09-29T03:02:03.102000+00:00,2026-09-29T03:02:03.108000+00:00,Analysis,0.0060000534224366135,gap assigned to next activity,Activity classified by event type and edit destination; original commands omitted.,rs_0a17f49d6cbd7e7a016abb2a2b1c0887d2a2c7a05548054f3e
Coordinator,01a0eb15-2920-7902-9583-64ec8223a4a9,2026-09-29T03:02:03.108000+00:00,2026-09-29T03:02:25.879000+00:00,Analysis,22.771043403662624,event,Activity classified by event type and edit destination; original commands omitted.,rs_0a17f49d6cbd7e7a016abb2a2b1c0887d2a2c7a05548054f3e
Coordinator,01a0eb15-2920-7902-9583-64ec8223a4a9,2026-09-29T03:02:25.879000+00:00,2026-09-29T03:02:25.883000+00:00,Analysis,0.003999956141946239,gap assigned to next activity,Activity classified by event type and edit destination; original commands omitted.,rs_0a17f49d6cbd7e7a016abb2a41de9887d2b4f3595adaedd988
Coordinator,01a0eb15-2920-7902-9583-64ec8223a4a9,2026-09-29T03:02:25.883000+00:00,2026-09-29T03:02:50.306000+00:00,Analysis,24.423046747999525,event,Activity classified by event type and edit destination; original commands omitted.,rs_0a17f49d6cbd7e7a016abb2a41de9887d2b4f3595adaedd988
Coordinator,01a0eb15-2920-7902-9583-64ec8223a4a9,2026-09-29T03:02:50.306000+00:00,2026-09-29T03:02:50.311000+00:00,Analysis,0.005000123991708681,gap assigned to next activity,Activity classified by event type and edit destination; original commands omitted.,rs_0a17f49d6cbd7e7a016abb2a5a4f7887d299f179941ca910b2
Coordinator,01a0eb15-2920-7902-9583-64ec8223a4a9,2026-09-29T03:02:50.311000+00:00,2026-09-29T03:02:55.136000+00:00,Analysis,4.825009025566865,event,Activity classified by event type and edit destination; original commands omitted.,rs_0a17f49d6cbd7e7a016abb2a5a4f7887d299f179941ca910b2
Coordinator,01a0eb15-2920-7902-9583-64ec8223a4a9,2026-09-29T03:02:55.136000+00:00,2026-09-29T03:02:59.908000+00:00,Analysis,4.772009189452767,gap assigned to next activity,Activity classified by event type and edit destination; original commands omitted.,exec-42aad389-12d4-4e05-a504-b62df267734d
Coordinator,01a0eb15-2920-7902-9583-64ec8223a4a9,2026-09-29T03:02:59.908000+00:00,2026-09-29T03:02:59.919000+00:00,Analysis,0.010999938995110786,event,Activity classified by event type and edit destination; original commands omitted.,exec-42aad389-12d4-4e05-a504-b62df267734d
Coordinator,01a0eb15-2920-7902-9583-64ec8223a4a9,2026-09-29T03:02:59.919000+00:00,2026-09-29T03:03:00.199000+00:00,Analysis,0.2800005062217544,event,Activity classified by event type and edit destination; original commands omitted.,exec-133b771e-48cf-45a0-82de-58fa864f51b4
Coordinator,01a0eb15-2920-7902-9583-64ec8223a4a9,2026-09-29T03:03:00.199000+00:00,2026-09-29T03:03:00.201000+00:00,Analysis,0.0020000972804903737,event,Activity classified by event type and edit destination; original commands omitted.,exec-42aad389-12d4-4e05-a504-b62df267734d
Coordinator,01a0eb15-2920-7902-9583-64ec8223a4a9,2026-09-29T03:03:00.201000+00:00,2026-09-29T03:03:03.161000+00:00,Analysis,2.9600056920857383,gap assigned to next activity,Activity classified by event type and edit destination; original commands omitted.,rs_0a17f49d6cbd7e7a016abb2a672a0087d28a880f15d6908a3f
Coordinator,01a0eb15-2920-7902-9583-64ec8223a4a9,2026-09-29T03:03:03.161000+00:00,2026-09-29T03:03:25.804000+00:00,Analysis,22.643043138187103,event,Activity classified by event type and edit destination; original commands omitted.,rs_0a17f49d6cbd7e7a016abb2a672a0087d28a880f15d6908a3f
Coordinator,01a0eb15-2920-7902-9583-64ec8223a4a9,2026-09-29T03:03:25.804000+00:00,2026-09-29T03:03:25.810000+00:00,Analysis,0.0060000534224366135,gap assigned to next activity,Activity classified by event type and edit destination; original commands omitted.,rs_0a17f49d6cbd7e7a016abb2a7dcd3c87d289459e93ba8ec099
Coordinator,01a0eb15-2920-7902-9583-64ec8223a4a9,2026-09-29T03:03:25.810000+00:00,2026-09-29T03:03:46.289000+00:00,Analysis,20.479039208786183,event,Activity classified by event type and edit destination; original commands omitted.,rs_0a17f49d6cbd7e7a016abb2a7dcd3c87d289459e93ba8ec099
Coordinator,01a0eb15-2920-7902-9583-64ec8223a4a9,2026-09-29T03:03:46.289000+00:00,2026-09-29T03:03:46.294000+00:00,Analysis,0.004999885572674172,gap assigned to next activity,Activity classified by event type and edit destination; original commands omitted.,rs_0a17f49d6cbd7e7a016abb2a9249c487d28b2c5459e89ccbe4
Coordinator,01a0eb15-2920-7902-9583-64ec8223a4a9,2026-09-29T03:03:46.294000+00:00,2026-09-29T03:04:04.228000+00:00,Analysis,17.934034271250887,event,Activity classified by event type and edit destination; original commands omitted.,rs_0a17f49d6cbd7e7a016abb2a9249c487d28b2c5459e89ccbe4
Coordinator,01a0eb15-2920-7902-9583-64ec8223a4a9,2026-09-29T03:04:04.228000+00:00,2026-09-29T03:04:04.231000+00:00,Analysis,0.0030000267112183067,gap assigned to next activity,Activity classified by event type and edit destination; original commands omitted.,rs_0a17f49d6cbd7e7a016abb2aa43c1487d2a6a80b8d577e3d3b
Coordinator,01a0eb15-2920-7902-9583-64ec8223a4a9,2026-09-29T03:04:04.231000+00:00,2026-09-29T03:04:23.345000+00:00,Analysis,19.114036591943236,event,Activity classified by event type and edit destination; original commands omitted.,rs_0a17f49d6cbd7e7a016abb2aa43c1487d2a6a80b8d577e3d3b
Coordinator,01a0eb15-2920-7902-9583-64ec8223a4a9,2026-09-29T03:04:23.345000+00:00,2026-09-29T03:04:23.351000+00:00,Analysis,0.0060000534224366135,gap assigned to next activity,Activity classified by event type and edit destination; original commands omitted.,rs_0a17f49d6cbd7e7a016abb2ab7585887d2800945c82d08bc2e
Coordinator,01a0eb15-2920-7902-9583-64ec8223a4a9,2026-09-29T03:04:23.351000+00:00,2026-09-29T03:04:25.620000+00:00,Analysis,2.269004149036456,event,Activity classified by event type and edit destination; original commands omitted.,rs_0a17f49d6cbd7e7a016abb2ab7585887d2800945c82d08bc2e
Coordinator,01a0eb15-2920-7902-9583-64ec8223a4a9,2026-09-29T03:04:25.620000+00:00,2026-09-29T03:04:27.585000+00:00,Analysis,1.9650039059630238,gap assigned to next activity,Activity classified by event type and edit destination; original commands omitted.,exec-bb84522e-ec86-41e4-801b-fb8f67286e5d
Coordinator,01a0eb15-2920-7902-9583-64ec8223a4a9,2026-09-29T03:04:27.585000+00:00,2026-09-29T03:04:27.848000+00:00,Analysis,0.26300051380420697,event,Activity classified by event type and edit destination; original commands omitted.,exec-bb84522e-ec86-41e4-801b-fb8f67286e5d
Coordinator,01a0eb15-2920-7902-9583-64ec8223a4a9,2026-09-29T03:04:27.848000+00:00,2026-09-29T03:04:31.862000+00:00,Analysis,4.014007606164022,gap assigned to next activity,Activity classified by event type and edit destination; original commands omitted.,rs_0a17f49d6cbd7e7a016abb2abfc8f487d2980293ba17b197c2
Coordinator,01a0eb15-2920-7902-9583-64ec8223a4a9,2026-09-29T03:04:31.862000+00:00,2026-09-29T03:04:33.241000+00:00,Analysis,1.3790025825492782,event,Activity classified by event type and edit destination; original commands omitted.,rs_0a17f49d6cbd7e7a016abb2abfc8f487d2980293ba17b197c2
Coordinator,01a0eb15-2920-7902-9583-64ec8223a4a9,2026-09-29T03:04:33.241000+00:00,2026-09-29T03:04:36.275000+00:00,Analysis,3.0340059535973993,gap assigned to next activity,Activity classified by event type and edit destination; original commands omitted.,exec-541673a6-4736-4a6a-a648-41a8f7c95ff7
Coordinator,01a0eb15-2920-7902-9583-64ec8223a4a9,2026-09-29T03:04:36.275000+00:00,2026-09-29T03:04:36.542000+00:00,Analysis,0.26700046994615323,event,Activity classified by event type and edit destination; original commands omitted.,exec-541673a6-4736-4a6a-a648-41a8f7c95ff7
Coordinator,01a0eb15-2920-7902-9583-64ec8223a4a9,2026-09-29T03:04:36.542000+00:00,2026-09-29T03:04:39.274000+00:00,Analysis,2.7320050925473542,gap assigned to next activity,Activity classified by event type and edit destination; original commands omitted.,rs_0a17f49d6cbd7e7a016abb2ac747a087d29e0760f7aa78d77a
Coordinator,01a0eb15-2920-7902-9583-64ec8223a4a9,2026-09-29T03:04:39.274000+00:00,2026-09-29T03:05:00.049000+00:00,Analysis,20.775039777994756,event,Activity classified by event type and edit destination; original commands omitted.,rs_0a17f49d6cbd7e7a016abb2ac747a087d29e0760f7aa78d77a
Coordinator,01a0eb15-2920-7902-9583-64ec8223a4a9,2026-09-29T03:05:00.049000+00:00,2026-09-29T03:05:00.053000+00:00,Analysis,0.003999956141946239,gap assigned to next activity,Activity classified by event type and edit destination; original commands omitted.,rs_0a17f49d6cbd7e7a016abb2adc0e0887d29e0ac642e18a60c1
Coordinator,01a0eb15-2920-7902-9583-64ec8223a4a9,2026-09-29T03:05:00.053000+00:00,2026-09-29T03:05:07.188000+00:00,Analysis,7.135013619129649,event,Activity classified by event type and edit destination; original commands omitted.,rs_0a17f49d6cbd7e7a016abb2adc0e0887d29e0ac642e18a60c1
Coordinator,01a0eb15-2920-7902-9583-64ec8223a4a9,2026-09-29T03:05:07.188000+00:00,2026-09-29T03:05:09.645000+00:00,Analysis,2.4570047103173085,gap assigned to next activity,Activity classified by event type and edit destination; original commands omitted.,exec-ca87408c-5410-4815-949f-cd9ba61fb1f9
Coordinator,01a0eb15-2920-7902-9583-64ec8223a4a9,2026-09-29T03:05:09.645000+00:00,2026-09-29T03:05:09.916000+00:00,Analysis,0.2710004260880995,event,Activity classified by event type and edit destination; original commands omitted.,exec-ca87408c-5410-4815-949f-cd9ba61fb1f9
Coordinator,01a0eb15-2920-7902-9583-64ec8223a4a9,2026-09-29T03:05:09.916000+00:00,2026-09-29T03:05:14.152000+00:00,Analysis,4.23600815227997,gap assigned to next activity,Activity classified by event type and edit destination; original commands omitted.,rs_0a17f49d6cbd7e7a016abb2aea284487d28e11ebe44c9cf00a
Coordinator,01a0eb15-2920-7902-9583-64ec8223a4a9,2026-09-29T03:05:14.152000+00:00,2026-09-29T03:05:35.894000+00:00,Analysis,21.742041632704815,event,Activity classified by event type and edit destination; original commands omitted.,rs_0a17f49d6cbd7e7a016abb2aea284487d28e11ebe44c9cf00a
Coordinator,01a0eb15-2920-7902-9583-64ec8223a4a9,2026-09-29T03:05:35.894000+00:00,2026-09-29T03:05:35.897000+00:00,Analysis,0.0030000267112183067,gap assigned to next activity,Activity classified by event type and edit destination; original commands omitted.,rs_0a17f49d6cbd7e7a016abb2affdff087d29c4130a72978a41d
Coordinator,01a0eb15-2920-7902-9583-64ec8223a4a9,2026-09-29T03:05:35.897000+00:00,2026-09-29T03:05:55.276000+00:00,Analysis,19.379036964608897,event,Activity classified by event type and edit destination; original commands omitted.,rs_0a17f49d6cbd7e7a016abb2affdff087d29c4130a72978a41d
Coordinator,01a0eb15-2920-7902-9583-64ec8223a4a9,2026-09-29T03:05:55.276000+00:00,2026-09-29T03:05:55.281000+00:00,Communication and follow-up,0.004999885572674172,gap assigned to next activity,Activity classified by event type and edit destination; original commands omitted.,msg_0a17f49d6cbd7e7a016abb2b13461c87d2928a1887ff2d5568
Coordinator,01a0eb15-2920-7902-9583-64ec8223a4a9,2026-09-29T03:05:55.281000+00:00,2026-09-29T03:05:57.553000+00:00,Communication and follow-up,2.2720044141667084,event,Activity classified by event type and edit destination; original commands omitted.,msg_0a17f49d6cbd7e7a016abb2b13461c87d2928a1887ff2d5568
Coordinator,01a0eb15-2920-7902-9583-64ec8223a4a9,2026-09-29T03:05:57.553000+00:00,2026-09-29T03:09:01.263000+00:00,Documentation,183.71035094526775,gap assigned to next activity,Activity classified by event type and edit destination; original commands omitted.,exec-fc539e7c-4895-4f02-bfb1-a1ac4b39093e
Coordinator,01a0eb15-2920-7902-9583-64ec8223a4a9,2026-09-29T03:09:01.263000+00:00,2026-09-29T03:09:01.359000+00:00,Documentation,0.09600013950188228,event,Activity classified by event type and edit destination; original commands omitted.,exec-fc539e7c-4895-4f02-bfb1-a1ac4b39093e
Coordinator,01a0eb15-2920-7902-9583-64ec8223a4a9,2026-09-29T03:09:01.359000+00:00,2026-09-29T03:09:06.737000+00:00,Analysis,5.378010293576244,gap assigned to next activity,Activity classified by event type and edit destination; original commands omitted.,rs_0a17f49d6cbd7e7a016abb2bd2bb8887d2ba570e3abfe927bc
Coordinator,01a0eb15-2920-7902-9583-64ec8223a4a9,2026-09-29T03:09:06.737000+00:00,2026-09-29T03:09:27.916000+00:00,Analysis,21.179040355131054,event,Activity classified by event type and edit destination; original commands omitted.,rs_0a17f49d6cbd7e7a016abb2bd2bb8887d2ba570e3abfe927bc
Coordinator,01a0eb15-2920-7902-9583-64ec8223a4a9,2026-09-29T03:09:27.916000+00:00,2026-09-29T03:09:27.921000+00:00,Analysis,0.005000123991708681,gap assigned to next activity,Activity classified by event type and edit destination; original commands omitted.,rs_0a17f49d6cbd7e7a016abb2be7caac87d29ccbedd921a5ca1d
Coordinator,01a0eb15-2920-7902-9583-64ec8223a4a9,2026-09-29T03:09:27.921000+00:00,2026-09-29T03:09:51.088000+00:00,Analysis,23.16704430693406,event,Activity classified by event type and edit destination; original commands omitted.,rs_0a17f49d6cbd7e7a016abb2be7caac87d29ccbedd921a5ca1d
Coordinator,01a0eb15-2920-7902-9583-64ec8223a4a9,2026-09-29T03:09:51.088000+00:00,2026-09-29T03:10:36.112000+00:00,Documentation,45.02408593041976,gap assigned to next activity,Activity classified by event type and edit destination; original commands omitted.,exec-af79e1ab-409c-4732-989b-e054f722ff63
Coordinator,01a0eb15-2920-7902-9583-64ec8223a4a9,2026-09-29T03:10:36.112000+00:00,2026-09-29T03:10:36.396000+00:00,Documentation,0.28400046236370063,event,Activity classified by event type and edit destination; original commands omitted.,exec-af79e1ab-409c-4732-989b-e054f722ff63
Coordinator,01a0eb15-2920-7902-9583-64ec8223a4a9,2026-09-29T03:10:36.396000+00:00,2026-09-29T03:10:39.611000+00:00,Analysis,3.215006293606053,gap assigned to next activity,Activity classified by event type and edit destination; original commands omitted.,rs_0a17f49d6cbd7e7a016abb2c2f99b887d2a2d53d2b61917478
Coordinator,01a0eb15-2920-7902-9583-64ec8223a4a9,2026-09-29T03:10:39.611000+00:00,2026-09-29T03:11:05.248000+00:00,Analysis,25.637048815107935,event,Activity classified by event type and edit destination; original commands omitted.,rs_0a17f49d6cbd7e7a016abb2c2f99b887d2a2d53d2b61917478
Coordinator,01a0eb15-2920-7902-9583-64ec8223a4a9,2026-09-29T03:11:05.248000+00:00,2026-09-29T03:11:05.254000+00:00,Analysis,0.0060000534224366135,gap assigned to next activity,Activity classified by event type and edit destination; original commands omitted.,rs_0a17f49d6cbd7e7a016abb2c493f5487d2b5a4aac4ab56b756
Coordinator,01a0eb15-2920-7902-9583-64ec8223a4a9,2026-09-29T03:11:05.254000+00:00,2026-09-29T03:11:32.046000+00:00,Analysis,26.792051231098846,event,Activity classified by event type and edit destination; original commands omitted.,rs_0a17f49d6cbd7e7a016abb2c493f5487d2b5a4aac4ab56b756
Coordinator,01a0eb15-2920-7902-9583-64ec8223a4a9,2026-09-29T03:11:32.046000+00:00,2026-09-29T03:11:51.782000+00:00,Documentation,19.73603775905353,gap assigned to next activity,Activity classified by event type and edit destination; original commands omitted.,exec-695b317c-61cb-4a2f-8ad2-06bcabf772c5
Coordinator,01a0eb15-2920-7902-9583-64ec8223a4a9,2026-09-29T03:11:51.782000+00:00,2026-09-29T03:11:51.850000+00:00,Documentation,0.06799996967018959,event,Activity classified by event type and edit destination; original commands omitted.,exec-695b317c-61cb-4a2f-8ad2-06bcabf772c5
Coordinator,01a0eb15-2920-7902-9583-64ec8223a4a9,2026-09-29T03:11:51.850000+00:00,2026-09-29T03:11:52.012000+00:00,Analysis,0.16200048872965053,gap assigned to next activity,Activity classified by event type and edit destination; original commands omitted.,exec-62bf1084-e6de-4ade-8925-bc838a7e37f4
Coordinator,01a0eb15-2920-7902-9583-64ec8223a4a9,2026-09-29T03:11:52.012000+00:00,2026-09-29T03:11:52.298000+00:00,Analysis,0.286000559644191,event,Activity classified by event type and edit destination; original commands omitted.,exec-62bf1084-e6de-4ade-8925-bc838a7e37f4
Coordinator,01a0eb15-2920-7902-9583-64ec8223a4a9,2026-09-29T03:11:52.298000+00:00,2026-09-29T03:11:56.369000+00:00,Analysis,4.071007636839101,gap assigned to next activity,Activity classified by event type and edit destination; original commands omitted.,rs_0a17f49d6cbd7e7a016abb2c7c5d9087d283505c37a71bc76a
Coordinator,01a0eb15-2920-7902-9583-64ec8223a4a9,2026-09-29T03:11:56.369000+00:00,2026-09-29T03:12:17.255000+00:00,Analysis,20.88604005105273,event,Activity classified by event type and edit destination; original commands omitted.,rs_0a17f49d6cbd7e7a016abb2c7c5d9087d283505c37a71bc76a
Coordinator,01a0eb15-2920-7902-9583-64ec8223a4a9,2026-09-29T03:12:17.255000+00:00,2026-09-29T03:12:17.259000+00:00,Analysis,0.003999956141946239,gap assigned to next activity,Activity classified by event type and edit destination; original commands omitted.,rs_0a17f49d6cbd7e7a016abb2c91409887d288571cbc3a598117
Coordinator,01a0eb15-2920-7902-9583-64ec8223a4a9,2026-09-29T03:12:17.259000+00:00,2026-09-29T03:12:42.227000+00:00,Analysis,24.968047626886943,event,Activity classified by event type and edit destination; original commands omitted.,rs_0a17f49d6cbd7e7a016abb2c91409887d288571cbc3a598117
Coordinator,01a0eb15-2920-7902-9583-64ec8223a4a9,2026-09-29T03:12:42.227000+00:00,2026-09-29T03:13:02.048000+00:00,Implementation,19.821037959560304,gap assigned to next activity,Activity classified by event type and edit destination; original commands omitted.,exec-ecb0db06-7e36-41dd-ba43-3dc58d61cde8
Coordinator,01a0eb15-2920-7902-9583-64ec8223a4a9,2026-09-29T03:13:02.048000+00:00,2026-09-29T03:13:02.282000+00:00,Implementation,0.23400041454178636,event,Activity classified by event type and edit destination; original commands omitted.,exec-ecb0db06-7e36-41dd-ba43-3dc58d61cde8
Coordinator,01a0eb15-2920-7902-9583-64ec8223a4a9,2026-09-29T03:13:02.282000+00:00,2026-09-29T03:13:02.445000+00:00,Environment and operational integration,0.16300017974134395,gap assigned to next activity,Activity classified by event type and edit destination; original commands omitted.,exec-afb03d65-7c22-4573-b2dd-dc1e5953beea
Coordinator,01a0eb15-2920-7902-9583-64ec8223a4a9,2026-09-29T03:13:02.445000+00:00,2026-09-29T03:13:02.687000+00:00,Environment and operational integration,0.24200056524471333,event,Activity classified by event type and edit destination; original commands omitted.,exec-afb03d65-7c22-4573-b2dd-dc1e5953beea
Coordinator,01a0eb15-2920-7902-9583-64ec8223a4a9,2026-09-29T03:13:02.687000+00:00,2026-09-29T03:13:05.714000+00:00,Analysis,3.0270057323252,gap assigned to next activity,Activity classified by event type and edit destination; original commands omitted.,rs_0a17f49d6cbd7e7a016abb2cc1b53887d29dc5ce5c74f40b2d
Coordinator,01a0eb15-2920-7902-9583-64ec8223a4a9,2026-09-29T03:13:05.714000+00:00,2026-09-29T03:13:27.289000+00:00,Analysis,21.57504125840249,event,Activity classified by event type and edit destination; original commands omitted.,rs_0a17f49d6cbd7e7a016abb2cc1b53887d29dc5ce5c74f40b2d
Coordinator,01a0eb15-2920-7902-9583-64ec8223a4a9,2026-09-29T03:13:27.289000+00:00,2026-09-29T03:13:27.294000+00:00,Analysis,0.004999885572674172,gap assigned to next activity,Activity classified by event type and edit destination; original commands omitted.,rs_0a17f49d6cbd7e7a016abb2cd7490887d2b4eec02140d91a82
Coordinator,01a0eb15-2920-7902-9583-64ec8223a4a9,2026-09-29T03:13:27.294000+00:00,2026-09-29T03:13:50.221000+00:00,Analysis,22.927043838969837,event,Activity classified by event type and edit destination; original commands omitted.,rs_0a17f49d6cbd7e7a016abb2cd7490887d2b4eec02140d91a82
Coordinator,01a0eb15-2920-7902-9583-64ec8223a4a9,2026-09-29T03:13:50.221000+00:00,2026-09-29T03:13:50.224000+00:00,Communication and follow-up,0.0030000267112183067,gap assigned to next activity,Activity classified by event type and edit destination; original commands omitted.,msg_0a17f49d6cbd7e7a016abb2cee36c887d2948105f772d6aae2
Coordinator,01a0eb15-2920-7902-9583-64ec8223a4a9,2026-09-29T03:13:50.224000+00:00,2026-09-29T03:13:51.902000+00:00,Communication and follow-up,1.6780031784690703,event,Activity classified by event type and edit destination; original commands omitted.,msg_0a17f49d6cbd7e7a016abb2cee36c887d2948105f772d6aae2
Coordinator,01a0eb15-2920-7902-9583-64ec8223a4a9,2026-09-29T03:13:51.902000+00:00,2026-09-29T03:14:04.482000+00:00,Communication and follow-up,12.580024191364389,gap assigned to next activity,Activity classified by event type and edit destination; original commands omitted.,call_tV9IkeceV6bgVNiSOPwriaxp
Coordinator,01a0eb15-2920-7902-9583-64ec8223a4a9,2026-09-29T03:14:04.482000+00:00,2026-09-29T03:14:20.812000+00:00,Communication and follow-up,16.33003111587444,gap assigned to next activity,Activity classified by event type and edit destination; original commands omitted.,call_ZiZEJ2zvju4u8g89ODaNQ7aD
Coordinator,01a0eb15-2920-7902-9583-64ec8223a4a9,2026-09-29T03:14:20.812000+00:00,2026-09-29T03:14:34.993000+00:00,Communication and follow-up,14.18102708161058,gap assigned to next activity,Activity classified by event type and edit destination; original commands omitted.,call_Q0qUMIPwpknfi3RPOqauXKcc
Coordinator,01a0eb15-2920-7902-9583-64ec8223a4a9,2026-09-29T03:14:34.993000+00:00,2026-09-29T03:14:49.983000+00:00,Analysis,14.990028642151966,gap assigned to next activity,Activity classified by event type and edit destination; original commands omitted.,rs_0a17f49d6cbd7e7a016abb2d29f64087d2b14d05c928f126d3
Coordinator,01a0eb15-2920-7902-9583-64ec8223a4a9,2026-09-29T03:14:49.983000+00:00,2026-09-29T03:14:55.053000+00:00,Analysis,5.070009617522796,event,Activity classified by event type and edit destination; original commands omitted.,rs_0a17f49d6cbd7e7a016abb2d29f64087d2b14d05c928f126d3
Coordinator,01a0eb15-2920-7902-9583-64ec8223a4a9,2026-09-29T03:14:55.053000+00:00,2026-09-29T03:15:08.576000+00:00,Analysis,13.523025832384699,gap assigned to next activity,Activity classified by event type and edit destination; original commands omitted.,exec-90c1ef36-a084-4fce-9fbf-3d10dc285898
Coordinator,01a0eb15-2920-7902-9583-64ec8223a4a9,2026-09-29T03:15:08.576000+00:00,2026-09-29T03:15:08.811000+00:00,Analysis,0.2350005823915488,event,Activity classified by event type and edit destination; original commands omitted.,exec-90c1ef36-a084-4fce-9fbf-3d10dc285898
Coordinator,01a0eb15-2920-7902-9583-64ec8223a4a9,2026-09-29T03:15:08.811000+00:00,2026-09-29T03:15:08.974000+00:00,Analysis,0.16300017974134395,gap assigned to next activity,Activity classified by event type and edit destination; original commands omitted.,exec-ea9c7748-c0c7-406b-b6ec-ac863f25a61e
Coordinator,01a0eb15-2920-7902-9583-64ec8223a4a9,2026-09-29T03:15:08.974000+00:00,2026-09-29T03:15:09.231000+00:00,Analysis,0.2570004603817704,event,Activity classified by event type and edit destination; original commands omitted.,exec-ea9c7748-c0c7-406b-b6ec-ac863f25a61e
Coordinator,01a0eb15-2920-7902-9583-64ec8223a4a9,2026-09-29T03:15:09.231000+00:00,2026-09-29T03:15:14.368000+00:00,Analysis,5.137009896181293,gap assigned to next activity,Activity classified by event type and edit destination; original commands omitted.,rs_0a17f49d6cbd7e7a016abb2d425d3087d2a70ccb6f2bbfe3dd
Coordinator,01a0eb15-2920-7902-9583-64ec8223a4a9,2026-09-29T03:15:14.368000+00:00,2026-09-29T03:15:34.434000+00:00,Analysis,20.0660383130972,event,Activity classified by event type and edit destination; original commands omitted.,rs_0a17f49d6cbd7e7a016abb2d425d3087d2a70ccb6f2bbfe3dd
Coordinator,01a0eb15-2920-7902-9583-64ec8223a4a9,2026-09-29T03:15:34.434000+00:00,2026-09-29T03:15:37.196000+00:00,Analysis,2.762005359659537,gap assigned to next activity,Activity classified by event type and edit destination; original commands omitted.,rs_0a17f49d6cbd7e7a016abb2d5930f487d2bdfc09e3051ea756
Coordinator,01a0eb15-2920-7902-9583-64ec8223a4a9,2026-09-29T03:15:37.196000+00:00,2026-09-29T03:15:39.001000+00:00,Analysis,1.8050032760948291,event,Activity classified by event type and edit destination; original commands omitted.,rs_0a17f49d6cbd7e7a016abb2d5930f487d2bdfc09e3051ea756
Coordinator,01a0eb15-2920-7902-9583-64ec8223a4a9,2026-09-29T03:15:39.001000+00:00,2026-09-29T03:15:45.274000+00:00,Analysis,6.273011984055129,gap assigned to next activity,Activity classified by event type and edit destination; original commands omitted.,exec-82c0b347-947a-4181-b784-8789101cde4f
Coordinator,01a0eb15-2920-7902-9583-64ec8223a4a9,2026-09-29T03:15:45.274000+00:00,2026-09-29T03:15:45.283000+00:00,Analysis,0.00900008013365492,event,Activity classified by event type and edit destination; original commands omitted.,exec-82c0b347-947a-4181-b784-8789101cde4f
Coordinator,01a0eb15-2920-7902-9583-64ec8223a4a9,2026-09-29T03:15:45.283000+00:00,2026-09-29T03:15:45.534000+00:00,Analysis,0.25100040695933373,event,Activity classified by event type and edit destination; original commands omitted.,exec-29bdb8ad-53fd-4525-a81d-77758c236822
Coordinator,01a0eb15-2920-7902-9583-64ec8223a4a9,2026-09-29T03:15:45.534000+00:00,2026-09-29T03:15:45.541000+00:00,Analysis,0.006999982853164546,event,Activity classified by event type and edit destination; original commands omitted.,exec-29bdb8ad-53fd-4525-a81d-77758c236822
Coordinator,01a0eb15-2920-7902-9583-64ec8223a4a9,2026-09-29T03:15:45.541000+00:00,2026-09-29T03:15:47.887000+00:00,Analysis,2.346004675678369,gap assigned to next activity,Activity classified by event type and edit destination; original commands omitted.,rs_0a17f49d6cbd7e7a016abb2d63d83887d2b612ffd12cf8931a
Coordinator,01a0eb15-2920-7902-9583-64ec8223a4a9,2026-09-29T03:15:47.887000+00:00,2026-09-29T03:16:10.411000+00:00,Analysis,22.524042952845235,event,Activity classified by event type and edit destination; original commands omitted.,rs_0a17f49d6cbd7e7a016abb2d63d83887d2b612ffd12cf8931a
Coordinator,01a0eb15-2920-7902-9583-64ec8223a4a9,2026-09-29T03:16:10.411000+00:00,2026-09-29T03:16:14.355000+00:00,Analysis,3.9440075392133425,gap assigned to next activity,Activity classified by event type and edit destination; original commands omitted.,rs_0a17f49d6cbd7e7a016abb2d7e591c87d2b88901555220b05b
Coordinator,01a0eb15-2920-7902-9583-64ec8223a4a9,2026-09-29T03:16:14.355000+00:00,2026-09-29T03:16:34.498000+00:00,Analysis,20.143038362901045,event,Activity classified by event type and edit destination; original commands omitted.,rs_0a17f49d6cbd7e7a016abb2d7e591c87d2b88901555220b05b
Coordinator,01a0eb15-2920-7902-9583-64ec8223a4a9,2026-09-29T03:16:34.498000+00:00,2026-09-29T03:16:34.505000+00:00,Analysis,0.007000221272199054,gap assigned to next activity,Activity classified by event type and edit destination; original commands omitted.,rs_0a17f49d6cbd7e7a016abb2d927e7487d293c5de46819e8a0c
Coordinator,01a0eb15-2920-7902-9583-64ec8223a4a9,2026-09-29T03:16:34.505000+00:00,2026-09-29T03:16:44.682000+00:00,Analysis,10.177019246591906,event,Activity classified by event type and edit destination; original commands omitted.,rs_0a17f49d6cbd7e7a016abb2d927e7487d293c5de46819e8a0c
Coordinator,01a0eb15-2920-7902-9583-64ec8223a4a9,2026-09-29T03:16:44.682000+00:00,2026-09-29T03:16:49.440000+00:00,Communication and follow-up,4.758009223746438,gap assigned to next activity,Activity classified by event type and edit destination; original commands omitted.,call_1tvYBk5S9oNKKwEISp3srMt0
Coordinator,01a0eb15-2920-7902-9583-64ec8223a4a9,2026-09-29T03:16:49.440000+00:00,2026-09-29T03:16:59.536000+00:00,Communication and follow-up,10.096019240646115,gap assigned to next activity,Activity classified by event type and edit destination; original commands omitted.,call_ZJWAbYqgLfQidlJv60c32a7J
Coordinator,01a0eb15-2920-7902-9583-64ec8223a4a9,2026-09-29T03:16:59.536000+00:00,2026-09-29T03:17:07.654000+00:00,Communication and follow-up,8.118015536826524,gap assigned to next activity,Activity classified by event type and edit destination; original commands omitted.,call_S9kieEni6UiM0WDsucPuOOTG
Coordinator,01a0eb15-2920-7902-9583-64ec8223a4a9,2026-09-29T03:17:07.654000+00:00,2026-09-29T03:17:09.813000+00:00,Analysis,2.1590040438282445,gap assigned to next activity,Activity classified by event type and edit destination; original commands omitted.,rs_0a17f49d6cbd7e7a016abb2db5cf5087d2a9400ce3b19a250e
Coordinator,01a0eb15-2920-7902-9583-64ec8223a4a9,2026-09-29T03:17:09.813000+00:00,2026-09-29T03:17:31.423000+00:00,Analysis,21.610041411087348,event,Activity classified by event type and edit destination; original commands omitted.,rs_0a17f49d6cbd7e7a016abb2db5cf5087d2a9400ce3b19a250e
Coordinator,01a0eb15-2920-7902-9583-64ec8223a4a9,2026-09-29T03:17:31.423000+00:00,2026-09-29T03:17:41.836000+00:00,Analysis,10.413019758414183,gap assigned to next activity,Activity classified by event type and edit destination; original commands omitted.,exec-8c5001b9-e140-401c-bc73-9b0cb4b07eff
Coordinator,01a0eb15-2920-7902-9583-64ec8223a4a9,2026-09-29T03:17:41.836000+00:00,2026-09-29T03:17:42.073000+00:00,Analysis,0.23700044125300468,event,Activity classified by event type and edit destination; original commands omitted.,exec-8c5001b9-e140-401c-bc73-9b0cb4b07eff
Coordinator,01a0eb15-2920-7902-9583-64ec8223a4a9,2026-09-29T03:17:42.073000+00:00,2026-09-29T03:17:42.076000+00:00,Documentation,0.0030000267112183067,gap assigned to next activity,Activity classified by event type and edit destination; original commands omitted.,exec-ab369e9a-15ab-4bf6-ab03-ad9ffb4f0006
Coordinator,01a0eb15-2920-7902-9583-64ec8223a4a9,2026-09-29T03:17:42.076000+00:00,2026-09-29T03:17:42.111000+00:00,Documentation,0.03500015268485724,event,Activity classified by event type and edit destination; original commands omitted.,exec-ab369e9a-15ab-4bf6-ab03-ad9ffb4f0006
Coordinator,01a0eb15-2920-7902-9583-64ec8223a4a9,2026-09-29T03:17:42.111000+00:00,2026-09-29T03:17:51.130000+00:00,Environment and operational integration,9.019017280727848,gap assigned to next activity,Activity classified by event type and edit destination; original commands omitted.,exec-0a8fe724-df6d-49c7-aa8c-04cb478d3426
Coordinator,01a0eb15-2920-7902-9583-64ec8223a4a9,2026-09-29T03:17:51.130000+00:00,2026-09-29T03:17:51.707000+00:00,Environment and operational integration,0.5770010048610562,event,Activity classified by event type and edit destination; original commands omitted.,exec-0a8fe724-df6d-49c7-aa8c-04cb478d3426
Coordinator,01a0eb15-2920-7902-9583-64ec8223a4a9,2026-09-29T03:17:51.707000+00:00,2026-09-29T03:17:56.750000+00:00,Analysis,5.043009615540866,gap assigned to next activity,Activity classified by event type and edit destination; original commands omitted.,rs_0a17f49d6cbd7e7a016abb2de4becc87d285c762950da27435
Coordinator,01a0eb15-2920-7902-9583-64ec8223a4a9,2026-09-29T03:17:56.750000+00:00,2026-09-29T03:18:15.297000+00:00,Analysis,18.54703535822753,event,Activity classified by event type and edit destination; original commands omitted.,rs_0a17f49d6cbd7e7a016abb2de4becc87d285c762950da27435
Coordinator,01a0eb15-2920-7902-9583-64ec8223a4a9,2026-09-29T03:18:15.297000+00:00,2026-09-29T03:18:15.315000+00:00,Analysis,0.01800016026730984,gap assigned to next activity,Activity classified by event type and edit destination; original commands omitted.,rs_0a17f49d6cbd7e7a016abb2df74acc87d2bfe2ef35990b8b6e
Coordinator,01a0eb15-2920-7902-9583-64ec8223a4a9,2026-09-29T03:18:15.315000+00:00,2026-09-29T03:18:25.843000+00:00,Analysis,10.528019987614103,event,Activity classified by event type and edit destination; original commands omitted.,rs_0a17f49d6cbd7e7a016abb2df74acc87d2bfe2ef35990b8b6e
Coordinator,01a0eb15-2920-7902-9583-64ec8223a4a9,2026-09-29T03:18:25.843000+00:00,2026-09-29T03:18:25.850000+00:00,Communication and follow-up,0.006999982853164546,gap assigned to next activity,Activity classified by event type and edit destination; original commands omitted.,msg_0a17f49d6cbd7e7a016abb2e01d72487d28b54dd684708482a
Coordinator,01a0eb15-2920-7902-9583-64ec8223a4a9,2026-09-29T03:18:25.850000+00:00,2026-09-29T03:18:27.373000+00:00,Communication and follow-up,1.523002911011619,event,Activity classified by event type and edit destination; original commands omitted.,msg_0a17f49d6cbd7e7a016abb2e01d72487d28b54dd684708482a
Coordinator,01a0eb15-2920-7902-9583-64ec8223a4a9,2026-09-29T03:18:27.373000+00:00,2026-09-29T03:18:35.716000+00:00,Environment and operational integration,8.343016109653691,gap assigned to next activity,Activity classified by event type and edit destination; original commands omitted.,exec-66a84761-ae5c-4711-b390-d87ab26b37da
Coordinator,01a0eb15-2920-7902-9583-64ec8223a4a9,2026-09-29T03:18:35.716000+00:00,2026-09-29T03:18:36.262000+00:00,Environment and operational integration,0.5460010467371796,event,Activity classified by event type and edit destination; original commands omitted.,exec-66a84761-ae5c-4711-b390-d87ab26b37da
Coordinator,01a0eb15-2920-7902-9583-64ec8223a4a9,2026-09-29T03:18:36.262000+00:00,2026-09-29T03:18:38.554000+00:00,Analysis,2.29200419487644,gap assigned to next activity,Activity classified by event type and edit destination; original commands omitted.,rs_0a17f49d6cbd7e7a016abb2e0e8d1c87d294223760f71bed5b
Coordinator,01a0eb15-2920-7902-9583-64ec8223a4a9,2026-09-29T03:18:38.554000+00:00,2026-09-29T03:18:50.219000+00:00,Analysis,11.665022481756736,event,Activity classified by event type and edit destination; original commands omitted.,rs_0a17f49d6cbd7e7a016abb2e0e8d1c87d294223760f71bed5b
Coordinator,01a0eb15-2920-7902-9583-64ec8223a4a9,2026-09-29T03:18:50.219000+00:00,2026-09-29T03:18:56.731000+00:00,Environment and operational integration,6.51201228416959,gap assigned to next activity,Activity classified by event type and edit destination; original commands omitted.,exec-5e01df61-c8e9-495f-baef-49f7d9f812c5
Coordinator,01a0eb15-2920-7902-9583-64ec8223a4a9,2026-09-29T03:18:56.731000+00:00,2026-09-29T03:18:56.964000+00:00,Environment and operational integration,0.23300048511105842,event,Activity classified by event type and edit destination; original commands omitted.,exec-5e01df61-c8e9-495f-baef-49f7d9f812c5
Coordinator,01a0eb15-2920-7902-9583-64ec8223a4a9,2026-09-29T03:18:56.964000+00:00,2026-09-29T03:18:59.896000+00:00,Analysis,2.932005522254046,gap assigned to next activity,Activity classified by event type and edit destination; original commands omitted.,rs_0a17f49d6cbd7e7a016abb2e23e53c87d2b09834ed8706798a
Coordinator,01a0eb15-2920-7902-9583-64ec8223a4a9,2026-09-29T03:18:59.896000+00:00,2026-09-29T03:19:02.789000+00:00,Analysis,2.893005651846277,event,Activity classified by event type and edit destination; original commands omitted.,rs_0a17f49d6cbd7e7a016abb2e23e53c87d2b09834ed8706798a
Coordinator,01a0eb15-2920-7902-9583-64ec8223a4a9,2026-09-29T03:19:02.789000+00:00,2026-09-29T03:19:04.708000+00:00,Analysis,1.9190035758640214,gap assigned to next activity,Activity classified by event type and edit destination; original commands omitted.,exec-c1a9ebc6-3e69-467f-bc3d-165feeafa8c4
Coordinator,01a0eb15-2920-7902-9583-64ec8223a4a9,2026-09-29T03:19:04.708000+00:00,2026-09-29T03:19:04.968000+00:00,Analysis,0.2600004870929887,event,Activity classified by event type and edit destination; original commands omitted.,exec-c1a9ebc6-3e69-467f-bc3d-165feeafa8c4
Coordinator,01a0eb15-2920-7902-9583-64ec8223a4a9,2026-09-29T03:19:04.968000+00:00,2026-09-29T03:19:09.082000+00:00,Analysis,4.114007940226886,gap assigned to next activity,Activity classified by event type and edit destination; original commands omitted.,rs_0a17f49d6cbd7e7a016abb2e2d151087d2b7b32e04cb0f1e06
Coordinator,01a0eb15-2920-7902-9583-64ec8223a4a9,2026-09-29T03:19:09.082000+00:00,2026-09-29T03:19:10.183000+00:00,Analysis,1.1010021736080142,event,Activity classified by event type and edit destination; original commands omitted.,rs_0a17f49d6cbd7e7a016abb2e2d151087d2b7b32e04cb0f1e06
Coordinator,01a0eb15-2920-7902-9583-64ec8223a4a9,2026-09-29T03:19:10.183000+00:00,2026-09-29T03:19:11.358000+00:00,Environment and operational integration,1.1750021967006405,gap assigned to next activity,Activity classified by event type and edit destination; original commands omitted.,exec-62d2a684-e8e3-40cf-841b-ec440c7b34b4
Coordinator,01a0eb15-2920-7902-9583-64ec8223a4a9,2026-09-29T03:19:11.358000+00:00,2026-09-29T03:19:11.402000+00:00,Environment and operational integration,0.04399999439947765,event,Activity classified by event type and edit destination; original commands omitted.,exec-62d2a684-e8e3-40cf-841b-ec440c7b34b4
Coordinator,01a0eb15-2920-7902-9583-64ec8223a4a9,2026-09-29T03:19:11.402000+00:00,2026-09-29T03:19:18.861000+00:00,Analysis,7.459014358169916,gap assigned to next activity,Activity classified by event type and edit destination; original commands omitted.,rs_0a17f49d6cbd7e7a016abb2e36d47c87d2ac30760f49c9968e
Coordinator,01a0eb15-2920-7902-9583-64ec8223a4a9,2026-09-29T03:19:18.861000+00:00,2026-09-29T03:19:20.342000+00:00,Analysis,1.4810027754735973,event,Activity classified by event type and edit destination; original commands omitted.,rs_0a17f49d6cbd7e7a016abb2e36d47c87d2ac30760f49c9968e
Coordinator,01a0eb15-2920-7902-9583-64ec8223a4a9,2026-09-29T03:19:20.342000+00:00,2026-09-29T03:19:23.479000+00:00,Analysis,3.137006075952446,gap assigned to next activity,Activity classified by event type and edit destination; original commands omitted.,exec-c6748d0e-7db1-4982-a88a-b7ca7d537f7f
Coordinator,01a0eb15-2920-7902-9583-64ec8223a4a9,2026-09-29T03:19:23.479000+00:00,2026-09-29T03:19:23.776000+00:00,Analysis,0.2970004986393018,event,Activity classified by event type and edit destination; original commands omitted.,exec-c6748d0e-7db1-4982-a88a-b7ca7d537f7f
Coordinator,01a0eb15-2920-7902-9583-64ec8223a4a9,2026-09-29T03:19:23.776000+00:00,2026-09-29T03:19:25.765000+00:00,Analysis,1.9890038812337358,gap assigned to next activity,Activity classified by event type and edit destination; original commands omitted.,rs_0a17f49d6cbd7e7a016abb2e3dc34887d2bdf4acdd3858a407
Coordinator,01a0eb15-2920-7902-9583-64ec8223a4a9,2026-09-29T03:19:25.765000+00:00,2026-09-29T03:19:42.482000+00:00,Analysis,16.717031939012223,event,Activity classified by event type and edit destination; original commands omitted.,rs_0a17f49d6cbd7e7a016abb2e3dc34887d2bdf4acdd3858a407
Coordinator,01a0eb15-2920-7902-9583-64ec8223a4a9,2026-09-29T03:19:42.482000+00:00,2026-09-29T03:19:44.850000+00:00,Environment and operational integration,2.3680043152495562,gap assigned to next activity,Activity classified by event type and edit destination; original commands omitted.,exec-87420665-a5c3-4609-8d69-facb108c3b3b
Coordinator,01a0eb15-2920-7902-9583-64ec8223a4a9,2026-09-29T03:19:44.850000+00:00,2026-09-29T03:19:45.522000+00:00,Environment and operational integration,0.6720014533512451,event,Activity classified by event type and edit destination; original commands omitted.,exec-87420665-a5c3-4609-8d69-facb108c3b3b
Coordinator,01a0eb15-2920-7902-9583-64ec8223a4a9,2026-09-29T03:19:45.522000+00:00,2026-09-29T03:19:47.378000+00:00,Analysis,1.8560034917665058,gap assigned to next activity,Activity classified by event type and edit destination; original commands omitted.,rs_0a17f49d6cbd7e7a016abb2e5360bc87d2aa5239b2c49af613
Coordinator,01a0eb15-2920-7902-9583-64ec8223a4a9,2026-09-29T03:19:47.378000+00:00,2026-09-29T03:20:04.836000+00:00,Analysis,17.458033291464385,event,Activity classified by event type and edit destination; original commands omitted.,rs_0a17f49d6cbd7e7a016abb2e5360bc87d2aa5239b2c49af613
Coordinator,01a0eb15-2920-7902-9583-64ec8223a4a9,2026-09-29T03:20:04.836000+00:00,2026-09-29T03:20:20.986000+00:00,Environment and operational integration,16.15003094371555,gap assigned to next activity,Activity classified by event type and edit destination; original commands omitted.,exec-39202295-3a86-4264-a2d6-b2a46d13c9be
Coordinator,01a0eb15-2920-7902-9583-64ec8223a4a9,2026-09-29T03:20:20.986000+00:00,2026-09-29T03:20:21.244000+00:00,Environment and operational integration,0.2580003898124983,event,Activity classified by event type and edit destination; original commands omitted.,exec-39202295-3a86-4264-a2d6-b2a46d13c9be
Coordinator,01a0eb15-2920-7902-9583-64ec8223a4a9,2026-09-29T03:20:21.244000+00:00,2026-09-29T03:20:24.279000+00:00,Analysis,3.035005883028127,gap assigned to next activity,Activity classified by event type and edit destination; original commands omitted.,rs_0a17f49d6cbd7e7a016abb2e78475087d2b4ee53d07717f2c5
Coordinator,01a0eb15-2920-7902-9583-64ec8223a4a9,2026-09-29T03:20:24.279000+00:00,2026-09-29T03:20:39.999000+00:00,Analysis,15.72003005560902,event,Activity classified by event type and edit destination; original commands omitted.,rs_0a17f49d6cbd7e7a016abb2e78475087d2b4ee53d07717f2c5
Coordinator,01a0eb15-2920-7902-9583-64ec8223a4a9,2026-09-29T03:20:39.999000+00:00,2026-09-29T03:20:43.367000+00:00,Analysis,3.368006463783014,gap assigned to next activity,Activity classified by event type and edit destination; original commands omitted.,rs_0a17f49d6cbd7e7a016abb2e8b5c3487d29681c3d16c1a5f8c
Coordinator,01a0eb15-2920-7902-9583-64ec8223a4a9,2026-09-29T03:20:43.367000+00:00,2026-09-29T03:20:50.318000+00:00,Analysis,6.951013252409777,event,Activity classified by event type and edit destination; original commands omitted.,rs_0a17f49d6cbd7e7a016abb2e8b5c3487d29681c3d16c1a5f8c
Coordinator,01a0eb15-2920-7902-9583-64ec8223a4a9,2026-09-29T03:20:50.318000+00:00,2026-09-29T03:20:53.567000+00:00,Communication and follow-up,3.2490060400221132,gap assigned to next activity,Activity classified by event type and edit destination; original commands omitted.,call_HgwESlMSQZqj6m8OSQ5cxYAW
Coordinator,01a0eb15-2920-7902-9583-64ec8223a4a9,2026-09-29T03:20:53.567000+00:00,2026-09-29T03:21:01.814000+00:00,Communication and follow-up,8.247015731732773,gap assigned to next activity,Activity classified by event type and edit destination; original commands omitted.,call_Qhb8ZvPPcWQAsFxAb4V6aBrQ
Coordinator,01a0eb15-2920-7902-9583-64ec8223a4a9,2026-09-29T03:21:01.814000+00:00,2026-09-29T03:21:06.262000+00:00,Analysis,4.448008688831535,gap assigned to next activity,Activity classified by event type and edit destination; original commands omitted.,rs_0a17f49d6cbd7e7a016abb2ea241c887d2aaaaf50928611b3b
Coordinator,01a0eb15-2920-7902-9583-64ec8223a4a9,2026-09-29T03:21:06.262000+00:00,2026-09-29T03:21:23.206000+00:00,Analysis,16.944032370700846,event,Activity classified by event type and edit destination; original commands omitted.,rs_0a17f49d6cbd7e7a016abb2ea241c887d2aaaaf50928611b3b
Coordinator,01a0eb15-2920-7902-9583-64ec8223a4a9,2026-09-29T03:21:23.206000+00:00,2026-09-29T03:21:26.717000+00:00,Analysis,3.511006624395592,gap assigned to next activity,Activity classified by event type and edit destination; original commands omitted.,rs_0a17f49d6cbd7e7a016abb2eb6b52087d2a070b94d957f236c
Coordinator,01a0eb15-2920-7902-9583-64ec8223a4a9,2026-09-29T03:21:26.717000+00:00,2026-09-29T03:21:47.365000+00:00,Analysis,20.648039441949965,event,Activity classified by event type and edit destination; original commands omitted.,rs_0a17f49d6cbd7e7a016abb2eb6b52087d2a070b94d957f236c
Coordinator,01a0eb15-2920-7902-9583-64ec8223a4a9,2026-09-29T03:21:47.365000+00:00,2026-09-29T03:21:51.989000+00:00,Communication and follow-up,4.62400890484848,gap assigned to next activity,Activity classified by event type and edit destination; original commands omitted.,call_nmcqoseh8vAAYMW3kAPn5CxX
Coordinator,01a0eb15-2920-7902-9583-64ec8223a4a9,2026-09-29T03:21:51.989000+00:00,2026-09-29T03:22:22.544000+00:00,Analysis,30.5550581918845,gap assigned to next activity,Activity classified by event type and edit destination; original commands omitted.,rs_0a17f49d6cbd7e7a016abb2eee8a4087d29cb8c4e5cdf82fba
Coordinator,01a0eb15-2920-7902-9583-64ec8223a4a9,2026-09-29T03:22:22.544000+00:00,2026-09-29T03:22:25.399000+00:00,Analysis,2.8550054724502014,event,Activity classified by event type and edit destination; original commands omitted.,rs_0a17f49d6cbd7e7a016abb2eee8a4087d29cb8c4e5cdf82fba
Coordinator,01a0eb15-2920-7902-9583-64ec8223a4a9,2026-09-29T03:22:25.399000+00:00,2026-09-29T03:22:46.956000+00:00,Documentation,21.557041336554214,gap assigned to next activity,Activity classified by event type and edit destination; original commands omitted.,exec-afffa22f-7d74-4bfd-b86e-c19a639b662a
Coordinator,01a0eb15-2920-7902-9583-64ec8223a4a9,2026-09-29T03:22:46.956000+00:00,2026-09-29T03:22:47.044000+00:00,Documentation,0.0879999887989553,event,Activity classified by event type and edit destination; original commands omitted.,exec-afffa22f-7d74-4bfd-b86e-c19a639b662a
Coordinator,01a0eb15-2920-7902-9583-64ec8223a4a9,2026-09-29T03:22:47.044000+00:00,2026-09-29T03:22:47.208000+00:00,Analysis,0.16400034759110638,gap assigned to next activity,Activity classified by event type and edit destination; original commands omitted.,exec-faefc34d-39ec-4b7b-8455-8ca3875e202f
Coordinator,01a0eb15-2920-7902-9583-64ec8223a4a9,2026-09-29T03:22:47.208000+00:00,2026-09-29T03:22:47.473000+00:00,Analysis,0.26500061108469736,event,Activity classified by event type and edit destination; original commands omitted.,exec-faefc34d-39ec-4b7b-8455-8ca3875e202f
Coordinator,01a0eb15-2920-7902-9583-64ec8223a4a9,2026-09-29T03:22:47.473000+00:00,2026-09-29T03:22:49.371000+00:00,Analysis,1.8980036273045278,gap assigned to next activity,Activity classified by event type and edit destination; original commands omitted.,rs_0a17f49d6cbd7e7a016abb2f095dec87d2a07f2f48c10f7eac
Coordinator,01a0eb15-2920-7902-9583-64ec8223a4a9,2026-09-29T03:22:49.371000+00:00,2026-09-29T03:23:09.424000+00:00,Analysis,20.0530382768216,event,Activity classified by event type and edit destination; original commands omitted.,rs_0a17f49d6cbd7e7a016abb2f095dec87d2a07f2f48c10f7eac
Coordinator,01a0eb15-2920-7902-9583-64ec8223a4a9,2026-09-29T03:23:09.424000+00:00,2026-09-29T03:23:11.135000+00:00,Analysis,1.7110032338734373,gap assigned to next activity,Activity classified by event type and edit destination; original commands omitted.,exec-4c57eb7c-4612-40a9-90d5-87885f6f36a5
Coordinator,01a0eb15-2920-7902-9583-64ec8223a4a9,2026-09-29T03:23:11.135000+00:00,2026-09-29T03:23:11.532000+00:00,Analysis,0.3970008327021648,event,Activity classified by event type and edit destination; original commands omitted.,exec-4c57eb7c-4612-40a9-90d5-87885f6f36a5
Coordinator,01a0eb15-2920-7902-9583-64ec8223a4a9,2026-09-29T03:23:11.532000+00:00,2026-09-29T03:23:13.830000+00:00,Analysis,2.2980042482988763,gap assigned to next activity,Activity classified by event type and edit destination; original commands omitted.,rs_0a17f49d6cbd7e7a016abb2f21d37887d2af4f7436c9e9d52c
Coordinator,01a0eb15-2920-7902-9583-64ec8223a4a9,2026-09-29T03:23:13.830000+00:00,2026-09-29T03:23:38.551000+00:00,Analysis,24.72104741448859,event,Activity classified by event type and edit destination; original commands omitted.,rs_0a17f49d6cbd7e7a016abb2f21d37887d2af4f7436c9e9d52c
Coordinator,01a0eb15-2920-7902-9583-64ec8223a4a9,2026-09-29T03:23:38.551000+00:00,2026-09-29T03:23:40.989000+00:00,Communication and follow-up,2.438004620619271,gap assigned to next activity,Activity classified by event type and edit destination; original commands omitted.,call_njcaZvzRgHOphZPUNmBTJlUP
Coordinator,01a0eb15-2920-7902-9583-64ec8223a4a9,2026-09-29T03:23:40.989000+00:00,2026-09-29T03:23:43.895000+00:00,Analysis,2.9060054497028434,gap assigned to next activity,Activity classified by event type and edit destination; original commands omitted.,rs_0a17f49d6cbd7e7a016abb2f3fe3b887d2bd5dc55f47ea2438
Coordinator,01a0eb15-2920-7902-9583-64ec8223a4a9,2026-09-29T03:23:43.895000+00:00,2026-09-29T03:23:57.816000+00:00,Analysis,13.921026594517592,event,Activity classified by event type and edit destination; original commands omitted.,rs_0a17f49d6cbd7e7a016abb2f3fe3b887d2bd5dc55f47ea2438
Coordinator,01a0eb15-2920-7902-9583-64ec8223a4a9,2026-09-29T03:23:57.816000+00:00,2026-09-29T03:23:57.862000+00:00,Communication and follow-up,0.046000091679968026,gap assigned to next activity,Activity classified by event type and edit destination; original commands omitted.,call_mA6ZiBrGunfrW4gIMmofXt1i
Coordinator,01a0eb15-2920-7902-9583-64ec8223a4a9,2026-09-29T03:23:57.862000+00:00,2026-09-29T03:24:01.032000+00:00,Communication and follow-up,3.170006131356813,event,Activity classified by event type and edit destination; original commands omitted.,call_mA6ZiBrGunfrW4gIMmofXt1i
Coordinator,01a0eb15-2920-7902-9583-64ec8223a4a9,2026-09-29T03:24:01.032000+00:00,2026-09-29T03:24:11.134000+00:00,Environment and operational integration,10.102019294068551,gap assigned to next activity,Activity classified by event type and edit destination; original commands omitted.,exec-dce9c811-ec78-43a7-9de9-c82b6d4c05a6
Coordinator,01a0eb15-2920-7902-9583-64ec8223a4a9,2026-09-29T03:24:11.134000+00:00,2026-09-29T03:24:11.868000+00:00,Environment and operational integration,0.734001369598998,event,Activity classified by event type and edit destination; original commands omitted.,exec-dce9c811-ec78-43a7-9de9-c82b6d4c05a6
Coordinator,01a0eb15-2920-7902-9583-64ec8223a4a9,2026-09-29T03:24:11.868000+00:00,2026-09-29T03:24:13.774000+00:00,Analysis,1.9060035395884203,gap assigned to next activity,Activity classified by event type and edit destination; original commands omitted.,rs_0a17f49d6cbd7e7a016abb2f5dc4a887d2bdfe91d062ad55fe
Coordinator,01a0eb15-2920-7902-9583-64ec8223a4a9,2026-09-29T03:24:13.774000+00:00,2026-09-29T03:24:27.103000+00:00,Analysis,13.329025456100444,event,Activity classified by event type and edit destination; original commands omitted.,rs_0a17f49d6cbd7e7a016abb2f5dc4a887d2bdfe91d062ad55fe
Coordinator,01a0eb15-2920-7902-9583-64ec8223a4a9,2026-09-29T03:24:27.103000+00:00,2026-09-29T03:24:32.527000+00:00,Environment and operational integration,5.424010385256212,gap assigned to next activity,Activity classified by event type and edit destination; original commands omitted.,exec-e5b48daa-2b82-41ec-ae0a-6dea9e75b14c
Coordinator,01a0eb15-2920-7902-9583-64ec8223a4a9,2026-09-29T03:24:32.527000+00:00,2026-09-29T03:24:33.213000+00:00,Environment and operational integration,0.6860014190575742,event,Activity classified by event type and edit destination; original commands omitted.,exec-e5b48daa-2b82-41ec-ae0a-6dea9e75b14c
Coordinator,01a0eb15-2920-7902-9583-64ec8223a4a9,2026-09-29T03:24:33.213000+00:00,2026-09-29T03:24:37.199000+00:00,Analysis,3.9860074363323297,gap assigned to next activity,Activity classified by event type and edit destination; original commands omitted.,rs_0a17f49d6cbd7e7a016abb2f75317c87d296d6819d99ba9d0a
Coordinator,01a0eb15-2920-7902-9583-64ec8223a4a9,2026-09-29T03:24:37.199000+00:00,2026-09-29T03:24:51.238000+00:00,Analysis,14.03902685042873,event,Activity classified by event type and edit destination; original commands omitted.,rs_0a17f49d6cbd7e7a016abb2f75317c87d296d6819d99ba9d0a
Coordinator,01a0eb15-2920-7902-9583-64ec8223a4a9,2026-09-29T03:24:51.238000+00:00,2026-09-29T03:24:55.706000+00:00,Analysis,4.4680087079603,gap assigned to next activity,Activity classified by event type and edit destination; original commands omitted.,rs_0a17f49d6cbd7e7a016abb2f87b41087d2909ec394f726801e
Coordinator,01a0eb15-2920-7902-9583-64ec8223a4a9,2026-09-29T03:24:55.706000+00:00,2026-09-29T03:25:19.125000+00:00,Analysis,23.41904464332412,event,Activity classified by event type and edit destination; original commands omitted.,rs_0a17f49d6cbd7e7a016abb2f87b41087d2909ec394f726801e
Coordinator,01a0eb15-2920-7902-9583-64ec8223a4a9,2026-09-29T03:25:19.125000+00:00,2026-09-29T03:25:20.594000+00:00,Communication and follow-up,1.4690029070477584,gap assigned to next activity,Activity classified by event type and edit destination; original commands omitted.,call_r5ZmuYD9vCpfspL1RfDnn6ak
Coordinator,01a0eb15-2920-7902-9583-64ec8223a4a9,2026-09-29T03:25:20.594000+00:00,2026-09-29T03:25:27.319000+00:00,Communication and follow-up,6.725012750151883,gap assigned to next activity,Activity classified by event type and edit destination; original commands omitted.,call_g1fhcmfIRJyGRoglKa0XgXgH
Coordinator,01a0eb15-2920-7902-9583-64ec8223a4a9,2026-09-29T03:25:27.319000+00:00,2026-09-29T03:25:31.290000+00:00,Analysis,3.9710075411952728,gap assigned to next activity,Activity classified by event type and edit destination; original commands omitted.,rs_0a17f49d6cbd7e7a016abb2fab497487d2826ef49ea93f1cc7
Coordinator,01a0eb15-2920-7902-9583-64ec8223a4a9,2026-09-29T03:25:31.290000+00:00,2026-09-29T03:25:46.937000+00:00,Analysis,15.647029961947121,event,Activity classified by event type and edit destination; original commands omitted.,rs_0a17f49d6cbd7e7a016abb2fab497487d2826ef49ea93f1cc7
Coordinator,01a0eb15-2920-7902-9583-64ec8223a4a9,2026-09-29T03:25:46.937000+00:00,2026-09-29T03:25:48.271000+00:00,Analysis,1.3340024203000382,gap assigned to next activity,Activity classified by event type and edit destination; original commands omitted.,exec-d1aefae4-c16e-422b-9f31-7fa85fb2e422
Coordinator,01a0eb15-2920-7902-9583-64ec8223a4a9,2026-09-29T03:25:48.271000+00:00,2026-09-29T03:25:48.519000+00:00,Analysis,0.24800061866714995,event,Activity classified by event type and edit destination; original commands omitted.,exec-d1aefae4-c16e-422b-9f31-7fa85fb2e422
Coordinator,01a0eb15-2920-7902-9583-64ec8223a4a9,2026-09-29T03:25:48.519000+00:00,2026-09-29T03:25:54.493000+00:00,Analysis,5.974011388135337,gap assigned to next activity,Activity classified by event type and edit destination; original commands omitted.,rs_0a17f49d6cbd7e7a016abb2fc27cf487d29ea9b6b0929da692
Coordinator,01a0eb15-2920-7902-9583-64ec8223a4a9,2026-09-29T03:25:54.493000+00:00,2026-09-29T03:25:56.788000+00:00,Analysis,2.2950044600066923,event,Activity classified by event type and edit destination; original commands omitted.,rs_0a17f49d6cbd7e7a016abb2fc27cf487d29ea9b6b0929da692
Coordinator,01a0eb15-2920-7902-9583-64ec8223a4a9,2026-09-29T03:25:56.788000+00:00,2026-09-29T03:26:02.661000+00:00,Analysis,5.873011124641747,gap assigned to next activity,Activity classified by event type and edit destination; original commands omitted.,rs_0a17f49d6cbd7e7a016abb2fcaa68087d2b86afa0360c4218d
Coordinator,01a0eb15-2920-7902-9583-64ec8223a4a9,2026-09-29T03:26:02.661000+00:00,2026-09-29T03:26:25.135000+00:00,Analysis,22.47404290502332,event,Activity classified by event type and edit destination; original commands omitted.,rs_0a17f49d6cbd7e7a016abb2fcaa68087d2b86afa0360c4218d
Coordinator,01a0eb15-2920-7902-9583-64ec8223a4a9,2026-09-29T03:26:25.135000+00:00,2026-09-29T03:26:25.142000+00:00,Analysis,0.006999982853164546,gap assigned to next activity,Activity classified by event type and edit destination; original commands omitted.,rs_0a17f49d6cbd7e7a016abb2fe121f087d2bfe74c49400f2d22
Coordinator,01a0eb15-2920-7902-9583-64ec8223a4a9,2026-09-29T03:26:25.142000+00:00,2026-09-29T03:26:35.169000+00:00,Analysis,10.027019103126163,event,Activity classified by event type and edit destination; original commands omitted.,rs_0a17f49d6cbd7e7a016abb2fe121f087d2bfe74c49400f2d22
Coordinator,01a0eb15-2920-7902-9583-64ec8223a4a9,2026-09-29T03:26:35.169000+00:00,2026-09-29T03:26:37.752000+00:00,Analysis,2.583005116931374,gap assigned to next activity,Activity classified by event type and edit destination; original commands omitted.,exec-b2a12ebb-23c2-4998-88ba-045f600ea496
Coordinator,01a0eb15-2920-7902-9583-64ec8223a4a9,2026-09-29T03:26:37.752000+00:00,2026-09-29T03:26:38.026000+00:00,Analysis,0.2740004527993178,event,Activity classified by event type and edit destination; original commands omitted.,exec-b2a12ebb-23c2-4998-88ba-045f600ea496
Coordinator,01a0eb15-2920-7902-9583-64ec8223a4a9,2026-09-29T03:26:38.026000+00:00,2026-09-29T03:26:40.776000+00:00,Analysis,2.750005252814664,gap assigned to next activity,Activity classified by event type and edit destination; original commands omitted.,rs_0a17f49d6cbd7e7a016abb2ff0c62887d29b959a2ebb2b6119
Coordinator,01a0eb15-2920-7902-9583-64ec8223a4a9,2026-09-29T03:26:40.776000+00:00,2026-09-29T03:27:04.771000+00:00,Analysis,23.99504571875445,event,Activity classified by event type and edit destination; original commands omitted.,rs_0a17f49d6cbd7e7a016abb2ff0c62887d29b959a2ebb2b6119
Coordinator,01a0eb15-2920-7902-9583-64ec8223a4a9,2026-09-29T03:27:04.771000+00:00,2026-09-29T03:27:04.777000+00:00,Analysis,0.0060000534224366135,gap assigned to next activity,Activity classified by event type and edit destination; original commands omitted.,rs_0a17f49d6cbd7e7a016abb3008c49087d2bda1543aa5a39db7
Coordinator,01a0eb15-2920-7902-9583-64ec8223a4a9,2026-09-29T03:27:04.777000+00:00,2026-09-29T03:27:13.135000+00:00,Analysis,8.358016004790748,event,Activity classified by event type and edit destination; original commands omitted.,rs_0a17f49d6cbd7e7a016abb3008c49087d2bda1543aa5a39db7
Coordinator,01a0eb15-2920-7902-9583-64ec8223a4a9,2026-09-29T03:27:13.135000+00:00,2026-09-29T03:27:15.334000+00:00,Communication and follow-up,2.19900432050481,gap assigned to next activity,Activity classified by event type and edit destination; original commands omitted.,call_9X4l4LUxqWleZWqEzwgE6T3N
Coordinator,01a0eb15-2920-7902-9583-64ec8223a4a9,2026-09-29T03:27:15.334000+00:00,2026-09-29T03:27:23.776000+00:00,Communication and follow-up,8.442016037447758,gap assigned to next activity,Activity classified by event type and edit destination; original commands omitted.,call_gBxbA3TVZCSokIGobU2piRMu
Coordinator,01a0eb15-2920-7902-9583-64ec8223a4a9,2026-09-29T03:27:23.776000+00:00,2026-09-29T03:27:26.985000+00:00,Analysis,3.209006001764582,gap assigned to next activity,Activity classified by event type and edit destination; original commands omitted.,rs_0a17f49d6cbd7e7a016abb301efba487d2bc179eff5ab53875
Coordinator,01a0eb15-2920-7902-9583-64ec8223a4a9,2026-09-29T03:27:26.985000+00:00,2026-09-29T03:27:49.366000+00:00,Analysis,22.38104279223266,event,Activity classified by event type and edit destination; original commands omitted.,rs_0a17f49d6cbd7e7a016abb301efba487d2bc179eff5ab53875
Coordinator,01a0eb15-2920-7902-9583-64ec8223a4a9,2026-09-29T03:27:49.366000+00:00,2026-09-29T03:27:49.371000+00:00,Analysis,0.005000123991708681,gap assigned to next activity,Activity classified by event type and edit destination; original commands omitted.,rs_0a17f49d6cbd7e7a016abb30355d3c87d2b49737d98ee96ad2
Coordinator,01a0eb15-2920-7902-9583-64ec8223a4a9,2026-09-29T03:27:49.371000+00:00,2026-09-29T03:28:15.533000+00:00,Analysis,26.16204991328562,event,Activity classified by event type and edit destination; original commands omitted.,rs_0a17f49d6cbd7e7a016abb30355d3c87d2b49737d98ee96ad2
Coordinator,01a0eb15-2920-7902-9583-64ec8223a4a9,2026-09-29T03:28:15.533000+00:00,2026-09-29T03:28:19.041000+00:00,Analysis,3.508006597684374,gap assigned to next activity,Activity classified by event type and edit destination; original commands omitted.,rs_0a17f49d6cbd7e7a016abb305306d487d287f6415a2f155739
Coordinator,01a0eb15-2920-7902-9583-64ec8223a4a9,2026-09-29T03:28:19.041000+00:00,2026-09-29T03:28:39.764000+00:00,Analysis,20.723039632892352,event,Activity classified by event type and edit destination; original commands omitted.,rs_0a17f49d6cbd7e7a016abb305306d487d287f6415a2f155739
Coordinator,01a0eb15-2920-7902-9583-64ec8223a4a9,2026-09-29T03:28:39.764000+00:00,2026-09-29T03:28:39.768000+00:00,Analysis,0.003999956141946239,gap assigned to next activity,Activity classified by event type and edit destination; original commands omitted.,rs_0a17f49d6cbd7e7a016abb3067c11c87d2ab26c9770ac703ce
Coordinator,01a0eb15-2920-7902-9583-64ec8223a4a9,2026-09-29T03:28:39.768000+00:00,2026-09-29T03:28:49.709000+00:00,Analysis,9.9410192116077,event,Activity classified by event type and edit destination; original commands omitted.,rs_0a17f49d6cbd7e7a016abb3067c11c87d2ab26c9770ac703ce
Coordinator,01a0eb15-2920-7902-9583-64ec8223a4a9,2026-09-29T03:28:49.709000+00:00,2026-09-29T03:28:52.238000+00:00,Analysis,2.5290046361294443,gap assigned to next activity,Activity classified by event type and edit destination; original commands omitted.,exec-d583c8bf-d11f-4984-8218-0e9cc128a5d2
Coordinator,01a0eb15-2920-7902-9583-64ec8223a4a9,2026-09-29T03:28:52.238000+00:00,2026-09-29T03:28:52.477000+00:00,Analysis,0.23900053853349504,event,Activity classified by event type and edit destination; original commands omitted.,exec-d583c8bf-d11f-4984-8218-0e9cc128a5d2
Coordinator,01a0eb15-2920-7902-9583-64ec8223a4a9,2026-09-29T03:28:52.477000+00:00,2026-09-29T03:28:54.681000+00:00,Analysis,2.2040042060774843,gap assigned to next activity,Activity classified by event type and edit destination; original commands omitted.,rs_0a17f49d6cbd7e7a016abb3076ac6487d28a9f8a085e292b4d
Coordinator,01a0eb15-2920-7902-9583-64ec8223a4a9,2026-09-29T03:28:54.681000+00:00,2026-09-29T03:29:11.950000+00:00,Analysis,17.26903303917184,event,Activity classified by event type and edit destination; original commands omitted.,rs_0a17f49d6cbd7e7a016abb3076ac6487d28a9f8a085e292b4d
Coordinator,01a0eb15-2920-7902-9583-64ec8223a4a9,2026-09-29T03:29:11.950000+00:00,2026-09-29T03:29:15.408000+00:00,Communication and follow-up,3.4580065498624597,gap assigned to next activity,Activity classified by event type and edit destination; original commands omitted.,call_BQxwiUUvQPOaJc9t5uUCB1U3
Coordinator,01a0eb15-2920-7902-9583-64ec8223a4a9,2026-09-29T03:29:15.408000+00:00,2026-09-29T03:29:17.675000+00:00,Analysis,2.2670042901749996,gap assigned to next activity,Activity classified by event type and edit destination; original commands omitted.,rs_0a17f49d6cbd7e7a016abb308daaa887d29ab959f2a2ba6790
Coordinator,01a0eb15-2920-7902-9583-64ec8223a4a9,2026-09-29T03:29:17.675000+00:00,2026-09-29T03:29:31.591000+00:00,Analysis,13.916026708944917,event,Activity classified by event type and edit destination; original commands omitted.,rs_0a17f49d6cbd7e7a016abb308daaa887d29ab959f2a2ba6790
Coordinator,01a0eb15-2920-7902-9583-64ec8223a4a9,2026-09-29T03:29:31.591000+00:00,2026-09-29T03:29:37.208000+00:00,Analysis,5.617010593690704,gap assigned to next activity,Activity classified by event type and edit destination; original commands omitted.,rs_0a17f49d6cbd7e7a016abb30a133c887d2a1edae0ffb15338e
Coordinator,01a0eb15-2920-7902-9583-64ec8223a4a9,2026-09-29T03:29:37.208000+00:00,2026-09-29T03:30:04.045000+00:00,Analysis,26.837051393348084,event,Activity classified by event type and edit destination; original commands omitted.,rs_0a17f49d6cbd7e7a016abb30a133c887d2a1edae0ffb15338e
Coordinator,01a0eb15-2920-7902-9583-64ec8223a4a9,2026-09-29T03:30:04.045000+00:00,2026-09-29T03:30:04.050000+00:00,Communication and follow-up,0.004999885572674172,gap assigned to next activity,Activity classified by event type and edit destination; original commands omitted.,msg_0a17f49d6cbd7e7a016abb30bc0b6087d28351276992fd54e5
Coordinator,01a0eb15-2920-7902-9583-64ec8223a4a9,2026-09-29T03:30:04.050000+00:00,2026-09-29T03:30:06.300000+00:00,Communication and follow-up,2.2500042977574526,event,Activity classified by event type and edit destination; original commands omitted.,msg_0a17f49d6cbd7e7a016abb30bc0b6087d28351276992fd54e5
Coordinator,01a0eb15-2920-7902-9583-64ec8223a4a9,2026-09-29T03:30:06.300000+00:00,2026-09-29T03:30:10.394000+00:00,Analysis,4.09400792109812,gap assigned to next activity,Activity classified by event type and edit destination; original commands omitted.,rs_0a17f49d6cbd7e7a016abb30c2626887d294282e7ef5c04b50
Coordinator,01a0eb15-2920-7902-9583-64ec8223a4a9,2026-09-29T03:30:10.394000+00:00,2026-09-29T03:30:14.988000+00:00,Analysis,4.594008637736297,event,Activity classified by event type and edit destination; original commands omitted.,rs_0a17f49d6cbd7e7a016abb30c2626887d294282e7ef5c04b50
Coordinator,01a0eb15-2920-7902-9583-64ec8223a4a9,2026-09-29T03:30:14.988000+00:00,2026-09-29T03:30:21.945000+00:00,Analysis,6.957013305832214,gap assigned to next activity,Activity classified by event type and edit destination; original commands omitted.,rs_0a17f49d6cbd7e7a016abb30cdf07087d2be42da2e8f29a0ed
Coordinator,01a0eb15-2920-7902-9583-64ec8223a4a9,2026-09-29T03:30:21.945000+00:00,2026-09-29T03:30:23.470000+00:00,Analysis,1.5250030082921093,event,Activity classified by event type and edit destination; original commands omitted.,rs_0a17f49d6cbd7e7a016abb30cdf07087d2be42da2e8f29a0ed
Coordinator,01a0eb15-2920-7902-9583-64ec8223a4a9,2026-09-29T03:30:23.470000+00:00,2026-09-29T03:30:25.360000+00:00,Analysis,1.8900034766016007,gap assigned to next activity,Activity classified by event type and edit destination; original commands omitted.,exec-7292cef0-9499-48f9-a127-cb527c5d824c
Coordinator,01a0eb15-2920-7902-9583-64ec8223a4a9,2026-09-29T03:30:25.360000+00:00,2026-09-29T03:30:25.605000+00:00,Analysis,0.24500059195593166,event,Activity classified by event type and edit destination; original commands omitted.,exec-7292cef0-9499-48f9-a127-cb527c5d824c
Coordinator,01a0eb15-2920-7902-9583-64ec8223a4a9,2026-09-29T03:30:25.605000+00:00,2026-09-29T03:30:25.712000+00:00,Communication and follow-up,0.10700007849699307,gap assigned to next activity,Activity classified by event type and edit destination; original commands omitted.,subagent-completed-01a0eb27-fa0c-7271-89e6-2257a5556ec5
Coordinator,01a0eb15-2920-7902-9583-64ec8223a4a9,2026-09-29T03:30:25.712000+00:00,2026-09-29T03:30:30.165000+00:00,Analysis,4.453008574404209,gap assigned to next activity,Activity classified by event type and edit destination; original commands omitted.,rs_0a17f49d6cbd7e7a016abb30d628fc87d2ac5788465adc2116
Coordinator,01a0eb15-2920-7902-9583-64ec8223a4a9,2026-09-29T03:30:30.165000+00:00,2026-09-29T03:30:34.900000+00:00,Analysis,4.735009177906454,event,Activity classified by event type and edit destination; original commands omitted.,rs_0a17f49d6cbd7e7a016abb30d628fc87d2ac5788465adc2116
Coordinator,01a0eb15-2920-7902-9583-64ec8223a4a9,2026-09-29T03:30:34.900000+00:00,2026-09-29T03:30:45.637000+00:00,Documentation,10.737020497454449,gap assigned to next activity,Activity classified by event type and edit destination; original commands omitted.,exec-be8eaed5-e161-4f64-b9e5-67c5f81b4756
Coordinator,01a0eb15-2920-7902-9583-64ec8223a4a9,2026-09-29T03:30:45.637000+00:00,2026-09-29T03:30:45.656000+00:00,Documentation,0.018999851279003263,event,Activity classified by event type and edit destination; original commands omitted.,exec-be8eaed5-e161-4f64-b9e5-67c5f81b4756
Coordinator,01a0eb15-2920-7902-9583-64ec8223a4a9,2026-09-29T03:30:45.656000+00:00,2026-09-29T03:30:47.583000+00:00,Analysis,1.9270037265669484,gap assigned to next activity,Activity classified by event type and edit destination; original commands omitted.,rs_0a17f49d6cbd7e7a016abb30e791f487d2adbecae46278dc8d
Coordinator,01a0eb15-2920-7902-9583-64ec8223a4a9,2026-09-29T03:30:47.583000+00:00,2026-09-29T03:31:10.661000+00:00,Analysis,23.078044150285344,event,Activity classified by event type and edit destination; original commands omitted.,rs_0a17f49d6cbd7e7a016abb30e791f487d2adbecae46278dc8d
Coordinator,01a0eb15-2920-7902-9583-64ec8223a4a9,2026-09-29T03:31:10.661000+00:00,2026-09-29T03:31:10.665000+00:00,Analysis,0.003999956141946239,gap assigned to next activity,Activity classified by event type and edit destination; original commands omitted.,rs_0a17f49d6cbd7e7a016abb30fea6b887d2a00988069f080e20
Coordinator,01a0eb15-2920-7902-9583-64ec8223a4a9,2026-09-29T03:31:10.665000+00:00,2026-09-29T03:31:16.750000+00:00,Analysis,6.085011661193311,event,Activity classified by event type and edit destination; original commands omitted.,rs_0a17f49d6cbd7e7a016abb30fea6b887d2a00988069f080e20
Coordinator,01a0eb15-2920-7902-9583-64ec8223a4a9,2026-09-29T03:31:16.750000+00:00,2026-09-29T03:31:22.385000+00:00,Environment and operational integration,5.635010753958014,gap assigned to next activity,Activity classified by event type and edit destination; original commands omitted.,exec-0ba5f179-7404-4a6d-b689-d82b41c70808
Coordinator,01a0eb15-2920-7902-9583-64ec8223a4a9,2026-09-29T03:31:22.385000+00:00,2026-09-29T03:31:22.392000+00:00,Environment and operational integration,0.006999982853164546,event,Activity classified by event type and edit destination; original commands omitted.,exec-0ba5f179-7404-4a6d-b689-d82b41c70808
Coordinator,01a0eb15-2920-7902-9583-64ec8223a4a9,2026-09-29T03:31:22.392000+00:00,2026-09-29T03:31:22.669000+00:00,Environment and operational integration,0.2770004795105361,event,Activity classified by event type and edit destination; original commands omitted.,exec-cd3c3179-a397-42c5-bcb2-06c88523cd85
Coordinator,01a0eb15-2920-7902-9583-64ec8223a4a9,2026-09-29T03:31:22.669000+00:00,2026-09-29T03:31:22.673000+00:00,Environment and operational integration,0.004000194560980747,event,Activity classified by event type and edit destination; original commands omitted.,exec-0ba5f179-7404-4a6d-b689-d82b41c70808
Coordinator,01a0eb15-2920-7902-9583-64ec8223a4a9,2026-09-29T03:31:22.673000+00:00,2026-09-29T03:31:25.932000+00:00,Analysis,3.259006049586496,gap assigned to next activity,Activity classified by event type and edit destination; original commands omitted.,rs_0a17f49d6cbd7e7a016abb310dec5887d2b1485cbab85424d1
Coordinator,01a0eb15-2920-7902-9583-64ec8223a4a9,2026-09-29T03:31:25.932000+00:00,2026-09-29T03:31:41.474000+00:00,Analysis,15.542029742311582,event,Activity classified by event type and edit destination; original commands omitted.,rs_0a17f49d6cbd7e7a016abb310dec5887d2b1485cbab85424d1
Coordinator,01a0eb15-2920-7902-9583-64ec8223a4a9,2026-09-29T03:31:41.474000+00:00,2026-09-29T03:31:45.794000+00:00,Analysis,4.320008184936979,gap assigned to next activity,Activity classified by event type and edit destination; original commands omitted.,rs_0a17f49d6cbd7e7a016abb3121bb9087d2972b586e0b5a3778
Coordinator,01a0eb15-2920-7902-9583-64ec8223a4a9,2026-09-29T03:31:45.794000+00:00,2026-09-29T03:32:03.743000+00:00,Analysis,17.949034404806977,event,Activity classified by event type and edit destination; original commands omitted.,rs_0a17f49d6cbd7e7a016abb3121bb9087d2972b586e0b5a3778
Coordinator,01a0eb15-2920-7902-9583-64ec8223a4a9,2026-09-29T03:32:03.743000+00:00,2026-09-29T03:32:08.261000+00:00,Environment and operational integration,4.51800851736318,gap assigned to next activity,Activity classified by event type and edit destination; original commands omitted.,exec-376b66be-0b06-4fda-820b-fe8b4134f860
Coordinator,01a0eb15-2920-7902-9583-64ec8223a4a9,2026-09-29T03:32:08.261000+00:00,2026-09-29T03:32:08.581000+00:00,Environment and operational integration,0.3200007828983203,event,Activity classified by event type and edit destination; original commands omitted.,exec-376b66be-0b06-4fda-820b-fe8b4134f860
Coordinator,01a0eb15-2920-7902-9583-64ec8223a4a9,2026-09-29T03:32:08.581000+00:00,2026-09-29T03:32:08.583000+00:00,Analysis,0.0019998588614558656,event,Activity classified by event type and edit destination; original commands omitted.,exec-796d28b1-c3b0-4835-b5bb-c74db1f7ce6f
Coordinator,01a0eb15-2920-7902-9583-64ec8223a4a9,2026-09-29T03:32:08.583000+00:00,2026-09-29T03:32:08.587000+00:00,Context compaction,0.003999956141946239,gap assigned to next activity,Activity classified by event type and edit destination; original commands omitted.,01a0eb38-450b-73e3-b17e-6def9cdf54d5
Coordinator,01a0eb15-2920-7902-9583-64ec8223a4a9,2026-09-29T03:32:08.587000+00:00,2026-09-29T03:33:27.689000+00:00,Context compaction,79.10215109196376,event,Activity classified by event type and edit destination; original commands omitted.,01a0eb38-450b-73e3-b17e-6def9cdf54d5
Coordinator,01a0eb15-2920-7902-9583-64ec8223a4a9,2026-09-29T03:33:27.689000+00:00,2026-09-29T03:35:10.464000+00:00,Context compaction,102.77519640737746,event,Activity classified by event type and edit destination; original commands omitted.,01a0eb38-450b-73e3-b17e-6def9cdf54d5
Coordinator,01a0eb15-2920-7902-9583-64ec8223a4a9,2026-09-29T03:35:10.464000+00:00,2026-09-29T03:35:16.316000+00:00,Analysis,5.852011176082253,gap assigned to next activity,Activity classified by event type and edit destination; original commands omitted.,exec-5557aecc-d59f-4d39-bdbf-1fbf6f235d39
Coordinator,01a0eb15-2920-7902-9583-64ec8223a4a9,2026-09-29T03:35:16.316000+00:00,2026-09-29T03:35:20.669000+00:00,Analysis,4.353008240341346,gap assigned to next activity,Activity classified by event type and edit destination; original commands omitted.,exec-d6de3a55-2d02-492a-aab9-8f55675c55a5
Coordinator,01a0eb15-2920-7902-9583-64ec8223a4a9,2026-09-29T03:35:20.669000+00:00,2026-09-29T03:35:20.900000+00:00,Analysis,0.23100062624960255,event,Activity classified by event type and edit destination; original commands omitted.,exec-d6de3a55-2d02-492a-aab9-8f55675c55a5
Coordinator,01a0eb15-2920-7902-9583-64ec8223a4a9,2026-09-29T03:35:20.900000+00:00,2026-09-29T03:35:23.192000+00:00,Analysis,2.29200419487644,gap assigned to next activity,Activity classified by event type and edit destination; original commands omitted.,rs_0a17f49d6cbd7e7a016abb31fb29cc87d291273aee415516c6
Coordinator,01a0eb15-2920-7902-9583-64ec8223a4a9,2026-09-29T03:35:23.192000+00:00,2026-09-29T03:35:25.462000+00:00,Analysis,2.2700043168862183,event,Activity classified by event type and edit destination; original commands omitted.,rs_0a17f49d6cbd7e7a016abb31fb29cc87d291273aee415516c6
Coordinator,01a0eb15-2920-7902-9583-64ec8223a4a9,2026-09-29T03:35:25.462000+00:00,2026-09-29T03:35:25.466000+00:00,Communication and follow-up,0.004000194560980747,gap assigned to next activity,Activity classified by event type and edit destination; original commands omitted.,msg_0a17f49d6cbd7e7a016abb31fd751487d2a079cee9c35f5065
Coordinator,01a0eb15-2920-7902-9583-64ec8223a4a9,2026-09-29T03:35:25.466000+00:00,2026-09-29T03:35:27.216000+00:00,Communication and follow-up,1.7500033427002408,event,Activity classified by event type and edit destination; original commands omitted.,msg_0a17f49d6cbd7e7a016abb31fd751487d2a079cee9c35f5065
Coordinator,01a0eb15-2920-7902-9583-64ec8223a4a9,2026-09-29T03:35:27.216000+00:00,2026-09-29T03:35:36.216000+00:00,Environment and operational integration,9.00001719102981,gap assigned to next activity,Activity classified by event type and edit destination; original commands omitted.,exec-22d0fc55-2e04-467d-9b2f-1c9120e84a86
Coordinator,01a0eb15-2920-7902-9583-64ec8223a4a9,2026-09-29T03:35:36.216000+00:00,2026-09-29T03:35:36.225000+00:00,Environment and operational integration,0.008999841714620411,event,Activity classified by event type and edit destination; original commands omitted.,exec-22d0fc55-2e04-467d-9b2f-1c9120e84a86
Coordinator,01a0eb15-2920-7902-9583-64ec8223a4a9,2026-09-29T03:35:36.225000+00:00,2026-09-29T03:35:36.495000+00:00,Analysis,0.2700004966573715,event,Activity classified by event type and edit destination; original commands omitted.,exec-2be87f3f-95f9-4c19-a5c1-a96de5440ba9
Coordinator,01a0eb15-2920-7902-9583-64ec8223a4a9,2026-09-29T03:35:36.495000+00:00,2026-09-29T03:35:36.542000+00:00,Environment and operational integration,0.04700025952973046,event,Activity classified by event type and edit destination; original commands omitted.,exec-22d0fc55-2e04-467d-9b2f-1c9120e84a86
Coordinator,01a0eb15-2920-7902-9583-64ec8223a4a9,2026-09-29T03:35:36.542000+00:00,2026-09-29T03:35:38.827000+00:00,Analysis,2.285004212023275,gap assigned to next activity,Activity classified by event type and edit destination; original commands omitted.,rs_0a17f49d6cbd7e7a016abb320ad19887d295a04d28b93d853b
Coordinator,01a0eb15-2920-7902-9583-64ec8223a4a9,2026-09-29T03:35:38.827000+00:00,2026-09-29T03:35:40.760000+00:00,Analysis,1.9330037799893849,event,Activity classified by event type and edit destination; original commands omitted.,rs_0a17f49d6cbd7e7a016abb320ad19887d295a04d28b93d853b
Coordinator,01a0eb15-2920-7902-9583-64ec8223a4a9,2026-09-29T03:35:40.760000+00:00,2026-09-29T03:35:44.707000+00:00,Environment and operational integration,3.9470075659245607,gap assigned to next activity,Activity classified by event type and edit destination; original commands omitted.,exec-bff9f702-07cf-450d-932c-9a91ea1e69a7
Coordinator,01a0eb15-2920-7902-9583-64ec8223a4a9,2026-09-29T03:35:44.707000+00:00,2026-09-29T03:35:44.945000+00:00,Environment and operational integration,0.2380003706837326,event,Activity classified by event type and edit destination; original commands omitted.,exec-bff9f702-07cf-450d-932c-9a91ea1e69a7
Coordinator,01a0eb15-2920-7902-9583-64ec8223a4a9,2026-09-29T03:35:44.945000+00:00,2026-09-29T03:35:55.381000+00:00,Analysis,10.436020042673201,gap assigned to next activity,Activity classified by event type and edit destination; original commands omitted.,rs_0a17f49d6cbd7e7a016abb321b5f8487d29e13ec10b8ab3398
Coordinator,01a0eb15-2920-7902-9583-64ec8223a4a9,2026-09-29T03:35:55.381000+00:00,2026-09-29T03:36:00.482000+00:00,Analysis,5.101009814065708,event,Activity classified by event type and edit destination; original commands omitted.,rs_0a17f49d6cbd7e7a016abb321b5f8487d29e13ec10b8ab3398
Coordinator,01a0eb15-2920-7902-9583-64ec8223a4a9,2026-09-29T03:36:00.482000+00:00,2026-09-29T03:36:04.095000+00:00,Analysis,3.6130068173199112,gap assigned to next activity,Activity classified by event type and edit destination; original commands omitted.,exec-9e820959-7c53-4529-87bd-5b59307ecc37
Coordinator,01a0eb15-2920-7902-9583-64ec8223a4a9,2026-09-29T03:36:04.095000+00:00,2026-09-29T03:36:04.324000+00:00,Analysis,0.22900029055007767,event,Activity classified by event type and edit destination; original commands omitted.,exec-9e820959-7c53-4529-87bd-5b59307ecc37
Coordinator,01a0eb15-2920-7902-9583-64ec8223a4a9,2026-09-29T03:36:04.324000+00:00,2026-09-29T03:36:06.139000+00:00,Analysis,1.8150035240782465,gap assigned to next activity,Activity classified by event type and edit destination; original commands omitted.,rs_0a17f49d6cbd7e7a016abb3226216487d2a188734edb00bcd5
Coordinator,01a0eb15-2920-7902-9583-64ec8223a4a9,2026-09-29T03:36:06.139000+00:00,2026-09-29T03:36:09.280000+00:00,Analysis,3.1410060320943924,event,Activity classified by event type and edit destination; original commands omitted.,rs_0a17f49d6cbd7e7a016abb3226216487d2a188734edb00bcd5
Coordinator,01a0eb15-2920-7902-9583-64ec8223a4a9,2026-09-29T03:36:09.280000+00:00,2026-09-29T03:36:13.978000+00:00,Analysis,4.698008927941106,gap assigned to next activity,Activity classified by event type and edit destination; original commands omitted.,exec-1872424a-ff44-417a-82a0-0dcb2a38f7fa
Coordinator,01a0eb15-2920-7902-9583-64ec8223a4a9,2026-09-29T03:36:13.978000+00:00,2026-09-29T03:36:14.233000+00:00,Analysis,0.2550006015203145,event,Activity classified by event type and edit destination; original commands omitted.,exec-1872424a-ff44-417a-82a0-0dcb2a38f7fa
Coordinator,01a0eb15-2920-7902-9583-64ec8223a4a9,2026-09-29T03:36:14.233000+00:00,2026-09-29T03:36:19.345000+00:00,Analysis,5.112009753060819,gap assigned to next activity,Activity classified by event type and edit destination; original commands omitted.,rs_0a17f49d6cbd7e7a016abb323354dc87d2a7561c32b43f7c19
Coordinator,01a0eb15-2920-7902-9583-64ec8223a4a9,2026-09-29T03:36:19.345000+00:00,2026-09-29T03:36:20.890000+00:00,Analysis,1.545003027420875,event,Activity classified by event type and edit destination; original commands omitted.,rs_0a17f49d6cbd7e7a016abb323354dc87d2a7561c32b43f7c19
Coordinator,01a0eb15-2920-7902-9583-64ec8223a4a9,2026-09-29T03:36:20.890000+00:00,2026-09-29T03:36:25.563000+00:00,Analysis,4.673008784820632,gap assigned to next activity,Activity classified by event type and edit destination; original commands omitted.,exec-d33b242b-390a-46b8-b96a-9df097cc30a5
Coordinator,01a0eb15-2920-7902-9583-64ec8223a4a9,2026-09-29T03:36:25.563000+00:00,2026-09-29T03:36:25.784000+00:00,Analysis,0.2210003782661852,event,Activity classified by event type and edit destination; original commands omitted.,exec-d33b242b-390a-46b8-b96a-9df097cc30a5
Coordinator,01a0eb15-2920-7902-9583-64ec8223a4a9,2026-09-29T03:36:25.784000+00:00,2026-09-29T03:36:30.364000+00:00,Analysis,4.580008910449002,gap assigned to next activity,Activity classified by event type and edit destination; original commands omitted.,rs_0a17f49d6cbd7e7a016abb323e5a2087d282816583536be8b9
Coordinator,01a0eb15-2920-7902-9583-64ec8223a4a9,2026-09-29T03:36:30.364000+00:00,2026-09-29T03:36:34.085000+00:00,Analysis,3.721007063666667,event,Activity classified by event type and edit destination; original commands omitted.,rs_0a17f49d6cbd7e7a016abb323e5a2087d282816583536be8b9
Coordinator,01a0eb15-2920-7902-9583-64ec8223a4a9,2026-09-29T03:36:34.085000+00:00,2026-09-29T03:36:38.803000+00:00,Analysis,4.718008947069872,gap assigned to next activity,Activity classified by event type and edit destination; original commands omitted.,exec-d1372a9d-e10b-4fc1-b256-7376af7936bb
Coordinator,01a0eb15-2920-7902-9583-64ec8223a4a9,2026-09-29T03:36:38.803000+00:00,2026-09-29T03:36:39.034000+00:00,Analysis,0.23100038783056806,event,Activity classified by event type and edit destination; original commands omitted.,exec-d1372a9d-e10b-4fc1-b256-7376af7936bb
Coordinator,01a0eb15-2920-7902-9583-64ec8223a4a9,2026-09-29T03:36:39.034000+00:00,2026-09-29T03:36:40.786000+00:00,Analysis,1.7520034399807312,gap assigned to next activity,Activity classified by event type and edit destination; original commands omitted.,rs_0a17f49d6cbd7e7a016abb3248c64487d2bba56eb7ac0ccc1a
Coordinator,01a0eb15-2920-7902-9583-64ec8223a4a9,2026-09-29T03:36:40.786000+00:00,2026-09-29T03:36:47.079000+00:00,Analysis,6.293012003183895,event,Activity classified by event type and edit destination; original commands omitted.,rs_0a17f49d6cbd7e7a016abb3248c64487d2bba56eb7ac0ccc1a
Coordinator,01a0eb15-2920-7902-9583-64ec8223a4a9,2026-09-29T03:36:47.079000+00:00,2026-09-29T03:36:50.687000+00:00,Analysis,3.608006931747237,gap assigned to next activity,Activity classified by event type and edit destination; original commands omitted.,exec-af4eb61d-5065-4257-93bc-be664d037d6e
Coordinator,01a0eb15-2920-7902-9583-64ec8223a4a9,2026-09-29T03:36:50.687000+00:00,2026-09-29T03:36:50.923000+00:00,Analysis,0.23600051182227674,event,Activity classified by event type and edit destination; original commands omitted.,exec-af4eb61d-5065-4257-93bc-be664d037d6e
Coordinator,01a0eb15-2920-7902-9583-64ec8223a4a9,2026-09-29T03:36:50.923000+00:00,2026-09-29T03:36:54.099000+00:00,Analysis,3.176005946360215,gap assigned to next activity,Activity classified by event type and edit destination; original commands omitted.,rs_0a17f49d6cbd7e7a016abb3256175087d2b91977f131c3daef
Coordinator,01a0eb15-2920-7902-9583-64ec8223a4a9,2026-09-29T03:36:54.099000+00:00,2026-09-29T03:37:04.266000+00:00,Analysis,10.167019475446558,event,Activity classified by event type and edit destination; original commands omitted.,rs_0a17f49d6cbd7e7a016abb3256175087d2b91977f131c3daef
Coordinator,01a0eb15-2920-7902-9583-64ec8223a4a9,2026-09-29T03:37:04.266000+00:00,2026-09-29T03:37:06.823000+00:00,Communication and follow-up,2.557004805961137,gap assigned to next activity,Activity classified by event type and edit destination; original commands omitted.,call_Y0jAPjj2MQ5VrGJalQMdyDnF
Coordinator,01a0eb15-2920-7902-9583-64ec8223a4a9,2026-09-29T03:37:06.823000+00:00,2026-09-29T03:37:06.824000+00:00,Communication and follow-up,0.0009999294307279328,event,Activity classified by event type and edit destination; original commands omitted.,call_Y0jAPjj2MQ5VrGJalQMdyDnF
Coordinator,01a0eb15-2920-7902-9583-64ec8223a4a9,2026-09-29T03:37:06.824000+00:00,2026-09-29T03:37:14.318000+00:00,Analysis,7.494014510854773,gap assigned to next activity,Activity classified by event type and edit destination; original commands omitted.,rs_0a17f49d6cbd7e7a016abb326a4f1887d2bf56b61fcb20244d
Coordinator,01a0eb15-2920-7902-9583-64ec8223a4a9,2026-09-29T03:37:14.318000+00:00,2026-09-29T03:37:14.986000+00:00,Analysis,0.6680012587902643,event,Activity classified by event type and edit destination; original commands omitted.,rs_0a17f49d6cbd7e7a016abb326a4f1887d2bf56b61fcb20244d
Coordinator,01a0eb15-2920-7902-9583-64ec8223a4a9,2026-09-29T03:37:14.986000+00:00,2026-09-29T03:37:14.987000+00:00,Communication and follow-up,0.0009999294307279328,gap assigned to next activity,Activity classified by event type and edit destination; original commands omitted.,msg_0a17f49d6cbd7e7a016abb326afac887d2ab74bbd78299e5af
Coordinator,01a0eb15-2920-7902-9583-64ec8223a4a9,2026-09-29T03:37:14.987000+00:00,2026-09-29T03:37:17.014000+00:00,Communication and follow-up,2.027003822210777,event,Activity classified by event type and edit destination; original commands omitted.,msg_0a17f49d6cbd7e7a016abb326afac887d2ab74bbd78299e5af
Coordinator,01a0eb15-2920-7902-9583-64ec8223a4a9,2026-09-29T03:37:17.014000+00:00,2026-09-29T03:37:21.864000+00:00,Analysis,4.8500094071063735,gap assigned to next activity,Activity classified by event type and edit destination; original commands omitted.,exec-c7b1e97e-0fd1-412f-a89c-1d93ad590fd3
Coordinator,01a0eb15-2920-7902-9583-64ec8223a4a9,2026-09-29T03:37:21.864000+00:00,2026-09-29T03:37:22.123000+00:00,Analysis,0.25900031924322625,event,Activity classified by event type and edit destination; original commands omitted.,exec-c7b1e97e-0fd1-412f-a89c-1d93ad590fd3
Coordinator,01a0eb15-2920-7902-9583-64ec8223a4a9,2026-09-29T03:37:22.123000+00:00,2026-09-29T03:37:26.233000+00:00,Analysis,4.110007984084939,gap assigned to next activity,Activity classified by event type and edit destination; original commands omitted.,rs_0a17f49d6cbd7e7a016abb3276397087d284278e9f04a1354b
Coordinator,01a0eb15-2920-7902-9583-64ec8223a4a9,2026-09-29T03:37:26.233000+00:00,2026-09-29T03:37:36.678000+00:00,Analysis,10.445019884387822,event,Activity classified by event type and edit destination; original commands omitted.,rs_0a17f49d6cbd7e7a016abb3276397087d284278e9f04a1354b
Coordinator,01a0eb15-2920-7902-9583-64ec8223a4a9,2026-09-29T03:37:36.678000+00:00,2026-09-29T03:37:39.736000+00:00,Analysis,3.058005928868111,gap assigned to next activity,Activity classified by event type and edit destination; original commands omitted.,exec-334b564e-65da-4f73-a1d8-f07bae15ce4b
Coordinator,01a0eb15-2920-7902-9583-64ec8223a4a9,2026-09-29T03:37:39.736000+00:00,2026-09-29T03:37:39.985000+00:00,Analysis,0.24900030967884337,event,Activity classified by event type and edit destination; original commands omitted.,exec-334b564e-65da-4f73-a1d8-f07bae15ce4b
Coordinator,01a0eb15-2920-7902-9583-64ec8223a4a9,2026-09-29T03:37:39.985000+00:00,2026-09-29T03:37:43.389000+00:00,Analysis,3.404006545898599,gap assigned to next activity,Activity classified by event type and edit destination; original commands omitted.,rs_0a17f49d6cbd7e7a016abb3287617c87d29b44dc98e92f4895
Coordinator,01a0eb15-2920-7902-9583-64ec8223a4a9,2026-09-29T03:37:43.389000+00:00,2026-09-29T03:37:44.712000+00:00,Analysis,1.3230024813049275,event,Activity classified by event type and edit destination; original commands omitted.,rs_0a17f49d6cbd7e7a016abb3287617c87d29b44dc98e92f4895
Coordinator,01a0eb15-2920-7902-9583-64ec8223a4a9,2026-09-29T03:37:44.712000+00:00,2026-09-29T03:37:47.341000+00:00,Analysis,2.629005208611342,gap assigned to next activity,Activity classified by event type and edit destination; original commands omitted.,exec-787f3db3-8e13-474b-8b10-3343bb973461
Coordinator,01a0eb15-2920-7902-9583-64ec8223a4a9,2026-09-29T03:37:47.341000+00:00,2026-09-29T03:37:47.587000+00:00,Analysis,0.24600028296762508,event,Activity classified by event type and edit destination; original commands omitted.,exec-787f3db3-8e13-474b-8b10-3343bb973461
Coordinator,01a0eb15-2920-7902-9583-64ec8223a4a9,2026-09-29T03:37:47.587000+00:00,2026-09-29T03:37:49.318000+00:00,Analysis,1.7310034914212376,gap assigned to next activity,Activity classified by event type and edit destination; original commands omitted.,rs_0a17f49d6cbd7e7a016abb328d4d9087d2b356489b57ef8b02
Coordinator,01a0eb15-2920-7902-9583-64ec8223a4a9,2026-09-29T03:37:49.318000+00:00,2026-09-29T03:37:51.471000+00:00,Analysis,2.1530039904058076,event,Activity classified by event type and edit destination; original commands omitted.,rs_0a17f49d6cbd7e7a016abb328d4d9087d2b356489b57ef8b02
Coordinator,01a0eb15-2920-7902-9583-64ec8223a4a9,2026-09-29T03:37:51.471000+00:00,2026-09-29T03:37:58.819000+00:00,Analysis,7.3480140851119415,gap assigned to next activity,Activity classified by event type and edit destination; original commands omitted.,exec-155516a7-51f3-41e3-801f-afeaf6da8e9c
Coordinator,01a0eb15-2920-7902-9583-64ec8223a4a9,2026-09-29T03:37:58.819000+00:00,2026-09-29T03:37:58.826000+00:00,Analysis,0.006999982853164546,event,Activity classified by event type and edit destination; original commands omitted.,exec-155516a7-51f3-41e3-801f-afeaf6da8e9c
Coordinator,01a0eb15-2920-7902-9583-64ec8223a4a9,2026-09-29T03:37:58.826000+00:00,2026-09-29T03:37:59.090000+00:00,Analysis,0.26400044323493493,event,Activity classified by event type and edit destination; original commands omitted.,exec-155516a7-51f3-41e3-801f-afeaf6da8e9c
Coordinator,01a0eb15-2920-7902-9583-64ec8223a4a9,2026-09-29T03:37:59.090000+00:00,2026-09-29T03:37:59.099000+00:00,Analysis,0.00900008013365492,event,Activity classified by event type and edit destination; original commands omitted.,exec-d81607d6-31c2-41fd-ab5b-756710e54b38
Coordinator,01a0eb15-2920-7902-9583-64ec8223a4a9,2026-09-29T03:37:59.099000+00:00,2026-09-29T03:38:01.544000+00:00,Analysis,2.445004603472435,gap assigned to next activity,Activity classified by event type and edit destination; original commands omitted.,rs_0a17f49d6cbd7e7a016abb329988dc87d283803b71a8958d61
Coordinator,01a0eb15-2920-7902-9583-64ec8223a4a9,2026-09-29T03:38:01.544000+00:00,2026-09-29T03:38:07.304000+00:00,Analysis,5.760010992722317,event,Activity classified by event type and edit destination; original commands omitted.,rs_0a17f49d6cbd7e7a016abb329988dc87d283803b71a8958d61
Coordinator,01a0eb15-2920-7902-9583-64ec8223a4a9,2026-09-29T03:38:07.304000+00:00,2026-09-29T03:38:10.034000+00:00,Analysis,2.7300052336858984,gap assigned to next activity,Activity classified by event type and edit destination; original commands omitted.,exec-31e13566-4608-4530-8904-f0781a338736
Coordinator,01a0eb15-2920-7902-9583-64ec8223a4a9,2026-09-29T03:38:10.034000+00:00,2026-09-29T03:38:10.282000+00:00,Analysis,0.24800061866714995,event,Activity classified by event type and edit destination; original commands omitted.,exec-31e13566-4608-4530-8904-f0781a338736
Coordinator,01a0eb15-2920-7902-9583-64ec8223a4a9,2026-09-29T03:38:10.282000+00:00,2026-09-29T03:38:14.069000+00:00,Analysis,3.7870071744754004,gap assigned to next activity,Activity classified by event type and edit destination; original commands omitted.,rs_0a17f49d6cbd7e7a016abb32a60f6c87d280812c18b12bb693
Coordinator,01a0eb15-2920-7902-9583-64ec8223a4a9,2026-09-29T03:38:14.069000+00:00,2026-09-29T03:38:15.323000+00:00,Analysis,1.2540023437849754,event,Activity classified by event type and edit destination; original commands omitted.,rs_0a17f49d6cbd7e7a016abb32a60f6c87d280812c18b12bb693
Coordinator,01a0eb15-2920-7902-9583-64ec8223a4a9,2026-09-29T03:38:15.323000+00:00,2026-09-29T03:38:19.010000+00:00,Analysis,3.687007078831572,gap assigned to next activity,Activity classified by event type and edit destination; original commands omitted.,exec-89863afc-f694-4010-b459-aa485fa78f1d
Coordinator,01a0eb15-2920-7902-9583-64ec8223a4a9,2026-09-29T03:38:19.010000+00:00,2026-09-29T03:38:19.286000+00:00,Analysis,0.2760005500798081,event,Activity classified by event type and edit destination; original commands omitted.,exec-89863afc-f694-4010-b459-aa485fa78f1d
Coordinator,01a0eb15-2920-7902-9583-64ec8223a4a9,2026-09-29T03:38:19.286000+00:00,2026-09-29T03:38:22.506000+00:00,Analysis,3.220006179178727,gap assigned to next activity,Activity classified by event type and edit destination; original commands omitted.,rs_0a17f49d6cbd7e7a016abb32ae7f1087d28dc2db4fef3ddb5c
Coordinator,01a0eb15-2920-7902-9583-64ec8223a4a9,2026-09-29T03:38:22.506000+00:00,2026-09-29T03:38:23.466000+00:00,Analysis,0.9600018718568919,event,Activity classified by event type and edit destination; original commands omitted.,rs_0a17f49d6cbd7e7a016abb32ae7f1087d28dc2db4fef3ddb5c
Coordinator,01a0eb15-2920-7902-9583-64ec8223a4a9,2026-09-29T03:38:23.466000+00:00,2026-09-29T03:38:26.037000+00:00,Analysis,2.571004771667466,gap assigned to next activity,Activity classified by event type and edit destination; original commands omitted.,exec-8ee2467e-730d-4f8a-9646-1d5df1a1ee25
Coordinator,01a0eb15-2920-7902-9583-64ec8223a4a9,2026-09-29T03:38:26.037000+00:00,2026-09-29T03:38:26.261000+00:00,Analysis,0.2240004049774035,event,Activity classified by event type and edit destination; original commands omitted.,exec-8ee2467e-730d-4f8a-9646-1d5df1a1ee25
Coordinator,01a0eb15-2920-7902-9583-64ec8223a4a9,2026-09-29T03:38:26.261000+00:00,2026-09-29T03:38:30.001000+00:00,Analysis,3.7400071533647044,gap assigned to next activity,Activity classified by event type and edit destination; original commands omitted.,rs_0a17f49d6cbd7e7a016abb32b5fc3c87d2bde34e3b901d2a51
Coordinator,01a0eb15-2920-7902-9583-64ec8223a4a9,2026-09-29T03:38:30.001000+00:00,2026-09-29T03:38:39.095000+00:00,Analysis,9.094017471670236,event,Activity classified by event type and edit destination; original commands omitted.,rs_0a17f49d6cbd7e7a016abb32b5fc3c87d2bde34e3b901d2a51
Coordinator,01a0eb15-2920-7902-9583-64ec8223a4a9,2026-09-29T03:38:39.095000+00:00,2026-09-29T03:38:41.705000+00:00,Analysis,2.6100048804942695,gap assigned to next activity,Activity classified by event type and edit destination; original commands omitted.,exec-08a169dd-c893-4d99-80f2-ce958ee546f5
Coordinator,01a0eb15-2920-7902-9583-64ec8223a4a9,2026-09-29T03:38:41.705000+00:00,2026-09-29T03:38:41.946000+00:00,Analysis,0.24100063581398543,event,Activity classified by event type and edit destination; original commands omitted.,exec-08a169dd-c893-4d99-80f2-ce958ee546f5
Coordinator,01a0eb15-2920-7902-9583-64ec8223a4a9,2026-09-29T03:38:41.946000+00:00,2026-09-29T03:38:46.699000+00:00,Analysis,4.753008861335695,gap assigned to next activity,Activity classified by event type and edit destination; original commands omitted.,rs_0a17f49d6cbd7e7a016abb32c6b09887d2ad19174abca9edea
Coordinator,01a0eb15-2920-7902-9583-64ec8223a4a9,2026-09-29T03:38:46.699000+00:00,2026-09-29T03:38:48.325000+00:00,Analysis,1.6260032717857003,event,Activity classified by event type and edit destination; original commands omitted.,rs_0a17f49d6cbd7e7a016abb32c6b09887d2ad19174abca9edea
Coordinator,01a0eb15-2920-7902-9583-64ec8223a4a9,2026-09-29T03:38:48.325000+00:00,2026-09-29T03:38:51.809000+00:00,Analysis,3.484006622413662,gap assigned to next activity,Activity classified by event type and edit destination; original commands omitted.,rs_0a17f49d6cbd7e7a016abb32cbcce487d29cc899acac0aabc3
Coordinator,01a0eb15-2920-7902-9583-64ec8223a4a9,2026-09-29T03:38:51.809000+00:00,2026-09-29T03:38:52.500000+00:00,Analysis,0.6910013046302483,event,Activity classified by event type and edit destination; original commands omitted.,rs_0a17f49d6cbd7e7a016abb32cbcce487d29cc899acac0aabc3
Coordinator,01a0eb15-2920-7902-9583-64ec8223a4a9,2026-09-29T03:38:52.500000+00:00,2026-09-29T03:38:52.504000+00:00,Communication and follow-up,0.003999956141946239,gap assigned to next activity,Activity classified by event type and edit destination; original commands omitted.,msg_0a17f49d6cbd7e7a016abb32cc7ebc87d2a22e7dcbcdbceb35
Coordinator,01a0eb15-2920-7902-9583-64ec8223a4a9,2026-09-29T03:38:52.504000+00:00,2026-09-29T03:38:54.733000+00:00,Communication and follow-up,2.2290043491979588,event,Activity classified by event type and edit destination; original commands omitted.,msg_0a17f49d6cbd7e7a016abb32cc7ebc87d2a22e7dcbcdbceb35
Coordinator,01a0eb15-2920-7902-9583-64ec8223a4a9,2026-09-29T03:38:54.733000+00:00,2026-09-29T03:39:01.345000+00:00,Testing and verification,6.612012618232453,gap assigned to next activity,Activity classified by event type and edit destination; original commands omitted.,exec-957a89bb-5f9d-4ef9-ad2f-bd15e373eece
Coordinator,01a0eb15-2920-7902-9583-64ec8223a4a9,2026-09-29T03:39:01.345000+00:00,2026-09-29T03:39:01.355000+00:00,Testing and verification,0.010000009564382852,event,Activity classified by event type and edit destination; original commands omitted.,exec-957a89bb-5f9d-4ef9-ad2f-bd15e373eece
Coordinator,01a0eb15-2920-7902-9583-64ec8223a4a9,2026-09-29T03:39:01.355000+00:00,2026-09-29T03:39:01.628000+00:00,Analysis,0.2730005233685898,event,Activity classified by event type and edit destination; original commands omitted.,exec-a0e975df-999a-4925-9aea-09f125704119
Coordinator,01a0eb15-2920-7902-9583-64ec8223a4a9,2026-09-29T03:39:01.628000+00:00,2026-09-29T03:39:01.807000+00:00,Testing and verification,0.17900024272816342,event,Activity classified by event type and edit destination; original commands omitted.,exec-957a89bb-5f9d-4ef9-ad2f-bd15e373eece
Coordinator,01a0eb15-2920-7902-9583-64ec8223a4a9,2026-09-29T03:39:01.807000+00:00,2026-09-29T03:39:06.711000+00:00,Analysis,4.904009411070234,gap assigned to next activity,Activity classified by event type and edit destination; original commands omitted.,rs_0a17f49d6cbd7e7a016abb32dab39087d2b00dd5f51adbcb95
Coordinator,01a0eb15-2920-7902-9583-64ec8223a4a9,2026-09-29T03:39:06.711000+00:00,2026-09-29T03:39:10.241000+00:00,Analysis,3.53000671409363,event,Activity classified by event type and edit destination; original commands omitted.,rs_0a17f49d6cbd7e7a016abb32dab39087d2b00dd5f51adbcb95
Coordinator,01a0eb15-2920-7902-9583-64ec8223a4a9,2026-09-29T03:39:10.241000+00:00,2026-09-29T03:39:13.500000+00:00,Analysis,3.259006288005531,gap assigned to next activity,Activity classified by event type and edit destination; original commands omitted.,exec-5d59c47d-f502-440b-a9e7-ce2b01907667
Coordinator,01a0eb15-2920-7902-9583-64ec8223a4a9,2026-09-29T03:39:13.500000+00:00,2026-09-29T03:39:13.739000+00:00,Analysis,0.23900053853349504,event,Activity classified by event type and edit destination; original commands omitted.,exec-5d59c47d-f502-440b-a9e7-ce2b01907667
Coordinator,01a0eb15-2920-7902-9583-64ec8223a4a9,2026-09-29T03:39:13.739000+00:00,2026-09-29T03:39:15.681000+00:00,Analysis,1.9420036217040053,gap assigned to next activity,Activity classified by event type and edit destination; original commands omitted.,rs_0a17f49d6cbd7e7a016abb32e3a86087d29cb62fe3c1b7bd5b
Coordinator,01a0eb15-2920-7902-9583-64ec8223a4a9,2026-09-29T03:39:15.681000+00:00,2026-09-29T03:39:27.521000+00:00,Analysis,11.84002252992392,event,Activity classified by event type and edit destination; original commands omitted.,rs_0a17f49d6cbd7e7a016abb32e3a86087d29cb62fe3c1b7bd5b
Coordinator,01a0eb15-2920-7902-9583-64ec8223a4a9,2026-09-29T03:39:27.521000+00:00,2026-09-29T03:39:30.455000+00:00,Environment and operational integration,2.934005619534536,gap assigned to next activity,Activity classified by event type and edit destination; original commands omitted.,exec-2b7853c6-fc46-405e-8794-dd657d19928f
Coordinator,01a0eb15-2920-7902-9583-64ec8223a4a9,2026-09-29T03:39:30.455000+00:00,2026-09-29T03:39:30.487000+00:00,Environment and operational integration,0.03200012597363893,event,Activity classified by event type and edit destination; original commands omitted.,exec-2b7853c6-fc46-405e-8794-dd657d19928f
Coordinator,01a0eb15-2920-7902-9583-64ec8223a4a9,2026-09-29T03:39:30.487000+00:00,2026-09-29T03:39:30.651000+00:00,Environment and operational integration,0.16400034759110638,gap assigned to next activity,Activity classified by event type and edit destination; original commands omitted.,exec-c84e6d3b-0d1a-4c0c-a24d-bbaa8796a2bf
Coordinator,01a0eb15-2920-7902-9583-64ec8223a4a9,2026-09-29T03:39:30.651000+00:00,2026-09-29T03:39:33.460000+00:00,Environment and operational integration,2.809005380770233,event,Activity classified by event type and edit destination; original commands omitted.,exec-c84e6d3b-0d1a-4c0c-a24d-bbaa8796a2bf
Coordinator,01a0eb15-2920-7902-9583-64ec8223a4a9,2026-09-29T03:39:33.460000+00:00,2026-09-29T03:39:35.185000+00:00,Analysis,1.7250031995797663,event,Activity classified by event type and edit destination; original commands omitted.,rs_0a17f49d6cbd7e7a016abb32f559d087d2b577fbc63df349f2
Coordinator,01a0eb15-2920-7902-9583-64ec8223a4a9,2026-09-29T03:39:35.185000+00:00,2026-09-29T03:39:45.066000+00:00,Analysis,9.881018915802366,event,Activity classified by event type and edit destination; original commands omitted.,rs_0a17f49d6cbd7e7a016abb32f559d087d2b577fbc63df349f2
Coordinator,01a0eb15-2920-7902-9583-64ec8223a4a9,2026-09-29T03:39:45.066000+00:00,2026-09-29T03:39:46.903000+00:00,Testing and verification,1.8370036404875028,gap assigned to next activity,Activity classified by event type and edit destination; original commands omitted.,exec-7592fcc1-8bd7-44a1-8e43-ebece183ed57
Coordinator,01a0eb15-2920-7902-9583-64ec8223a4a9,2026-09-29T03:39:46.903000+00:00,2026-09-29T03:39:49.804000+00:00,Testing and verification,2.901005325711135,event,Activity classified by event type and edit destination; original commands omitted.,exec-7592fcc1-8bd7-44a1-8e43-ebece183ed57
Coordinator,01a0eb15-2920-7902-9583-64ec8223a4a9,2026-09-29T03:39:49.804000+00:00,2026-09-29T03:40:01.595000+00:00,Environment and operational integration,11.791022649951767,gap assigned to next activity,Activity classified by event type and edit destination; original commands omitted.,exec-0541ff58-bcf6-409a-bba4-4584197a81f8
Coordinator,01a0eb15-2920-7902-9583-64ec8223a4a9,2026-09-29T03:40:01.595000+00:00,2026-09-29T03:40:02.627000+00:00,Environment and operational integration,1.0320020360880622,event,Activity classified by event type and edit destination; original commands omitted.,exec-0541ff58-bcf6-409a-bba4-4584197a81f8
Coordinator,01a0eb15-2920-7902-9583-64ec8223a4a9,2026-09-29T03:40:02.627000+00:00,2026-09-29T03:40:05.261000+00:00,Analysis,2.6340048557649816,gap assigned to next activity,Activity classified by event type and edit destination; original commands omitted.,rs_0a17f49d6cbd7e7a016abb33153fc487d2b3f6cb846a848ad2
Coordinator,01a0eb15-2920-7902-9583-64ec8223a4a9,2026-09-29T03:40:05.261000+00:00,2026-09-29T03:40:05.992000+00:00,Analysis,0.7310015813068143,event,Activity classified by event type and edit destination; original commands omitted.,rs_0a17f49d6cbd7e7a016abb33153fc487d2b3f6cb846a848ad2
Coordinator,01a0eb15-2920-7902-9583-64ec8223a4a9,2026-09-29T03:40:05.992000+00:00,2026-09-29T03:40:09.118000+00:00,Communication and follow-up,3.126005898538301,gap assigned to next activity,Activity classified by event type and edit destination; original commands omitted.,call_vyDyknX0hOTpsubYVsC9FXdQ
Coordinator,01a0eb15-2920-7902-9583-64ec8223a4a9,2026-09-29T03:40:09.118000+00:00,2026-09-29T03:40:12.331000+00:00,Analysis,3.2130061963255625,gap assigned to next activity,Activity classified by event type and edit destination; original commands omitted.,rs_0a17f49d6cbd7e7a016abb331c522487d2ba89864abe461ff7
Coordinator,01a0eb15-2920-7902-9583-64ec8223a4a9,2026-09-29T03:40:12.331000+00:00,2026-09-29T03:40:33.572000+00:00,Analysis,21.24104050979784,event,Activity classified by event type and edit destination; original commands omitted.,rs_0a17f49d6cbd7e7a016abb331c522487d2ba89864abe461ff7
Coordinator,01a0eb15-2920-7902-9583-64ec8223a4a9,2026-09-29T03:40:33.572000+00:00,2026-09-29T03:40:35.696000+00:00,Analysis,2.1240041295624215,gap assigned to next activity,Activity classified by event type and edit destination; original commands omitted.,exec-bb1d72f3-8f8a-41b9-85cb-c1c069f44b40
Coordinator,01a0eb15-2920-7902-9583-64ec8223a4a9,2026-09-29T03:40:35.696000+00:00,2026-09-29T03:40:36.014000+00:00,Analysis,0.31800044719879544,event,Activity classified by event type and edit destination; original commands omitted.,exec-bb1d72f3-8f8a-41b9-85cb-c1c069f44b40
Coordinator,01a0eb15-2920-7902-9583-64ec8223a4a9,2026-09-29T03:40:36.014000+00:00,2026-09-29T03:40:38.008000+00:00,Analysis,1.99400376680641,gap assigned to next activity,Activity classified by event type and edit destination; original commands omitted.,rs_0a17f49d6cbd7e7a016abb3335fc8487d299ec49ce306b4d45
Coordinator,01a0eb15-2920-7902-9583-64ec8223a4a9,2026-09-29T03:40:38.008000+00:00,2026-09-29T03:40:51.164000+00:00,Analysis,13.156025266794718,event,Activity classified by event type and edit destination; original commands omitted.,rs_0a17f49d6cbd7e7a016abb3335fc8487d299ec49ce306b4d45
Coordinator,01a0eb15-2920-7902-9583-64ec8223a4a9,2026-09-29T03:40:51.164000+00:00,2026-09-29T03:40:58.899000+00:00,Analysis,7.735014669830689,event,Activity classified by event type and edit destination; original commands omitted.,rs_0a17f49d6cbd7e7a016abb3335fc8487d299ec49ce306b4d45
Coordinator,01a0eb15-2920-7902-9583-64ec8223a4a9,2026-09-29T03:40:58.899000+00:00,2026-09-29T03:41:05.136000+00:00,Analysis,6.237011901939544,gap assigned to next activity,Activity classified by event type and edit destination; original commands omitted.,rs_0a17f49d6cbd7e7a016abb3351208087d28216ee7e37105b5f
Coordinator,01a0eb15-2920-7902-9583-64ec8223a4a9,2026-09-29T03:41:05.136000+00:00,2026-09-29T03:41:28.047000+00:00,Analysis,22.911043775983018,event,Activity classified by event type and edit destination; original commands omitted.,rs_0a17f49d6cbd7e7a016abb3351208087d28216ee7e37105b5f
Coordinator,01a0eb15-2920-7902-9583-64ec8223a4a9,2026-09-29T03:41:28.047000+00:00,2026-09-29T03:41:44.622000+00:00,Analysis,16.575031707830373,gap assigned to next activity,Activity classified by event type and edit destination; original commands omitted.,rs_0a17f49d6cbd7e7a016abb33789a5487d2816888d842f61ea8
Coordinator,01a0eb15-2920-7902-9583-64ec8223a4a9,2026-09-29T03:41:44.622000+00:00,2026-09-29T03:41:46.458000+00:00,Analysis,1.83600347263774,event,Activity classified by event type and edit destination; original commands omitted.,rs_0a17f49d6cbd7e7a016abb33789a5487d2816888d842f61ea8
Coordinator,01a0eb15-2920-7902-9583-64ec8223a4a9,2026-09-29T03:41:46.458000+00:00,2026-09-29T03:41:46.470000+00:00,Communication and follow-up,0.012000106844873227,gap assigned to next activity,Activity classified by event type and edit destination; original commands omitted.,msg_0a17f49d6cbd7e7a016abb337a763087d29652df8f90ca8076
Coordinator,01a0eb15-2920-7902-9583-64ec8223a4a9,2026-09-29T03:41:46.470000+00:00,2026-09-29T03:41:48.436000+00:00,Communication and follow-up,1.966003835393752,event,Activity classified by event type and edit destination; original commands omitted.,msg_0a17f49d6cbd7e7a016abb337a763087d29652df8f90ca8076
Coordinator,01a0eb15-2920-7902-9583-64ec8223a4a9,2026-09-29T03:41:48.436000+00:00,2026-09-29T03:42:07.891000+00:00,Documentation,19.455037084982013,gap assigned to next activity,Activity classified by event type and edit destination; original commands omitted.,exec-7e142784-3f5f-4a0c-a805-a6bd38b92264
Coordinator,01a0eb15-2920-7902-9583-64ec8223a4a9,2026-09-29T03:42:07.891000+00:00,2026-09-29T03:42:08.005000+00:00,Documentation,0.11400029976919213,event,Activity classified by event type and edit destination; original commands omitted.,exec-7e142784-3f5f-4a0c-a805-a6bd38b92264
Coordinator,01a0eb15-2920-7902-9583-64ec8223a4a9,2026-09-29T03:42:08.005000+00:00,2026-09-29T03:42:08.170000+00:00,Analysis,0.1650002770218343,gap assigned to next activity,Activity classified by event type and edit destination; original commands omitted.,exec-2f9a42a5-1e3b-467d-92e9-f25d1ef475bc
Coordinator,01a0eb15-2920-7902-9583-64ec8223a4a9,2026-09-29T03:42:08.170000+00:00,2026-09-29T03:42:08.637000+00:00,Analysis,0.4670008996528448,event,Activity classified by event type and edit destination; original commands omitted.,exec-2f9a42a5-1e3b-467d-92e9-f25d1ef475bc
Coordinator,01a0eb15-2920-7902-9583-64ec8223a4a9,2026-09-29T03:42:08.637000+00:00,2026-09-29T03:42:16.509000+00:00,Documentation,7.872015015439866,gap assigned to next activity,Activity classified by event type and edit destination; original commands omitted.,exec-f76b2c97-f79e-4ae9-bb59-67e9980903ef
Coordinator,01a0eb15-2920-7902-9583-64ec8223a4a9,2026-09-29T03:42:16.509000+00:00,2026-09-29T03:42:16.536000+00:00,Documentation,0.02700000198193025,event,Activity classified by event type and edit destination; original commands omitted.,exec-f76b2c97-f79e-4ae9-bb59-67e9980903ef
Coordinator,01a0eb15-2920-7902-9583-64ec8223a4a9,2026-09-29T03:42:16.536000+00:00,2026-09-29T03:42:24.782000+00:00,Communication and follow-up,8.246015802302045,gap assigned to next activity,Activity classified by event type and edit destination; original commands omitted.,call_f8OOBCROkI3AEZ8zSTgxiZMq
Coordinator,01a0eb15-2920-7902-9583-64ec8223a4a9,2026-09-29T03:42:24.782000+00:00,2026-09-29T03:42:33.367000+00:00,Communication and follow-up,8.58501643647937,gap assigned to next activity,Activity classified by event type and edit destination; original commands omitted.,call_CCpqi0EKWI74m6i2LbrstMpC
Coordinator,01a0eb15-2920-7902-9583-64ec8223a4a9,2026-09-29T03:42:33.367000+00:00,2026-09-29T03:42:37.381000+00:00,Analysis,4.014007606164022,gap assigned to next activity,Activity classified by event type and edit destination; original commands omitted.,rs_0a17f49d6cbd7e7a016abb33ad5f5c87d2b1678e00859a3ea9
Coordinator,01a0eb15-2920-7902-9583-64ec8223a4a9,2026-09-29T03:42:37.381000+00:00,2026-09-29T03:42:58.882000+00:00,Analysis,21.50104099689083,event,Activity classified by event type and edit destination; original commands omitted.,rs_0a17f49d6cbd7e7a016abb33ad5f5c87d2b1678e00859a3ea9
Coordinator,01a0eb15-2920-7902-9583-64ec8223a4a9,2026-09-29T03:42:58.882000+00:00,2026-09-29T03:43:01.988000+00:00,Analysis,3.106005879409535,gap assigned to next activity,Activity classified by event type and edit destination; original commands omitted.,exec-b1ad98d5-563d-4e33-a061-9844e313e563
Coordinator,01a0eb15-2920-7902-9583-64ec8223a4a9,2026-09-29T03:43:01.988000+00:00,2026-09-29T03:43:02.226000+00:00,Analysis,0.2380006091027671,event,Activity classified by event type and edit destination; original commands omitted.,exec-b1ad98d5-563d-4e33-a061-9844e313e563
Coordinator,01a0eb15-2920-7902-9583-64ec8223a4a9,2026-09-29T03:43:02.226000+00:00,2026-09-29T03:43:04.552000+00:00,Analysis,2.326004418130569,gap assigned to next activity,Activity classified by event type and edit destination; original commands omitted.,rs_0a17f49d6cbd7e7a016abb33c88ae887d299844659b01fad1a
Coordinator,01a0eb15-2920-7902-9583-64ec8223a4a9,2026-09-29T03:43:04.552000+00:00,2026-09-29T03:43:23.694000+00:00,Analysis,19.142036523355895,event,Activity classified by event type and edit destination; original commands omitted.,rs_0a17f49d6cbd7e7a016abb33c88ae887d299844659b01fad1a
Coordinator,01a0eb15-2920-7902-9583-64ec8223a4a9,2026-09-29T03:43:23.694000+00:00,2026-09-29T03:43:25.872000+00:00,Analysis,2.178004133526282,gap assigned to next activity,Activity classified by event type and edit destination; original commands omitted.,exec-4be1d339-768d-4af0-9158-a95395b93f99
Coordinator,01a0eb15-2920-7902-9583-64ec8223a4a9,2026-09-29T03:43:25.872000+00:00,2026-09-29T03:43:26.114000+00:00,Analysis,0.24200056524471333,event,Activity classified by event type and edit destination; original commands omitted.,exec-4be1d339-768d-4af0-9158-a95395b93f99
Coordinator,01a0eb15-2920-7902-9583-64ec8223a4a9,2026-09-29T03:43:26.114000+00:00,2026-09-29T03:43:31.652000+00:00,Analysis,5.5380104466063695,gap assigned to next activity,Activity classified by event type and edit destination; original commands omitted.,rs_0a17f49d6cbd7e7a016abb33e3a44087d29a8bbb2a22013fd8
Coordinator,01a0eb15-2920-7902-9583-64ec8223a4a9,2026-09-29T03:43:31.652000+00:00,2026-09-29T03:43:37.163000+00:00,Analysis,5.511010683043473,event,Activity classified by event type and edit destination; original commands omitted.,rs_0a17f49d6cbd7e7a016abb33e3a44087d29a8bbb2a22013fd8
Coordinator,01a0eb15-2920-7902-9583-64ec8223a4a9,2026-09-29T03:43:37.163000+00:00,2026-09-29T03:43:39.595000+00:00,Communication and follow-up,2.432004567196834,gap assigned to next activity,Activity classified by event type and edit destination; original commands omitted.,subagent-completed-01a0eb41-cd97-7683-aedc-ae4ea7179274
Coordinator,01a0eb15-2920-7902-9583-64ec8223a4a9,2026-09-29T03:43:39.595000+00:00,2026-09-29T03:43:56.423000+00:00,Analysis,16.828032212070198,gap assigned to next activity,Activity classified by event type and edit destination; original commands omitted.,exec-1ad06eb0-c6b9-4e9e-b8c5-3d90c658c2ac
Coordinator,01a0eb15-2920-7902-9583-64ec8223a4a9,2026-09-29T03:43:56.423000+00:00,2026-09-29T03:43:56.685000+00:00,Analysis,0.26200034595444455,event,Activity classified by event type and edit destination; original commands omitted.,exec-1ad06eb0-c6b9-4e9e-b8c5-3d90c658c2ac
Coordinator,01a0eb15-2920-7902-9583-64ec8223a4a9,2026-09-29T03:43:56.685000+00:00,2026-09-29T03:43:58.655000+00:00,Analysis,1.970003791535698,gap assigned to next activity,Activity classified by event type and edit destination; original commands omitted.,rs_0a17f49d6cbd7e7a016abb33fea51887d2b52b3b1fb5890615
Coordinator,01a0eb15-2920-7902-9583-64ec8223a4a9,2026-09-29T03:43:58.655000+00:00,2026-09-29T03:43:59.320000+00:00,Analysis,0.6650012320790459,event,Activity classified by event type and edit destination; original commands omitted.,rs_0a17f49d6cbd7e7a016abb33fea51887d2b52b3b1fb5890615
Coordinator,01a0eb15-2920-7902-9583-64ec8223a4a9,2026-09-29T03:43:59.320000+00:00,2026-09-29T03:44:03.246000+00:00,Analysis,3.926007617365067,gap assigned to next activity,Activity classified by event type and edit destination; original commands omitted.,exec-0f0b9f54-5977-4b38-8801-a241df1352a8
Coordinator,01a0eb15-2920-7902-9583-64ec8223a4a9,2026-09-29T03:44:03.246000+00:00,2026-09-29T03:44:03.480000+00:00,Analysis,0.23400041454178636,event,Activity classified by event type and edit destination; original commands omitted.,exec-0f0b9f54-5977-4b38-8801-a241df1352a8
Coordinator,01a0eb15-2920-7902-9583-64ec8223a4a9,2026-09-29T03:44:03.480000+00:00,2026-09-29T03:44:06.860000+00:00,Analysis,3.3800063322088527,gap assigned to next activity,Activity classified by event type and edit destination; original commands omitted.,rs_0a17f49d6cbd7e7a016abb3406d9c087d2a6421d4e5575b97f
Coordinator,01a0eb15-2920-7902-9583-64ec8223a4a9,2026-09-29T03:44:06.860000+00:00,2026-09-29T03:44:09.965000+00:00,Analysis,3.105005949978807,event,Activity classified by event type and edit destination; original commands omitted.,rs_0a17f49d6cbd7e7a016abb3406d9c087d2a6421d4e5575b97f
Coordinator,01a0eb15-2920-7902-9583-64ec8223a4a9,2026-09-29T03:44:09.965000+00:00,2026-09-29T03:44:12.044000+00:00,Communication and follow-up,2.0790039673131813,gap assigned to next activity,Activity classified by event type and edit destination; original commands omitted.,call_2iEOeii799yh88lMguEQ27xn
Coordinator,01a0eb15-2920-7902-9583-64ec8223a4a9,2026-09-29T03:44:12.044000+00:00,2026-09-29T03:44:14.184000+00:00,Analysis,2.1400041925492412,gap assigned to next activity,Activity classified by event type and edit destination; original commands omitted.,rs_0a17f49d6cbd7e7a016abb340e2cc887d28ee40ac09e5f3bf3
Coordinator,01a0eb15-2920-7902-9583-64ec8223a4a9,2026-09-29T03:44:14.184000+00:00,2026-09-29T03:44:23.345000+00:00,Analysis,9.161017511909698,event,Activity classified by event type and edit destination; original commands omitted.,rs_0a17f49d6cbd7e7a016abb340e2cc887d28ee40ac09e5f3bf3
Coordinator,01a0eb15-2920-7902-9583-64ec8223a4a9,2026-09-29T03:44:23.345000+00:00,2026-09-29T03:44:31.279000+00:00,Analysis,7.934015170106653,gap assigned to next activity,Activity classified by event type and edit destination; original commands omitted.,exec-eaefef24-807d-46bd-aee5-f06a351054b3
Coordinator,01a0eb15-2920-7902-9583-64ec8223a4a9,2026-09-29T03:44:31.279000+00:00,2026-09-29T03:44:31.525000+00:00,Analysis,0.2460005213866596,event,Activity classified by event type and edit destination; original commands omitted.,exec-eaefef24-807d-46bd-aee5-f06a351054b3
Coordinator,01a0eb15-2920-7902-9583-64ec8223a4a9,2026-09-29T03:44:31.525000+00:00,2026-09-29T03:44:33.215000+00:00,Analysis,1.6900030468949092,gap assigned to next activity,Activity classified by event type and edit destination; original commands omitted.,rs_0a17f49d6cbd7e7a016abb342134cc87d2add4e49b6ba070df
Coordinator,01a0eb15-2920-7902-9583-64ec8223a4a9,2026-09-29T03:44:33.215000+00:00,2026-09-29T03:44:47.996000+00:00,Analysis,14.781028370730654,event,Activity classified by event type and edit destination; original commands omitted.,rs_0a17f49d6cbd7e7a016abb342134cc87d2add4e49b6ba070df
Coordinator,01a0eb15-2920-7902-9583-64ec8223a4a9,2026-09-29T03:44:47.996000+00:00,2026-09-29T03:44:50.593000+00:00,Analysis,2.5970048442186684,gap assigned to next activity,Activity classified by event type and edit destination; original commands omitted.,exec-49e82535-3c70-4e3e-b052-02d286b83a29
Coordinator,01a0eb15-2920-7902-9583-64ec8223a4a9,2026-09-29T03:44:50.593000+00:00,2026-09-29T03:44:50.832000+00:00,Analysis,0.23900053853349504,event,Activity classified by event type and edit destination; original commands omitted.,exec-49e82535-3c70-4e3e-b052-02d286b83a29
Coordinator,01a0eb15-2920-7902-9583-64ec8223a4a9,2026-09-29T03:44:50.832000+00:00,2026-09-29T03:44:54.185000+00:00,Analysis,3.3530063302269224,gap assigned to next activity,Activity classified by event type and edit destination; original commands omitted.,rs_0a17f49d6cbd7e7a016abb34362bf887d2b1a618ab6ecef140
Coordinator,01a0eb15-2920-7902-9583-64ec8223a4a9,2026-09-29T03:44:54.185000+00:00,2026-09-29T03:44:56.951000+00:00,Analysis,2.7660053158014835,event,Activity classified by event type and edit destination; original commands omitted.,rs_0a17f49d6cbd7e7a016abb34362bf887d2b1a618ab6ecef140
Coordinator,01a0eb15-2920-7902-9583-64ec8223a4a9,2026-09-29T03:44:56.951000+00:00,2026-09-29T03:45:00.750000+00:00,Analysis,3.7990072813202738,gap assigned to next activity,Activity classified by event type and edit destination; original commands omitted.,exec-29a835e1-4a36-45dd-b3e8-ad713c91f03e
Coordinator,01a0eb15-2920-7902-9583-64ec8223a4a9,2026-09-29T03:45:00.750000+00:00,2026-09-29T03:45:00.993000+00:00,Analysis,0.24300049467544127,event,Activity classified by event type and edit destination; original commands omitted.,exec-29a835e1-4a36-45dd-b3e8-ad713c91f03e
Coordinator,01a0eb15-2920-7902-9583-64ec8223a4a9,2026-09-29T03:45:00.993000+00:00,2026-09-29T03:45:03.228000+00:00,Analysis,2.235004164201361,gap assigned to next activity,Activity classified by event type and edit destination; original commands omitted.,rs_0a17f49d6cbd7e7a016abb343f37f487d2a0bacb028c700925
Coordinator,01a0eb15-2920-7902-9583-64ec8223a4a9,2026-09-29T03:45:03.228000+00:00,2026-09-29T03:45:13.084000+00:00,Analysis,9.856019011100926,event,Activity classified by event type and edit destination; original commands omitted.,rs_0a17f49d6cbd7e7a016abb343f37f487d2a0bacb028c700925
Coordinator,01a0eb15-2920-7902-9583-64ec8223a4a9,2026-09-29T03:45:13.084000+00:00,2026-09-29T03:45:25.964000+00:00,Analysis,12.880024478295875,event,Activity classified by event type and edit destination; original commands omitted.,rs_0a17f49d6cbd7e7a016abb343f37f487d2a0bacb028c700925
Coordinator,01a0eb15-2920-7902-9583-64ec8223a4a9,2026-09-29T03:45:25.964000+00:00,2026-09-29T03:45:38.222000+00:00,Analysis,12.258023311185578,gap assigned to next activity,Activity classified by event type and edit destination; original commands omitted.,exec-e80efd04-d060-46b4-8028-adcf88fff1f1
Coordinator,01a0eb15-2920-7902-9583-64ec8223a4a9,2026-09-29T03:45:38.222000+00:00,2026-09-29T03:45:38.618000+00:00,Analysis,0.3960009032714369,event,Activity classified by event type and edit destination; original commands omitted.,exec-e80efd04-d060-46b4-8028-adcf88fff1f1
Coordinator,01a0eb15-2920-7902-9583-64ec8223a4a9,2026-09-29T03:45:38.618000+00:00,2026-09-29T03:45:43.438000+00:00,Analysis,4.82000913999419,gap assigned to next activity,Activity classified by event type and edit destination; original commands omitted.,rs_0a17f49d6cbd7e7a016abb3467697887d2aed2e9a4f9e6acdb
Coordinator,01a0eb15-2920-7902-9583-64ec8223a4a9,2026-09-29T03:45:43.438000+00:00,2026-09-29T03:45:45.538000+00:00,Analysis,2.10000415429171,event,Activity classified by event type and edit destination; original commands omitted.,rs_0a17f49d6cbd7e7a016abb3467697887d2aed2e9a4f9e6acdb
Coordinator,01a0eb15-2920-7902-9583-64ec8223a4a9,2026-09-29T03:45:45.538000+00:00,2026-09-29T03:46:06.491000+00:00,Documentation,20.953039852873157,gap assigned to next activity,Activity classified by event type and edit destination; original commands omitted.,exec-fde25191-42c6-45aa-ab04-b524fb0e9b64
Coordinator,01a0eb15-2920-7902-9583-64ec8223a4a9,2026-09-29T03:46:06.491000+00:00,2026-09-29T03:46:06.538000+00:00,Documentation,0.04700025952973046,event,Activity classified by event type and edit destination; original commands omitted.,exec-fde25191-42c6-45aa-ab04-b524fb0e9b64
Coordinator,01a0eb15-2920-7902-9583-64ec8223a4a9,2026-09-29T03:46:06.538000+00:00,2026-09-29T03:46:09.153000+00:00,Communication and follow-up,2.6150050044859783,gap assigned to next activity,Activity classified by event type and edit destination; original commands omitted.,msg_0a17f49d6cbd7e7a016abb348123b487d287472309cf6a8d62
Coordinator,01a0eb15-2920-7902-9583-64ec8223a4a9,2026-09-29T03:46:09.153000+00:00,2026-09-29T03:46:11.871000+00:00,Communication and follow-up,2.718005126841025,event,Activity classified by event type and edit destination; original commands omitted.,msg_0a17f49d6cbd7e7a016abb348123b487d287472309cf6a8d62
Coordinator,01a0eb15-2920-7902-9583-64ec8223a4a9,2026-09-29T03:46:11.871000+00:00,2026-09-29T03:46:21.030000+00:00,Communication and follow-up,9.159017414629208,gap assigned to next activity,Activity classified by event type and edit destination; original commands omitted.,call_UpsZlXFr5IgAYcf8Yh3bxJa3
Coordinator,01a0eb15-2920-7902-9583-64ec8223a4a9,2026-09-29T03:46:21.030000+00:00,2026-09-29T03:46:31.235000+00:00,Communication and follow-up,10.205019416423598,gap assigned to next activity,Activity classified by event type and edit destination; original commands omitted.,call_RE4vblwVl6D50fo9WC72S6Zv
Coordinator,01a0eb15-2920-7902-9583-64ec8223a4a9,2026-09-29T03:46:31.235000+00:00,2026-09-29T03:46:41.157000+00:00,Communication and follow-up,9.92201912190966,gap assigned to next activity,Activity classified by event type and edit destination; original commands omitted.,call_wZQojjFPq2npatmUBEZHoTXU
Coordinator,01a0eb15-2920-7902-9583-64ec8223a4a9,2026-09-29T03:46:41.157000+00:00,2026-09-29T03:46:44.113000+00:00,Analysis,2.9560054975247576,gap assigned to next activity,Activity classified by event type and edit destination; original commands omitted.,rs_0a17f49d6cbd7e7a016abb34a41a7887d28e20c1257f1031ff
Coordinator,01a0eb15-2920-7902-9583-64ec8223a4a9,2026-09-29T03:46:44.113000+00:00,2026-09-29T03:46:46.673000+00:00,Analysis,2.56000507109139,event,Activity classified by event type and edit destination; original commands omitted.,rs_0a17f49d6cbd7e7a016abb34a41a7887d28e20c1257f1031ff
Coordinator,01a0eb15-2920-7902-9583-64ec8223a4a9,2026-09-29T03:46:46.673000+00:00,2026-09-29T03:46:49.094000+00:00,Environment and operational integration,2.4210046282017235,gap assigned to next activity,Activity classified by event type and edit destination; original commands omitted.,exec-5fecdf74-1cd5-4d4e-9403-e0845b7c80f8
Coordinator,01a0eb15-2920-7902-9583-64ec8223a4a9,2026-09-29T03:46:49.094000+00:00,2026-09-29T03:46:49.328000+00:00,Environment and operational integration,0.23400041454178636,event,Activity classified by event type and edit destination; original commands omitted.,exec-5fecdf74-1cd5-4d4e-9403-e0845b7c80f8
Coordinator,01a0eb15-2920-7902-9583-64ec8223a4a9,2026-09-29T03:46:49.328000+00:00,2026-09-29T03:46:51.144000+00:00,Analysis,1.8160034535089744,gap assigned to next activity,Activity classified by event type and edit destination; original commands omitted.,rs_0a17f49d6cbd7e7a016abb34ab22ac87d2b1ba18f0f4f691cb
Coordinator,01a0eb15-2920-7902-9583-64ec8223a4a9,2026-09-29T03:46:51.144000+00:00,2026-09-29T03:46:54.583000+00:00,Analysis,3.439006460164422,event,Activity classified by event type and edit destination; original commands omitted.,rs_0a17f49d6cbd7e7a016abb34ab22ac87d2b1ba18f0f4f691cb
Coordinator,01a0eb15-2920-7902-9583-64ec8223a4a9,2026-09-29T03:46:54.583000+00:00,2026-09-29T03:47:03.812000+00:00,Environment and operational integration,9.229017719998922,gap assigned to next activity,Activity classified by event type and edit destination; original commands omitted.,exec-ec130144-5c42-40ec-99cc-5a7b6188bb88
Coordinator,01a0eb15-2920-7902-9583-64ec8223a4a9,2026-09-29T03:47:03.812000+00:00,2026-09-29T03:47:10.122000+00:00,Environment and operational integration,6.310011995601442,event,Activity classified by event type and edit destination; original commands omitted.,exec-ec130144-5c42-40ec-99cc-5a7b6188bb88
Coordinator,01a0eb15-2920-7902-9583-64ec8223a4a9,2026-09-29T03:47:10.122000+00:00,2026-09-29T03:47:33.527000+00:00,Analysis,23.40504467761779,event,Activity classified by event type and edit destination; original commands omitted.,rs_0a17f49d6cbd7e7a016abb34be1bb087d29d4a3fd402e514c6
Coordinator,01a0eb15-2920-7902-9583-64ec8223a4a9,2026-09-29T03:47:33.527000+00:00,2026-09-29T03:47:35.708000+00:00,Environment and operational integration,2.1810041602375003,event,Activity classified by event type and edit destination; original commands omitted.,exec-ec130144-5c42-40ec-99cc-5a7b6188bb88
Coordinator,01a0eb15-2920-7902-9583-64ec8223a4a9,2026-09-29T03:47:35.708000+00:00,2026-09-29T03:47:36.008000+00:00,Environment and operational integration,0.3000005253505201,event,Activity classified by event type and edit destination; original commands omitted.,exec-2bab37b0-ebd7-4cff-9fc6-357d0b26c06c
Coordinator,01a0eb15-2920-7902-9583-64ec8223a4a9,2026-09-29T03:47:36.008000+00:00,2026-09-29T03:47:40.094000+00:00,Environment and operational integration,4.086008008814227,event,Activity classified by event type and edit destination; original commands omitted.,exec-ec130144-5c42-40ec-99cc-5a7b6188bb88
Coordinator,01a0eb15-2920-7902-9583-64ec8223a4a9,2026-09-29T03:47:40.094000+00:00,2026-09-29T03:47:43.821000+00:00,Analysis,3.7270071170891033,gap assigned to next activity,Activity classified by event type and edit destination; original commands omitted.,rs_0a17f49d6cbd7e7a016abb34dfcfd487d2b2c0fcc62ead02c3
Coordinator,01a0eb15-2920-7902-9583-64ec8223a4a9,2026-09-29T03:47:43.821000+00:00,2026-09-29T03:48:04.699000+00:00,Analysis,20.87803966193077,event,Activity classified by event type and edit destination; original commands omitted.,rs_0a17f49d6cbd7e7a016abb34dfcfd487d2b2c0fcc62ead02c3
Coordinator,01a0eb15-2920-7902-9583-64ec8223a4a9,2026-09-29T03:48:04.699000+00:00,2026-09-29T03:48:07.489000+00:00,Communication and follow-up,2.79000552949123,gap assigned to next activity,Activity classified by event type and edit destination; original commands omitted.,call_taJfJNe8e4MIsrtAfkAGXy39
Coordinator,01a0eb15-2920-7902-9583-64ec8223a4a9,2026-09-29T03:48:07.489000+00:00,2026-09-29T03:48:23.220000+00:00,Analysis,15.731029994604128,gap assigned to next activity,Activity classified by event type and edit destination; original commands omitted.,exec-88453892-7e25-4d9c-8fec-e88969312de2
Coordinator,01a0eb15-2920-7902-9583-64ec8223a4a9,2026-09-29T03:48:23.220000+00:00,2026-09-29T03:48:23.456000+00:00,Analysis,0.23600051182227674,event,Activity classified by event type and edit destination; original commands omitted.,exec-88453892-7e25-4d9c-8fec-e88969312de2
Coordinator,01a0eb15-2920-7902-9583-64ec8223a4a9,2026-09-29T03:48:23.456000+00:00,2026-09-29T03:48:25.230000+00:00,Analysis,1.7740033179709527,gap assigned to next activity,Activity classified by event type and edit destination; original commands omitted.,rs_0a17f49d6cbd7e7a016abb3509381887d2bb6736a86f639c0a
Coordinator,01a0eb15-2920-7902-9583-64ec8223a4a9,2026-09-29T03:48:25.230000+00:00,2026-09-29T03:48:28.586000+00:00,Analysis,3.3560063569381406,event,Activity classified by event type and edit destination; original commands omitted.,rs_0a17f49d6cbd7e7a016abb3509381887d2bb6736a86f639c0a
Coordinator,01a0eb15-2920-7902-9583-64ec8223a4a9,2026-09-29T03:48:28.586000+00:00,2026-09-29T03:48:28.589000+00:00,Communication and follow-up,0.0030000267112183067,gap assigned to next activity,Activity classified by event type and edit destination; original commands omitted.,msg_0a17f49d6cbd7e7a016abb350c94bc87d2a0768f115d272a39
Coordinator,01a0eb15-2920-7902-9583-64ec8223a4a9,2026-09-29T03:48:28.589000+00:00,2026-09-29T03:48:30.475000+00:00,Communication and follow-up,1.8860035204596544,event,Activity classified by event type and edit destination; original commands omitted.,msg_0a17f49d6cbd7e7a016abb350c94bc87d2a0768f115d272a39
Coordinator,01a0eb15-2920-7902-9583-64ec8223a4a9,2026-09-29T03:48:30.475000+00:00,2026-09-29T03:48:43.462000+00:00,Analysis,12.987024795211902,gap assigned to next activity,Activity classified by event type and edit destination; original commands omitted.,exec-8c026da1-4b5f-4f0e-ab00-e472d280509a
Coordinator,01a0eb15-2920-7902-9583-64ec8223a4a9,2026-09-29T03:48:43.462000+00:00,2026-09-29T03:48:46.525000+00:00,Analysis,3.0630060528598198,event,Activity classified by event type and edit destination; original commands omitted.,exec-8c026da1-4b5f-4f0e-ab00-e472d280509a
Coordinator,01a0eb15-2920-7902-9583-64ec8223a4a9,2026-09-29T03:48:46.525000+00:00,2026-09-29T03:48:50.862000+00:00,Analysis,4.337008177354527,event,Activity classified by event type and edit destination; original commands omitted.,rs_0a17f49d6cbd7e7a016abb351e83cc87d2bc6b5a7a640fa6fd
Coordinator,01a0eb15-2920-7902-9583-64ec8223a4a9,2026-09-29T03:48:50.862000+00:00,2026-09-29T03:48:52.905000+00:00,Analysis,2.0430038851975962,event,Activity classified by event type and edit destination; original commands omitted.,exec-8c026da1-4b5f-4f0e-ab00-e472d280509a
Coordinator,01a0eb15-2920-7902-9583-64ec8223a4a9,2026-09-29T03:48:52.905000+00:00,2026-09-29T03:48:58.972000+00:00,Analysis,6.067011500926001,event,Activity classified by event type and edit destination; original commands omitted.,exec-8c026da1-4b5f-4f0e-ab00-e472d280509a
Coordinator,01a0eb15-2920-7902-9583-64ec8223a4a9,2026-09-29T03:48:58.972000+00:00,2026-09-29T03:49:01.120000+00:00,Analysis,2.1480041048331335,event,Activity classified by event type and edit destination; original commands omitted.,exec-8c026da1-4b5f-4f0e-ab00-e472d280509a
Coordinator,01a0eb15-2920-7902-9583-64ec8223a4a9,2026-09-29T03:49:01.120000+00:00,2026-09-29T03:49:22.492000+00:00,Analysis,21.372041040403616,event,Activity classified by event type and edit destination; original commands omitted.,rs_0a17f49d6cbd7e7a016abb352d1b9c87d29e43a51585705f6a
Coordinator,01a0eb15-2920-7902-9583-64ec8223a4a9,2026-09-29T03:49:22.492000+00:00,2026-09-29T03:49:29.434000+00:00,Analysis,6.942013172276122,event,Activity classified by event type and edit destination; original commands omitted.,exec-8c026da1-4b5f-4f0e-ab00-e472d280509a
Coordinator,01a0eb15-2920-7902-9583-64ec8223a4a9,2026-09-29T03:49:29.434000+00:00,2026-09-29T03:49:29.839000+00:00,Environment and operational integration,0.4050007449860573,event,Activity classified by event type and edit destination; original commands omitted.,exec-1ac7d8bf-b4eb-47a5-871f-a4741d8773b3
Coordinator,01a0eb15-2920-7902-9583-64ec8223a4a9,2026-09-29T03:49:29.839000+00:00,2026-09-29T03:49:31.477000+00:00,Analysis,1.638003140211539,event,Activity classified by event type and edit destination; original commands omitted.,exec-8c026da1-4b5f-4f0e-ab00-e472d280509a
Coordinator,01a0eb15-2920-7902-9583-64ec8223a4a9,2026-09-29T03:49:31.477000+00:00,2026-09-29T03:49:48.163000+00:00,Analysis,16.686031980888348,event,Activity classified by event type and edit destination; original commands omitted.,rs_0a17f49d6cbd7e7a016abb354b778487d2b968e7241ffe3e18
Coordinator,01a0eb15-2920-7902-9583-64ec8223a4a9,2026-09-29T03:49:48.163000+00:00,2026-09-29T03:49:54.826000+00:00,Analysis,6.663012595485095,event,Activity classified by event type and edit destination; original commands omitted.,rs_0a17f49d6cbd7e7a016abb354b778487d2b968e7241ffe3e18
Coordinator,01a0eb15-2920-7902-9583-64ec8223a4a9,2026-09-29T03:49:54.826000+00:00,2026-09-29T03:49:57.652000+00:00,Analysis,2.8260053731877806,gap assigned to next activity,Activity classified by event type and edit destination; original commands omitted.,rs_0a17f49d6cbd7e7a016abb3565a45887d2b685a001702b162f
Coordinator,01a0eb15-2920-7902-9583-64ec8223a4a9,2026-09-29T03:49:57.652000+00:00,2026-09-29T03:50:02.532000+00:00,Analysis,4.880009435799522,event,Activity classified by event type and edit destination; original commands omitted.,rs_0a17f49d6cbd7e7a016abb3565a45887d2b685a001702b162f
Coordinator,01a0eb15-2920-7902-9583-64ec8223a4a9,2026-09-29T03:50:02.532000+00:00,2026-09-29T03:50:04.523000+00:00,Communication and follow-up,1.9910037400951917,gap assigned to next activity,Activity classified by event type and edit destination; original commands omitted.,call_XJPvymMkeVNrrTfEs8Fpm6aS
Coordinator,01a0eb15-2920-7902-9583-64ec8223a4a9,2026-09-29T03:50:04.523000+00:00,2026-09-29T03:50:07.101000+00:00,Analysis,2.578004992939665,gap assigned to next activity,Activity classified by event type and edit destination; original commands omitted.,rs_0a17f49d6cbd7e7a016abb356f172487d2867b30a07076061e
Coordinator,01a0eb15-2920-7902-9583-64ec8223a4a9,2026-09-29T03:50:07.101000+00:00,2026-09-29T03:50:13.574000+00:00,Analysis,6.473012175342786,event,Activity classified by event type and edit destination; original commands omitted.,rs_0a17f49d6cbd7e7a016abb356f172487d2867b30a07076061e
Coordinator,01a0eb15-2920-7902-9583-64ec8223a4a9,2026-09-29T03:50:13.574000+00:00,2026-09-29T03:50:15.594000+00:00,Analysis,2.0200040777766466,gap assigned to next activity,Activity classified by event type and edit destination; original commands omitted.,exec-e0121509-b1a7-4454-878e-fb8535334f07
Coordinator,01a0eb15-2920-7902-9583-64ec8223a4a9,2026-09-29T03:50:15.594000+00:00,2026-09-29T03:50:15.829000+00:00,Analysis,0.2350003439725143,event,Activity classified by event type and edit destination; original commands omitted.,exec-e0121509-b1a7-4454-878e-fb8535334f07
Coordinator,01a0eb15-2920-7902-9583-64ec8223a4a9,2026-09-29T03:50:15.829000+00:00,2026-09-29T03:50:17.862000+00:00,Analysis,2.0330038756332134,gap assigned to next activity,Activity classified by event type and edit destination; original commands omitted.,rs_0a17f49d6cbd7e7a016abb3579da2887d286ad879095aaaf65
Coordinator,01a0eb15-2920-7902-9583-64ec8223a4a9,2026-09-29T03:50:17.862000+00:00,2026-09-29T03:50:21.745000+00:00,Analysis,3.883007313977283,event,Activity classified by event type and edit destination; original commands omitted.,rs_0a17f49d6cbd7e7a016abb3579da2887d286ad879095aaaf65
Coordinator,01a0eb15-2920-7902-9583-64ec8223a4a9,2026-09-29T03:50:21.745000+00:00,2026-09-29T03:50:24.535000+00:00,Analysis,2.79000552949123,gap assigned to next activity,Activity classified by event type and edit destination; original commands omitted.,exec-b8743066-14eb-4477-96b7-ed89518a2c3e
Coordinator,01a0eb15-2920-7902-9583-64ec8223a4a9,2026-09-29T03:50:24.535000+00:00,2026-09-29T03:50:24.767000+00:00,Analysis,0.232000317261296,event,Activity classified by event type and edit destination; original commands omitted.,exec-b8743066-14eb-4477-96b7-ed89518a2c3e
Coordinator,01a0eb15-2920-7902-9583-64ec8223a4a9,2026-09-29T03:50:24.767000+00:00,2026-09-29T03:50:28.846000+00:00,Analysis,4.079007787542028,gap assigned to next activity,Activity classified by event type and edit destination; original commands omitted.,rs_0a17f49d6cbd7e7a016abb3584d38887d286efed1a9e4a1c00
Coordinator,01a0eb15-2920-7902-9583-64ec8223a4a9,2026-09-29T03:50:28.846000+00:00,2026-09-29T03:50:41.933000+00:00,Analysis,13.087025129274764,event,Activity classified by event type and edit destination; original commands omitted.,rs_0a17f49d6cbd7e7a016abb3584d38887d286efed1a9e4a1c00
Coordinator,01a0eb15-2920-7902-9583-64ec8223a4a9,2026-09-29T03:50:41.933000+00:00,2026-09-29T03:50:57.971000+00:00,Analysis,16.038030502807814,gap assigned to next activity,Activity classified by event type and edit destination; original commands omitted.,rs_0a17f49d6cbd7e7a016abb35a1f59487d2b781d8eb8446eaf6
Coordinator,01a0eb15-2920-7902-9583-64ec8223a4a9,2026-09-29T03:50:57.971000+00:00,2026-09-29T03:51:00.213000+00:00,Analysis,2.24200438547356,event,Activity classified by event type and edit destination; original commands omitted.,rs_0a17f49d6cbd7e7a016abb35a1f59487d2b781d8eb8446eaf6
Coordinator,01a0eb15-2920-7902-9583-64ec8223a4a9,2026-09-29T03:51:00.213000+00:00,2026-09-29T03:51:28.502000+00:00,Implementation,28.289054069559263,gap assigned to next activity,Activity classified by event type and edit destination; original commands omitted.,exec-fda5aa74-538f-4142-a6e5-f5e0451058a3
Coordinator,01a0eb15-2920-7902-9583-64ec8223a4a9,2026-09-29T03:51:28.502000+00:00,2026-09-29T03:51:28.551000+00:00,Implementation,0.04900011839118633,event,Activity classified by event type and edit destination; original commands omitted.,exec-fda5aa74-538f-4142-a6e5-f5e0451058a3
Coordinator,01a0eb15-2920-7902-9583-64ec8223a4a9,2026-09-29T03:51:28.551000+00:00,2026-09-29T03:51:33.473000+00:00,Analysis,4.92200933291851,gap assigned to next activity,Activity classified by event type and edit destination; original commands omitted.,rs_0a17f49d6cbd7e7a016abb35c5766487d2a33f82d22785a7f4
Coordinator,01a0eb15-2920-7902-9583-64ec8223a4a9,2026-09-29T03:51:33.473000+00:00,2026-09-29T03:51:38.311000+00:00,Analysis,4.838009300261501,event,Activity classified by event type and edit destination; original commands omitted.,rs_0a17f49d6cbd7e7a016abb35c5766487d2a33f82d22785a7f4
Coordinator,01a0eb15-2920-7902-9583-64ec8223a4a9,2026-09-29T03:51:38.311000+00:00,2026-09-29T03:51:40.660000+00:00,Communication and follow-up,2.349004463970553,gap assigned to next activity,Activity classified by event type and edit destination; original commands omitted.,call_iow5h7fIlivnI9tzHhnehmQO
Coordinator,01a0eb15-2920-7902-9583-64ec8223a4a9,2026-09-29T03:51:40.660000+00:00,2026-09-29T03:51:43.608000+00:00,Analysis,2.9480055852408653,gap assigned to next activity,Activity classified by event type and edit destination; original commands omitted.,rs_0a17f49d6cbd7e7a016abb35cf98d887d2bec2448b504cc23e
Coordinator,01a0eb15-2920-7902-9583-64ec8223a4a9,2026-09-29T03:51:43.608000+00:00,2026-09-29T03:52:02.768000+00:00,Analysis,19.160036445204167,event,Activity classified by event type and edit destination; original commands omitted.,rs_0a17f49d6cbd7e7a016abb35cf98d887d2bec2448b504cc23e
Coordinator,01a0eb15-2920-7902-9583-64ec8223a4a9,2026-09-29T03:52:02.768000+00:00,2026-09-29T03:52:21.403000+00:00,Documentation,18.635035823864552,gap assigned to next activity,Activity classified by event type and edit destination; original commands omitted.,exec-952993c8-98a2-412d-ad76-e00916871c61
Coordinator,01a0eb15-2920-7902-9583-64ec8223a4a9,2026-09-29T03:52:21.403000+00:00,2026-09-29T03:52:21.468000+00:00,Documentation,0.06499994295897128,event,Activity classified by event type and edit destination; original commands omitted.,exec-952993c8-98a2-412d-ad76-e00916871c61
Coordinator,01a0eb15-2920-7902-9583-64ec8223a4a9,2026-09-29T03:52:21.468000+00:00,2026-09-29T03:52:21.633000+00:00,Analysis,0.1650002770218343,gap assigned to next activity,Activity classified by event type and edit destination; original commands omitted.,rs_0a17f49d6cbd7e7a016abb35fce40887d2bd4b84adf482dbaf
Coordinator,01a0eb15-2920-7902-9583-64ec8223a4a9,2026-09-29T03:52:21.633000+00:00,2026-09-29T03:52:21.974000+00:00,Analysis,0.34100073145781395,gap assigned to next activity,Activity classified by event type and edit destination; original commands omitted.,rs_0a17f49d6cbd7e7a016abb35fce40887d2bd4b84adf482dbaf
Coordinator,01a0eb15-2920-7902-9583-64ec8223a4a9,2026-09-29T03:52:21.974000+00:00,2026-09-29T03:52:28.903000+00:00,Analysis,6.929013374419555,gap assigned to next activity,Activity classified by event type and edit destination; original commands omitted.,rs_0a17f49d6cbd7e7a016abb35fce40887d2bd4b84adf482dbaf
Coordinator,01a0eb15-2920-7902-9583-64ec8223a4a9,2026-09-29T03:52:28.903000+00:00,2026-09-29T03:52:51.631000+00:00,Analysis,22.728043338693872,event,Activity classified by event type and edit destination; original commands omitted.,rs_0a17f49d6cbd7e7a016abb35fce40887d2bd4b84adf482dbaf
Coordinator,01a0eb15-2920-7902-9583-64ec8223a4a9,2026-09-29T03:52:51.631000+00:00,2026-09-29T03:52:51.633000+00:00,Analysis,0.0019998588614558656,gap assigned to next activity,Activity classified by event type and edit destination; original commands omitted.,rs_0a17f49d6cbd7e7a016abb361396e087d2b2a0246ba96cdd58
Coordinator,01a0eb15-2920-7902-9583-64ec8223a4a9,2026-09-29T03:52:51.633000+00:00,2026-09-29T03:53:09.493000+00:00,Analysis,17.86003424815826,event,Activity classified by event type and edit destination; original commands omitted.,rs_0a17f49d6cbd7e7a016abb361396e087d2b2a0246ba96cdd58
Coordinator,01a0eb15-2920-7902-9583-64ec8223a4a9,2026-09-29T03:53:09.493000+00:00,2026-09-29T03:53:09.496000+00:00,Analysis,0.0030000267112183067,gap assigned to next activity,Activity classified by event type and edit destination; original commands omitted.,rs_0a17f49d6cbd7e7a016abb36257b3087d2bee58f4c41bb62d5
Coordinator,01a0eb15-2920-7902-9583-64ec8223a4a9,2026-09-29T03:53:09.496000+00:00,2026-09-29T03:53:32.053000+00:00,Analysis,22.557043008249604,event,Activity classified by event type and edit destination; original commands omitted.,rs_0a17f49d6cbd7e7a016abb36257b3087d2bee58f4c41bb62d5
Coordinator,01a0eb15-2920-7902-9583-64ec8223a4a9,2026-09-29T03:53:32.053000+00:00,2026-09-29T03:53:32.058000+00:00,Communication and follow-up,0.005000123991708681,gap assigned to next activity,Activity classified by event type and edit destination; original commands omitted.,msg_0a17f49d6cbd7e7a016abb363c0a4887d29c572c32b2607eae
Coordinator,01a0eb15-2920-7902-9583-64ec8223a4a9,2026-09-29T03:53:32.058000+00:00,2026-09-29T03:53:33.679000+00:00,Communication and follow-up,1.6210029093749572,event,Activity classified by event type and edit destination; original commands omitted.,msg_0a17f49d6cbd7e7a016abb363c0a4887d29c572c32b2607eae
Coordinator,01a0eb15-2920-7902-9583-64ec8223a4a9,2026-09-29T03:53:33.679000+00:00,2026-09-29T03:53:36.645000+00:00,Analysis,2.966005745508175,gap assigned to next activity,Activity classified by event type and edit destination; original commands omitted.,exec-8c474e4f-bea1-477c-8d3d-fc58eb62a661
Coordinator,01a0eb15-2920-7902-9583-64ec8223a4a9,2026-09-29T03:53:36.645000+00:00,2026-09-29T03:53:36.891000+00:00,Analysis,0.2460005213866596,event,Activity classified by event type and edit destination; original commands omitted.,exec-8c474e4f-bea1-477c-8d3d-fc58eb62a661
Coordinator,01a0eb15-2920-7902-9583-64ec8223a4a9,2026-09-29T03:53:36.891000+00:00,2026-09-29T03:53:38.950000+00:00,Analysis,2.0590039481844156,gap assigned to next activity,Activity classified by event type and edit destination; original commands omitted.,rs_0a17f49d6cbd7e7a016abb3642f05c87d2a21bb4bda5e81412
Coordinator,01a0eb15-2920-7902-9583-64ec8223a4a9,2026-09-29T03:53:38.950000+00:00,2026-09-29T03:54:02.593000+00:00,Analysis,23.643045048301527,event,Activity classified by event type and edit destination; original commands omitted.,rs_0a17f49d6cbd7e7a016abb3642f05c87d2a21bb4bda5e81412
Coordinator,01a0eb15-2920-7902-9583-64ec8223a4a9,2026-09-29T03:54:02.593000+00:00,2026-09-29T03:54:40.668000+00:00,Implementation,38.07507277529047,gap assigned to next activity,Activity classified by event type and edit destination; original commands omitted.,exec-fbecd5e3-aaf9-4497-a388-b1f2bce75a86
Coordinator,01a0eb15-2920-7902-9583-64ec8223a4a9,2026-09-29T03:54:40.668000+00:00,2026-09-29T03:54:44.451000+00:00,Implementation,3.7830072183334544,event,Activity classified by event type and edit destination; original commands omitted.,exec-fbecd5e3-aaf9-4497-a388-b1f2bce75a86
Coordinator,01a0eb15-2920-7902-9583-64ec8223a4a9,2026-09-29T03:54:44.451000+00:00,2026-09-29T03:54:48.156000+00:00,Testing and verification,3.7050070006798475,gap assigned to next activity,Activity classified by event type and edit destination; original commands omitted.,exec-a2026350-e772-4979-805b-498da99e957e
Coordinator,01a0eb15-2920-7902-9583-64ec8223a4a9,2026-09-29T03:54:48.156000+00:00,2026-09-29T03:54:49.387000+00:00,Testing and verification,1.2310025363640258,event,Activity classified by event type and edit destination; original commands omitted.,exec-a2026350-e772-4979-805b-498da99e957e
Coordinator,01a0eb15-2920-7902-9583-64ec8223a4a9,2026-09-29T03:54:49.387000+00:00,2026-09-29T03:54:51.489000+00:00,Analysis,2.1020040131531657,gap assigned to next activity,Activity classified by event type and edit destination; original commands omitted.,rs_0a17f49d6cbd7e7a016abb368b79f487d29143ab562330ae25
Coordinator,01a0eb15-2920-7902-9583-64ec8223a4a9,2026-09-29T03:54:51.489000+00:00,2026-09-29T03:54:54.472000+00:00,Analysis,2.983005499506688,event,Activity classified by event type and edit destination; original commands omitted.,rs_0a17f49d6cbd7e7a016abb368b79f487d29143ab562330ae25
Coordinator,01a0eb15-2920-7902-9583-64ec8223a4a9,2026-09-29T03:54:54.472000+00:00,2026-09-29T03:54:58.555000+00:00,Analysis,4.083007982103009,gap assigned to next activity,Activity classified by event type and edit destination; original commands omitted.,rs_0a17f49d6cbd7e7a016abb36928a9887d2ad9911eb48f31830
Coordinator,01a0eb15-2920-7902-9583-64ec8223a4a9,2026-09-29T03:54:58.555000+00:00,2026-09-29T03:55:00.198000+00:00,Analysis,1.6430030257842132,event,Activity classified by event type and edit destination; original commands omitted.,rs_0a17f49d6cbd7e7a016abb36928a9887d2ad9911eb48f31830
Coordinator,01a0eb15-2920-7902-9583-64ec8223a4a9,2026-09-29T03:55:00.198000+00:00,2026-09-29T03:55:05.754000+00:00,Implementation,5.556010606873679,gap assigned to next activity,Activity classified by event type and edit destination; original commands omitted.,exec-8bec5769-d3b2-4ee9-b2ef-a4be74773dc1
Coordinator,01a0eb15-2920-7902-9583-64ec8223a4a9,2026-09-29T03:55:05.754000+00:00,2026-09-29T03:55:08.278000+00:00,Implementation,2.5240049889758045,event,Activity classified by event type and edit destination; original commands omitted.,exec-8bec5769-d3b2-4ee9-b2ef-a4be74773dc1
Coordinator,01a0eb15-2920-7902-9583-64ec8223a4a9,2026-09-29T03:55:08.278000+00:00,2026-09-29T03:55:10.485000+00:00,Testing and verification,2.207003994369668,gap assigned to next activity,Activity classified by event type and edit destination; original commands omitted.,exec-0fa34c25-c57a-41ff-bd76-dba70250005e
Coordinator,01a0eb15-2920-7902-9583-64ec8223a4a9,2026-09-29T03:55:10.485000+00:00,2026-09-29T03:55:13.513000+00:00,Testing and verification,3.0280059001749624,event,Activity classified by event type and edit destination; original commands omitted.,exec-0fa34c25-c57a-41ff-bd76-dba70250005e
Coordinator,01a0eb15-2920-7902-9583-64ec8223a4a9,2026-09-29T03:55:13.513000+00:00,2026-09-29T03:55:33.002000+00:00,Analysis,19.489037308236142,event,Activity classified by event type and edit destination; original commands omitted.,rs_0a17f49d6cbd7e7a016abb36a1804c87d2a8299685da7e82c9
Coordinator,01a0eb15-2920-7902-9583-64ec8223a4a9,2026-09-29T03:55:33.002000+00:00,2026-09-29T03:55:36.138000+00:00,Testing and verification,3.1360059081026836,event,Activity classified by event type and edit destination; original commands omitted.,exec-0fa34c25-c57a-41ff-bd76-dba70250005e
Coordinator,01a0eb15-2920-7902-9583-64ec8223a4a9,2026-09-29T03:55:36.138000+00:00,2026-09-29T03:55:36.425000+00:00,Analysis,0.28700048907491893,event,Activity classified by event type and edit destination; original commands omitted.,exec-bddd9911-57cd-4d0b-9600-b1d66f189671
Coordinator,01a0eb15-2920-7902-9583-64ec8223a4a9,2026-09-29T03:55:36.425000+00:00,2026-09-29T03:55:39.767000+00:00,Testing and verification,3.342006391231812,event,Activity classified by event type and edit destination; original commands omitted.,exec-0fa34c25-c57a-41ff-bd76-dba70250005e
Coordinator,01a0eb15-2920-7902-9583-64ec8223a4a9,2026-09-29T03:55:39.767000+00:00,2026-09-29T03:55:53.442000+00:00,Analysis,13.675026073130931,event,Activity classified by event type and edit destination; original commands omitted.,rs_0a17f49d6cbd7e7a016abb36bbc01087d2bfcbf1ec6d9c325a
Coordinator,01a0eb15-2920-7902-9583-64ec8223a4a9,2026-09-29T03:55:53.442000+00:00,2026-09-29T03:56:01.309000+00:00,Analysis,7.867015129867191,event,Activity classified by event type and edit destination; original commands omitted.,rs_0a17f49d6cbd7e7a016abb36bbc01087d2bfcbf1ec6d9c325a
Coordinator,01a0eb15-2920-7902-9583-64ec8223a4a9,2026-09-29T03:56:01.309000+00:00,2026-09-29T03:56:05.286000+00:00,Communication and follow-up,3.9770075946177093,gap assigned to next activity,Activity classified by event type and edit destination; original commands omitted.,call_rm6HCIVsydz0MlFYHwr1Fdle
Coordinator,01a0eb15-2920-7902-9583-64ec8223a4a9,2026-09-29T03:56:05.286000+00:00,2026-09-29T03:56:11.307000+00:00,Analysis,6.021011409246033,gap assigned to next activity,Activity classified by event type and edit destination; original commands omitted.,rs_0a17f49d6cbd7e7a016abb36db4b5087d2bf6cc03d766b6184
Coordinator,01a0eb15-2920-7902-9583-64ec8223a4a9,2026-09-29T03:56:11.307000+00:00,2026-09-29T03:56:11.878000+00:00,Analysis,0.571001189857654,event,Activity classified by event type and edit destination; original commands omitted.,rs_0a17f49d6cbd7e7a016abb36db4b5087d2bf6cc03d766b6184
Coordinator,01a0eb15-2920-7902-9583-64ec8223a4a9,2026-09-29T03:56:11.878000+00:00,2026-09-29T03:56:15.165000+00:00,Communication and follow-up,3.287006219418189,gap assigned to next activity,Activity classified by event type and edit destination; original commands omitted.,call_Ca7GQ3zAg94tLgbiBNoW6rJC
Coordinator,01a0eb15-2920-7902-9583-64ec8223a4a9,2026-09-29T03:56:15.165000+00:00,2026-09-29T03:56:22.172000+00:00,Analysis,7.007013353654128,gap assigned to next activity,Activity classified by event type and edit destination; original commands omitted.,rs_0a17f49d6cbd7e7a016abb36e6289487d2b2996c86b500dc91
Coordinator,01a0eb15-2920-7902-9583-64ec8223a4a9,2026-09-29T03:56:22.172000+00:00,2026-09-29T03:56:25.191000+00:00,Analysis,3.0190058200413077,event,Activity classified by event type and edit destination; original commands omitted.,rs_0a17f49d6cbd7e7a016abb36e6289487d2b2996c86b500dc91
Coordinator,01a0eb15-2920-7902-9583-64ec8223a4a9,2026-09-29T03:56:25.191000+00:00,2026-09-29T03:56:38.341000+00:00,Testing and verification,13.150025213372281,gap assigned to next activity,Activity classified by event type and edit destination; original commands omitted.,exec-746a0e55-f52c-4726-9422-adb39920a312
Coordinator,01a0eb15-2920-7902-9583-64ec8223a4a9,2026-09-29T03:56:38.341000+00:00,2026-09-29T03:56:39.505000+00:00,Testing and verification,1.1640022577055298,event,Activity classified by event type and edit destination; original commands omitted.,exec-746a0e55-f52c-4726-9422-adb39920a312
Coordinator,01a0eb15-2920-7902-9583-64ec8223a4a9,2026-09-29T03:56:39.505000+00:00,2026-09-29T03:56:39.779000+00:00,Analysis,0.2740004527993178,event,Activity classified by event type and edit destination; original commands omitted.,exec-893ff45b-4f86-4520-972b-75a5e78fb824
Coordinator,01a0eb15-2920-7902-9583-64ec8223a4a9,2026-09-29T03:56:39.779000+00:00,2026-09-29T03:56:41.506000+00:00,Testing and verification,1.7270032968602567,event,Activity classified by event type and edit destination; original commands omitted.,exec-746a0e55-f52c-4726-9422-adb39920a312
Coordinator,01a0eb15-2920-7902-9583-64ec8223a4a9,2026-09-29T03:56:41.506000+00:00,2026-09-29T03:56:47.107000+00:00,Analysis,5.601010769122919,event,Activity classified by event type and edit destination; original commands omitted.,rs_0a17f49d6cbd7e7a016abb36f97e7087d2be50f0589c33129d
Coordinator,01a0eb15-2920-7902-9583-64ec8223a4a9,2026-09-29T03:56:47.107000+00:00,2026-09-29T03:56:47.109000+00:00,Testing and verification,0.0019998588614558656,event,Activity classified by event type and edit destination; original commands omitted.,exec-746a0e55-f52c-4726-9422-adb39920a312
Coordinator,01a0eb15-2920-7902-9583-64ec8223a4a9,2026-09-29T03:56:47.109000+00:00,2026-09-29T03:56:49.598000+00:00,Communication and follow-up,2.4890048362909476,event,Activity classified by event type and edit destination; original commands omitted.,msg_0a17f49d6cbd7e7a016abb36ff193087d2b89f608150e4ba4e
Coordinator,01a0eb15-2920-7902-9583-64ec8223a4a9,2026-09-29T03:56:49.598000+00:00,2026-09-29T03:56:53.820000+00:00,Testing and verification,4.222007948154606,event,Activity classified by event type and edit destination; original commands omitted.,exec-746a0e55-f52c-4726-9422-adb39920a312
Coordinator,01a0eb15-2920-7902-9583-64ec8223a4a9,2026-09-29T03:56:53.820000+00:00,2026-09-29T03:57:03.346000+00:00,Testing and verification,9.526018218638225,event,Activity classified by event type and edit destination; original commands omitted.,exec-746a0e55-f52c-4726-9422-adb39920a312
Coordinator,01a0eb15-2920-7902-9583-64ec8223a4a9,2026-09-29T03:57:03.346000+00:00,2026-09-29T03:57:03.365000+00:00,Documentation,0.01900008969803777,event,Activity classified by event type and edit destination; original commands omitted.,exec-64319839-65d6-419c-85d8-13141da6f702
Coordinator,01a0eb15-2920-7902-9583-64ec8223a4a9,2026-09-29T03:57:03.365000+00:00,2026-09-29T03:57:03.530000+00:00,Testing and verification,0.1650002770218343,event,Activity classified by event type and edit destination; original commands omitted.,exec-746a0e55-f52c-4726-9422-adb39920a312
Coordinator,01a0eb15-2920-7902-9583-64ec8223a4a9,2026-09-29T03:57:03.530000+00:00,2026-09-29T03:57:03.921000+00:00,Environment and operational integration,0.3910007792797282,event,Activity classified by event type and edit destination; original commands omitted.,exec-9387c9e7-c9dc-42c5-86ce-593692e5e05c
Coordinator,01a0eb15-2920-7902-9583-64ec8223a4a9,2026-09-29T03:57:03.921000+00:00,2026-09-29T03:57:05.997000+00:00,Testing and verification,2.076003940601963,event,Activity classified by event type and edit destination; original commands omitted.,exec-746a0e55-f52c-4726-9422-adb39920a312
Coordinator,01a0eb15-2920-7902-9583-64ec8223a4a9,2026-09-29T03:57:05.997000+00:00,2026-09-29T03:57:20.027000+00:00,Analysis,14.030026770295075,event,Activity classified by event type and edit destination; original commands omitted.,rs_0a17f49d6cbd7e7a016abb3711fc2087d29fdf05ff008a3eb3
Coordinator,01a0eb15-2920-7902-9583-64ec8223a4a9,2026-09-29T03:57:20.027000+00:00,2026-09-29T03:57:24.709000+00:00,Analysis,4.682009103373321,event,Activity classified by event type and edit destination; original commands omitted.,rs_0a17f49d6cbd7e7a016abb3711fc2087d29fdf05ff008a3eb3
Coordinator,01a0eb15-2920-7902-9583-64ec8223a4a9,2026-09-29T03:57:24.709000+00:00,2026-09-29T03:57:24.710000+00:00,Analysis,0.0009999294307279328,gap assigned to next activity,Activity classified by event type and edit destination; original commands omitted.,rs_0a17f49d6cbd7e7a016abb3724b6c487d2b84606b86b9318d5
Coordinator,01a0eb15-2920-7902-9583-64ec8223a4a9,2026-09-29T03:57:24.710000+00:00,2026-09-29T03:57:41.394000+00:00,Analysis,16.684031883607858,event,Activity classified by event type and edit destination; original commands omitted.,rs_0a17f49d6cbd7e7a016abb3724b6c487d2b84606b86b9318d5
Coordinator,01a0eb15-2920-7902-9583-64ec8223a4a9,2026-09-29T03:57:41.394000+00:00,2026-09-29T03:57:44.159000+00:00,Environment and operational integration,2.765005147951721,gap assigned to next activity,Activity classified by event type and edit destination; original commands omitted.,exec-5c81cbc1-1700-4801-a3b5-1677076eaee8
Coordinator,01a0eb15-2920-7902-9583-64ec8223a4a9,2026-09-29T03:57:44.159000+00:00,2026-09-29T03:57:44.622000+00:00,Environment and operational integration,0.46300094351089854,event,Activity classified by event type and edit destination; original commands omitted.,exec-5c81cbc1-1700-4801-a3b5-1677076eaee8
Coordinator,01a0eb15-2920-7902-9583-64ec8223a4a9,2026-09-29T03:57:44.622000+00:00,2026-09-29T03:57:46.516000+00:00,Analysis,1.8940036711625814,gap assigned to next activity,Activity classified by event type and edit destination; original commands omitted.,rs_0a17f49d6cbd7e7a016abb373a88f887d288e8be84d86c0150
Coordinator,01a0eb15-2920-7902-9583-64ec8223a4a9,2026-09-29T03:57:46.516000+00:00,2026-09-29T03:57:47.995000+00:00,Analysis,1.4790026781931067,event,Activity classified by event type and edit destination; original commands omitted.,rs_0a17f49d6cbd7e7a016abb373a88f887d288e8be84d86c0150
Coordinator,01a0eb15-2920-7902-9583-64ec8223a4a9,2026-09-29T03:57:47.995000+00:00,2026-09-29T03:57:50.898000+00:00,Communication and follow-up,2.90300566141066,gap assigned to next activity,Activity classified by event type and edit destination; original commands omitted.,call_wcku0YnERHshCipwJpmGg7Lz
Coordinator,01a0eb15-2920-7902-9583-64ec8223a4a9,2026-09-29T03:57:50.898000+00:00,2026-09-29T03:57:54.121000+00:00,Technical diagnosis,3.2230062058899454,gap assigned to next activity,Activity classified by event type and edit destination; original commands omitted.,rs_0a17f49d6cbd7e7a016abb3742227887d2b0b79ba0313edc52
Coordinator,01a0eb15-2920-7902-9583-64ec8223a4a9,2026-09-29T03:57:54.121000+00:00,2026-09-29T03:57:59.615000+00:00,Technical diagnosis,5.494010452206892,event,Activity classified by event type and edit destination; original commands omitted.,rs_0a17f49d6cbd7e7a016abb3742227887d2b0b79ba0313edc52
Coordinator,01a0eb15-2920-7902-9583-64ec8223a4a9,2026-09-29T03:57:59.615000+00:00,2026-09-29T03:58:02.006000+00:00,Technical diagnosis,2.391004599508575,gap assigned to next activity,Activity classified by event type and edit destination; original commands omitted.,exec-b49e1166-ff16-4f5e-8ef3-02238b229dbc
Coordinator,01a0eb15-2920-7902-9583-64ec8223a4a9,2026-09-29T03:58:02.006000+00:00,2026-09-29T03:58:02.283000+00:00,Technical diagnosis,0.2770004795105361,event,Activity classified by event type and edit destination; original commands omitted.,exec-b49e1166-ff16-4f5e-8ef3-02238b229dbc
Coordinator,01a0eb15-2920-7902-9583-64ec8223a4a9,2026-09-29T03:58:02.283000+00:00,2026-09-29T03:58:05.270000+00:00,Analysis,2.9870056940676686,gap assigned to next activity,Activity classified by event type and edit destination; original commands omitted.,rs_0a17f49d6cbd7e7a016abb374d4aa887d29a385b724ad316ae
Coordinator,01a0eb15-2920-7902-9583-64ec8223a4a9,2026-09-29T03:58:05.270000+00:00,2026-09-29T03:58:16.363000+00:00,Analysis,11.09302112404932,event,Activity classified by event type and edit destination; original commands omitted.,rs_0a17f49d6cbd7e7a016abb374d4aa887d29a385b724ad316ae
Coordinator,01a0eb15-2920-7902-9583-64ec8223a4a9,2026-09-29T03:58:16.363000+00:00,2026-09-29T03:58:19.878000+00:00,Communication and follow-up,3.5150068189565733,gap assigned to next activity,Activity classified by event type and edit destination; original commands omitted.,call_FCj9rOtbBja4skX3GNrU4nN5
Coordinator,01a0eb15-2920-7902-9583-64ec8223a4a9,2026-09-29T03:58:19.878000+00:00,2026-09-29T03:58:23.191000+00:00,Analysis,3.313006291969391,gap assigned to next activity,Activity classified by event type and edit destination; original commands omitted.,rs_0a17f49d6cbd7e7a016abb375f368887d2a882714d1521b91c
Coordinator,01a0eb15-2920-7902-9583-64ec8223a4a9,2026-09-29T03:58:23.191000+00:00,2026-09-29T03:58:26.377000+00:00,Analysis,3.186006194343632,event,Activity classified by event type and edit destination; original commands omitted.,rs_0a17f49d6cbd7e7a016abb375f368887d2a882714d1521b91c
Coordinator,01a0eb15-2920-7902-9583-64ec8223a4a9,2026-09-29T03:58:26.377000+00:00,2026-09-29T03:58:27.586000+00:00,Testing and verification,1.2090021815357352,gap assigned to next activity,Activity classified by event type and edit destination; original commands omitted.,exec-a681caaf-6b75-4ead-89c7-ceb3634b979b
Coordinator,01a0eb15-2920-7902-9583-64ec8223a4a9,2026-09-29T03:58:27.586000+00:00,2026-09-29T03:58:32.335000+00:00,Analysis,4.749009143612783,gap assigned to next activity,Activity classified by event type and edit destination; original commands omitted.,rs_0a17f49d6cbd7e7a016abb376846e087d283036a1b112844bb
Coordinator,01a0eb15-2920-7902-9583-64ec8223a4a9,2026-09-29T03:58:32.335000+00:00,2026-09-29T03:58:57.349000+00:00,Analysis,25.01404771856691,event,Activity classified by event type and edit destination; original commands omitted.,rs_0a17f49d6cbd7e7a016abb376846e087d283036a1b112844bb
Coordinator,01a0eb15-2920-7902-9583-64ec8223a4a9,2026-09-29T03:58:57.349000+00:00,2026-09-29T03:59:03.204000+00:00,Analysis,5.855011202793471,gap assigned to next activity,Activity classified by event type and edit destination; original commands omitted.,rs_0a17f49d6cbd7e7a016abb378739b087d2a5bd97b00a2c93b2
Coordinator,01a0eb15-2920-7902-9583-64ec8223a4a9,2026-09-29T03:59:03.204000+00:00,2026-09-29T03:59:20.032000+00:00,Analysis,16.828032212070198,event,Activity classified by event type and edit destination; original commands omitted.,rs_0a17f49d6cbd7e7a016abb378739b087d2a5bd97b00a2c93b2
Coordinator,01a0eb15-2920-7902-9583-64ec8223a4a9,2026-09-29T03:59:20.032000+00:00,2026-09-29T03:59:24.150000+00:00,Analysis,4.118007896368831,gap assigned to next activity,Activity classified by event type and edit destination; original commands omitted.,rs_0a17f49d6cbd7e7a016abb379c2c0c87d2a2a45c7b1c2ffd06
Coordinator,01a0eb15-2920-7902-9583-64ec8223a4a9,2026-09-29T03:59:24.150000+00:00,2026-09-29T03:59:39.878000+00:00,Analysis,15.72802996789291,event,Activity classified by event type and edit destination; original commands omitted.,rs_0a17f49d6cbd7e7a016abb379c2c0c87d2a2a45c7b1c2ffd06
Coordinator,01a0eb15-2920-7902-9583-64ec8223a4a9,2026-09-29T03:59:39.878000+00:00,2026-09-29T03:59:55.041000+00:00,Environment and operational integration,15.163028831457693,gap assigned to next activity,Activity classified by event type and edit destination; original commands omitted.,exec-1b861acd-56e8-4895-a444-8518df5374ca
Coordinator,01a0eb15-2920-7902-9583-64ec8223a4a9,2026-09-29T03:59:55.041000+00:00,2026-09-29T03:59:55.068000+00:00,Environment and operational integration,0.02700024040096476,event,Activity classified by event type and edit destination; original commands omitted.,exec-1b861acd-56e8-4895-a444-8518df5374ca
Coordinator,01a0eb15-2920-7902-9583-64ec8223a4a9,2026-09-29T03:59:55.068000+00:00,2026-09-29T03:59:55.234000+00:00,Environment and operational integration,0.16600020645256225,gap assigned to next activity,Activity classified by event type and edit destination; original commands omitted.,exec-99ddce17-eead-4483-872a-e65a588e57ea
Coordinator,01a0eb15-2920-7902-9583-64ec8223a4a9,2026-09-29T03:59:55.234000+00:00,2026-09-29T03:59:55.520000+00:00,Environment and operational integration,0.286000559644191,event,Activity classified by event type and edit destination; original commands omitted.,exec-99ddce17-eead-4483-872a-e65a588e57ea
Coordinator,01a0eb15-2920-7902-9583-64ec8223a4a9,2026-09-29T03:59:55.520000+00:00,2026-09-29T03:59:57.182000+00:00,Analysis,1.662003115482251,gap assigned to next activity,Activity classified by event type and edit destination; original commands omitted.,rs_0a17f49d6cbd7e7a016abb37bd342c87d280b16dfeed0af6c8
Coordinator,01a0eb15-2920-7902-9583-64ec8223a4a9,2026-09-29T03:59:57.182000+00:00,2026-09-29T03:59:58.960000+00:00,Analysis,1.7780035125319336,event,Activity classified by event type and edit destination; original commands omitted.,rs_0a17f49d6cbd7e7a016abb37bd342c87d280b16dfeed0af6c8
Coordinator,01a0eb15-2920-7902-9583-64ec8223a4a9,2026-09-29T03:59:58.960000+00:00,2026-09-29T04:00:01.244000+00:00,Communication and follow-up,2.284004282592547,gap assigned to next activity,Activity classified by event type and edit destination; original commands omitted.,call_4jVRgPyCJcUkh4o2e7IFW6By
Coordinator,01a0eb15-2920-7902-9583-64ec8223a4a9,2026-09-29T04:00:01.244000+00:00,2026-09-29T04:00:02.972000+00:00,Analysis,1.7280032262909848,gap assigned to next activity,Activity classified by event type and edit destination; original commands omitted.,rs_0a17f49d6cbd7e7a016abb37c2fe9887d2857256f7a539364b
Coordinator,01a0eb15-2920-7902-9583-64ec8223a4a9,2026-09-29T04:00:02.972000+00:00,2026-09-29T04:00:18.535000+00:00,Analysis,15.563029929290112,event,Activity classified by event type and edit destination; original commands omitted.,rs_0a17f49d6cbd7e7a016abb37c2fe9887d2857256f7a539364b
Coordinator,01a0eb15-2920-7902-9583-64ec8223a4a9,2026-09-29T04:00:18.535000+00:00,2026-09-29T04:00:18.539000+00:00,Analysis,0.003999956141946239,gap assigned to next activity,Activity classified by event type and edit destination; original commands omitted.,rs_0a17f49d6cbd7e7a016abb37d28d9087d28495559b09db6baf
Coordinator,01a0eb15-2920-7902-9583-64ec8223a4a9,2026-09-29T04:00:18.539000+00:00,2026-09-29T04:00:32.335000+00:00,Analysis,13.796026355753288,event,Activity classified by event type and edit destination; original commands omitted.,rs_0a17f49d6cbd7e7a016abb37d28d9087d28495559b09db6baf
Coordinator,01a0eb15-2920-7902-9583-64ec8223a4a9,2026-09-29T04:00:32.335000+00:00,2026-09-29T04:00:33.969000+00:00,Communication and follow-up,1.6340031840695928,gap assigned to next activity,Activity classified by event type and edit destination; original commands omitted.,call_kjSRNosvpNfH8IRtIL3qP5Gn
Coordinator,01a0eb15-2920-7902-9583-64ec8223a4a9,2026-09-29T04:00:33.969000+00:00,2026-09-29T04:00:35.923000+00:00,Analysis,1.9540037285488785,gap assigned to next activity,Activity classified by event type and edit destination; original commands omitted.,rs_0a17f49d6cbd7e7a016abb37e3f22087d2bc20cc4797d14cab
Coordinator,01a0eb15-2920-7902-9583-64ec8223a4a9,2026-09-29T04:00:35.923000+00:00,2026-09-29T04:00:54.079000+00:00,Analysis,18.1560345789478,event,Activity classified by event type and edit destination; original commands omitted.,rs_0a17f49d6cbd7e7a016abb37e3f22087d2bc20cc4797d14cab
Coordinator,01a0eb15-2920-7902-9583-64ec8223a4a9,2026-09-29T04:00:54.079000+00:00,2026-09-29T04:00:57.332000+00:00,Environment and operational integration,3.253006234583094,gap assigned to next activity,Activity classified by event type and edit destination; original commands omitted.,exec-adfeab12-f3ec-4fe8-9348-d7a1d8461088
Coordinator,01a0eb15-2920-7902-9583-64ec8223a4a9,2026-09-29T04:00:57.332000+00:00,2026-09-29T04:00:57.676000+00:00,Environment and operational integration,0.34400075816903225,event,Activity classified by event type and edit destination; original commands omitted.,exec-adfeab12-f3ec-4fe8-9348-d7a1d8461088
Coordinator,01a0eb15-2920-7902-9583-64ec8223a4a9,2026-09-29T04:00:57.676000+00:00,2026-09-29T04:00:59.324000+00:00,Analysis,1.6480029113568873,gap assigned to next activity,Activity classified by event type and edit destination; original commands omitted.,rs_0a17f49d6cbd7e7a016abb37fb589c87d2af6f3e72b0647d71
Coordinator,01a0eb15-2920-7902-9583-64ec8223a4a9,2026-09-29T04:00:59.324000+00:00,2026-09-29T04:01:18.314000+00:00,Analysis,18.99003628260966,event,Activity classified by event type and edit destination; original commands omitted.,rs_0a17f49d6cbd7e7a016abb37fb589c87d2af6f3e72b0647d71
Coordinator,01a0eb15-2920-7902-9583-64ec8223a4a9,2026-09-29T04:01:18.314000+00:00,2026-09-29T04:01:18.320000+00:00,Communication and follow-up,0.0060000534224366135,gap assigned to next activity,Activity classified by event type and edit destination; original commands omitted.,msg_0a17f49d6cbd7e7a016abb380e514087d2b2f6d41e7ed94780
Coordinator,01a0eb15-2920-7902-9583-64ec8223a4a9,2026-09-29T04:01:18.320000+00:00,2026-09-29T04:01:19.992000+00:00,Communication and follow-up,1.6720033634656684,event,Activity classified by event type and edit destination; original commands omitted.,msg_0a17f49d6cbd7e7a016abb380e514087d2b2f6d41e7ed94780
Coordinator,01a0eb15-2920-7902-9583-64ec8223a4a9,2026-09-29T04:01:19.992000+00:00,2026-09-29T04:01:29.577000+00:00,Implementation,9.585018108174758,gap assigned to next activity,Activity classified by event type and edit destination; original commands omitted.,exec-6bf76536-7aef-4cf6-a1c5-9723639d7c9c
Coordinator,01a0eb15-2920-7902-9583-64ec8223a4a9,2026-09-29T04:01:29.577000+00:00,2026-09-29T04:01:29.838000+00:00,Implementation,0.2610006549427511,event,Activity classified by event type and edit destination; original commands omitted.,exec-6bf76536-7aef-4cf6-a1c5-9723639d7c9c
Coordinator,01a0eb15-2920-7902-9583-64ec8223a4a9,2026-09-29T04:01:29.838000+00:00,2026-09-29T04:01:31.906000+00:00,Analysis,2.068003789899036,gap assigned to next activity,Activity classified by event type and edit destination; original commands omitted.,rs_0a17f49d6cbd7e7a016abb381bead887d294ff8c2901b73602
Coordinator,01a0eb15-2920-7902-9583-64ec8223a4a9,2026-09-29T04:01:31.906000+00:00,2026-09-29T04:01:48.547000+00:00,Analysis,16.641031818639107,event,Activity classified by event type and edit destination; original commands omitted.,rs_0a17f49d6cbd7e7a016abb381bead887d294ff8c2901b73602
Coordinator,01a0eb15-2920-7902-9583-64ec8223a4a9,2026-09-29T04:01:48.547000+00:00,2026-09-29T04:01:52.317000+00:00,Analysis,3.770007182057853,gap assigned to next activity,Activity classified by event type and edit destination; original commands omitted.,rs_0a17f49d6cbd7e7a016abb3830569087d2b1eb0f959826e7ac
Coordinator,01a0eb15-2920-7902-9583-64ec8223a4a9,2026-09-29T04:01:52.317000+00:00,2026-09-29T04:02:07.875000+00:00,Analysis,15.558029805298402,event,Activity classified by event type and edit destination; original commands omitted.,rs_0a17f49d6cbd7e7a016abb3830569087d2b1eb0f959826e7ac
Coordinator,01a0eb15-2920-7902-9583-64ec8223a4a9,2026-09-29T04:02:07.875000+00:00,2026-09-29T04:02:07.877000+00:00,Analysis,0.0020000972804903737,gap assigned to next activity,Activity classified by event type and edit destination; original commands omitted.,rs_0a17f49d6cbd7e7a016abb383fe58487d28a238ba19dd7110d
Coordinator,01a0eb15-2920-7902-9583-64ec8223a4a9,2026-09-29T04:02:07.877000+00:00,2026-09-29T04:02:23.583000+00:00,Analysis,15.706029851483654,event,Activity classified by event type and edit destination; original commands omitted.,rs_0a17f49d6cbd7e7a016abb383fe58487d28a238ba19dd7110d
Coordinator,01a0eb15-2920-7902-9583-64ec8223a4a9,2026-09-29T04:02:23.583000+00:00,2026-09-29T04:02:27.367000+00:00,Analysis,3.784007386183217,gap assigned to next activity,Activity classified by event type and edit destination; original commands omitted.,exec-fc31a24e-0274-4f10-9705-344b224115c2
Coordinator,01a0eb15-2920-7902-9583-64ec8223a4a9,2026-09-29T04:02:27.367000+00:00,2026-09-29T04:02:27.672000+00:00,Analysis,0.30500041092319424,event,Activity classified by event type and edit destination; original commands omitted.,exec-fc31a24e-0274-4f10-9705-344b224115c2
Coordinator,01a0eb15-2920-7902-9583-64ec8223a4a9,2026-09-29T04:02:27.672000+00:00,2026-09-29T04:02:29.704000+00:00,Analysis,2.0320039462024857,gap assigned to next activity,Activity classified by event type and edit destination; original commands omitted.,rs_0a17f49d6cbd7e7a016abb3855b8d087d2ba74bed106744408
Coordinator,01a0eb15-2920-7902-9583-64ec8223a4a9,2026-09-29T04:02:29.704000+00:00,2026-09-29T04:02:30.687000+00:00,Analysis,0.983001917696876,event,Activity classified by event type and edit destination; original commands omitted.,rs_0a17f49d6cbd7e7a016abb3855b8d087d2ba74bed106744408
Coordinator,01a0eb15-2920-7902-9583-64ec8223a4a9,2026-09-29T04:02:30.687000+00:00,2026-09-29T04:02:32.795000+00:00,Testing and verification,2.108004066575602,gap assigned to next activity,Activity classified by event type and edit destination; original commands omitted.,exec-e608f978-6d34-41cb-9846-bae966c2af28
Coordinator,01a0eb15-2920-7902-9583-64ec8223a4a9,2026-09-29T04:02:32.795000+00:00,2026-09-29T04:02:35.652000+00:00,Analysis,2.8570053313116572,gap assigned to next activity,Activity classified by event type and edit destination; original commands omitted.,rs_0a17f49d6cbd7e7a016abb385bac8487d28edb7e7a49d26492
Coordinator,01a0eb15-2920-7902-9583-64ec8223a4a9,2026-09-29T04:02:35.652000+00:00,2026-09-29T04:02:42.273000+00:00,Analysis,6.621012698366108,event,Activity classified by event type and edit destination; original commands omitted.,rs_0a17f49d6cbd7e7a016abb385bac8487d28edb7e7a49d26492
Coordinator,01a0eb15-2920-7902-9583-64ec8223a4a9,2026-09-29T04:02:42.273000+00:00,2026-09-29T04:02:51.949000+00:00,Analysis,9.676018362103967,event,Activity classified by event type and edit destination; original commands omitted.,rs_0a17f49d6cbd7e7a016abb385bac8487d28edb7e7a49d26492
Coordinator,01a0eb15-2920-7902-9583-64ec8223a4a9,2026-09-29T04:02:51.949000+00:00,2026-09-29T04:02:57.350000+00:00,Analysis,5.401010339416228,gap assigned to next activity,Activity classified by event type and edit destination; original commands omitted.,rs_0a17f49d6cbd7e7a016abb38715f5887d29ea1b55048b142bb
Coordinator,01a0eb15-2920-7902-9583-64ec8223a4a9,2026-09-29T04:02:57.350000+00:00,2026-09-29T04:03:14.811000+00:00,Analysis,17.46103355659464,event,Activity classified by event type and edit destination; original commands omitted.,rs_0a17f49d6cbd7e7a016abb38715f5887d29ea1b55048b142bb
Coordinator,01a0eb15-2920-7902-9583-64ec8223a4a9,2026-09-29T04:03:14.811000+00:00,2026-09-29T04:03:20.490000+00:00,Communication and follow-up,5.679010748357491,gap assigned to next activity,Activity classified by event type and edit destination; original commands omitted.,call_XPt5UOGTDnKELZwaNksDXIeJ
Coordinator,01a0eb15-2920-7902-9583-64ec8223a4a9,2026-09-29T04:03:20.490000+00:00,2026-09-29T04:03:20.642000+00:00,Context compaction,0.15200024074623317,gap assigned to next activity,Activity classified by event type and edit destination; original commands omitted.,01a0eb54-d5c2-7542-acf6-8363ba6c3a7d
Coordinator,01a0eb15-2920-7902-9583-64ec8223a4a9,2026-09-29T04:03:20.642000+00:00,2026-09-29T04:06:10.187000+00:00,Context compaction,169.545323926644,event,Activity classified by event type and edit destination; original commands omitted.,01a0eb54-d5c2-7542-acf6-8363ba6c3a7d
Coordinator,01a0eb15-2920-7902-9583-64ec8223a4a9,2026-09-29T04:06:10.187000+00:00,2026-09-29T04:06:14.326000+00:00,Analysis,4.139007844928325,gap assigned to next activity,Activity classified by event type and edit destination; original commands omitted.,exec-5b4f2fd9-0afb-450a-969c-54d84d5469ac
Coordinator,01a0eb15-2920-7902-9583-64ec8223a4a9,2026-09-29T04:06:14.326000+00:00,2026-09-29T04:06:14.489000+00:00,Environment and operational integration,0.16300041816037847,gap assigned to next activity,Activity classified by event type and edit destination; original commands omitted.,exec-9a823d78-5e6e-4410-a5d9-3ecc5460323e
Coordinator,01a0eb15-2920-7902-9583-64ec8223a4a9,2026-09-29T04:06:14.489000+00:00,2026-09-29T04:06:14.752000+00:00,Environment and operational integration,0.26300051380420697,event,Activity classified by event type and edit destination; original commands omitted.,exec-9a823d78-5e6e-4410-a5d9-3ecc5460323e
Coordinator,01a0eb15-2920-7902-9583-64ec8223a4a9,2026-09-29T04:06:14.752000+00:00,2026-09-29T04:06:16.046000+00:00,Analysis,1.2940023820425068,gap assigned to next activity,Activity classified by event type and edit destination; original commands omitted.,rs_0a17f49d6cbd7e7a016abb39380f6087d2a4d78a4c5a718b87
Coordinator,01a0eb15-2920-7902-9583-64ec8223a4a9,2026-09-29T04:06:16.046000+00:00,2026-09-29T04:06:16.829000+00:00,Analysis,0.7830014879901843,event,Activity classified by event type and edit destination; original commands omitted.,rs_0a17f49d6cbd7e7a016abb39380f6087d2a4d78a4c5a718b87
Coordinator,01a0eb15-2920-7902-9583-64ec8223a4a9,2026-09-29T04:06:16.829000+00:00,2026-09-29T04:06:16.833000+00:00,Communication and follow-up,0.003999956141946239,gap assigned to next activity,Activity classified by event type and edit destination; original commands omitted.,msg_0a17f49d6cbd7e7a016abb3938db7487d28557ecbc0e2b87d5
Coordinator,01a0eb15-2920-7902-9583-64ec8223a4a9,2026-09-29T04:06:16.833000+00:00,2026-09-29T04:06:19.174000+00:00,Communication and follow-up,2.3410045516866607,event,Activity classified by event type and edit destination; original commands omitted.,msg_0a17f49d6cbd7e7a016abb3938db7487d28557ecbc0e2b87d5
Coordinator,01a0eb15-2920-7902-9583-64ec8223a4a9,2026-09-29T04:06:19.174000+00:00,2026-09-29T04:06:22.855000+00:00,Analysis,3.6810070254091354,gap assigned to next activity,Activity classified by event type and edit destination; original commands omitted.,exec-88244a81-9abe-4624-9f52-69977d804de5
Coordinator,01a0eb15-2920-7902-9583-64ec8223a4a9,2026-09-29T04:06:22.855000+00:00,2026-09-29T04:06:23.142000+00:00,Analysis,0.28700048907491893,event,Activity classified by event type and edit destination; original commands omitted.,exec-88244a81-9abe-4624-9f52-69977d804de5
Coordinator,01a0eb15-2920-7902-9583-64ec8223a4a9,2026-09-29T04:06:23.142000+00:00,2026-09-29T04:06:23.308000+00:00,Analysis,0.16600044487159676,gap assigned to next activity,Activity classified by event type and edit destination; original commands omitted.,exec-0f893561-bf83-4c1c-961c-b0b5ec816b10
Coordinator,01a0eb15-2920-7902-9583-64ec8223a4a9,2026-09-29T04:06:23.308000+00:00,2026-09-29T04:06:23.582000+00:00,Analysis,0.2740004527993178,event,Activity classified by event type and edit destination; original commands omitted.,exec-0f893561-bf83-4c1c-961c-b0b5ec816b10
Coordinator,01a0eb15-2920-7902-9583-64ec8223a4a9,2026-09-29T04:06:23.582000+00:00,2026-09-29T04:06:39.504000+00:00,Testing and verification,15.922030344177166,gap assigned to next activity,Activity classified by event type and edit destination; original commands omitted.,exec-7fccffac-f91b-4e2a-8dfc-84072695507c
Coordinator,01a0eb15-2920-7902-9583-64ec8223a4a9,2026-09-29T04:06:39.504000+00:00,2026-09-29T04:06:40.671000+00:00,Testing and verification,1.167002284416748,event,Activity classified by event type and edit destination; original commands omitted.,exec-7fccffac-f91b-4e2a-8dfc-84072695507c
Coordinator,01a0eb15-2920-7902-9583-64ec8223a4a9,2026-09-29T04:06:40.671000+00:00,2026-09-29T04:06:40.936000+00:00,Analysis,0.26500061108469736,event,Activity classified by event type and edit destination; original commands omitted.,exec-a4407a7c-abe4-41d4-bfba-3321616ea50a
Coordinator,01a0eb15-2920-7902-9583-64ec8223a4a9,2026-09-29T04:06:40.936000+00:00,2026-09-29T04:06:42.787000+00:00,Testing and verification,1.8510033677747972,event,Activity classified by event type and edit destination; original commands omitted.,exec-7fccffac-f91b-4e2a-8dfc-84072695507c
Coordinator,01a0eb15-2920-7902-9583-64ec8223a4a9,2026-09-29T04:06:42.787000+00:00,2026-09-29T04:06:44.627000+00:00,Analysis,1.840003667198721,event,Activity classified by event type and edit destination; original commands omitted.,rs_0a17f49d6cbd7e7a016abb3952cdcc87d2a3846c6925f65769
Coordinator,01a0eb15-2920-7902-9583-64ec8223a4a9,2026-09-29T04:06:44.627000+00:00,2026-09-29T04:06:46.552000+00:00,Testing and verification,1.9250036292864579,event,Activity classified by event type and edit destination; original commands omitted.,exec-7fccffac-f91b-4e2a-8dfc-84072695507c
Coordinator,01a0eb15-2920-7902-9583-64ec8223a4a9,2026-09-29T04:06:46.552000+00:00,2026-09-29T04:06:53.207000+00:00,Testing and verification,6.655012683201203,event,Activity classified by event type and edit destination; original commands omitted.,exec-7fccffac-f91b-4e2a-8dfc-84072695507c
Coordinator,01a0eb15-2920-7902-9583-64ec8223a4a9,2026-09-29T04:06:53.207000+00:00,2026-09-29T04:06:53.521000+00:00,Analysis,0.3140004910568492,event,Activity classified by event type and edit destination; original commands omitted.,exec-ab4d3690-cccf-4e43-81b9-58545df9e7cc
Coordinator,01a0eb15-2920-7902-9583-64ec8223a4a9,2026-09-29T04:06:53.521000+00:00,2026-09-29T04:06:53.686000+00:00,Testing and verification,0.16500051544086883,event,Activity classified by event type and edit destination; original commands omitted.,exec-7fccffac-f91b-4e2a-8dfc-84072695507c
Coordinator,01a0eb15-2920-7902-9583-64ec8223a4a9,2026-09-29T04:06:53.686000+00:00,2026-09-29T04:06:53.979000+00:00,Analysis,0.2930005424973555,event,Activity classified by event type and edit destination; original commands omitted.,exec-578bf3ff-6c44-4b0a-b195-058185ed40e9
Coordinator,01a0eb15-2920-7902-9583-64ec8223a4a9,2026-09-29T04:06:53.979000+00:00,2026-09-29T04:06:56.196000+00:00,Testing and verification,2.2170042423530854,event,Activity classified by event type and edit destination; original commands omitted.,exec-7fccffac-f91b-4e2a-8dfc-84072695507c
Coordinator,01a0eb15-2920-7902-9583-64ec8223a4a9,2026-09-29T04:06:56.196000+00:00,2026-09-29T04:06:57.290000+00:00,Analysis,1.0940019523358153,event,Activity classified by event type and edit destination; original commands omitted.,rs_0a17f49d6cbd7e7a016abb3960385887d28a7f6dbc3af382f4
Coordinator,01a0eb15-2920-7902-9583-64ec8223a4a9,2026-09-29T04:06:57.290000+00:00,2026-09-29T04:07:01.924000+00:00,Testing and verification,4.6340089144128624,event,Activity classified by event type and edit destination; original commands omitted.,exec-7fccffac-f91b-4e2a-8dfc-84072695507c
Coordinator,01a0eb15-2920-7902-9583-64ec8223a4a9,2026-09-29T04:07:01.924000+00:00,2026-09-29T04:07:02.239000+00:00,Analysis,0.3150006589066116,event,Activity classified by event type and edit destination; original commands omitted.,exec-184f8962-2f0c-4227-99bd-83537e760411
Coordinator,01a0eb15-2920-7902-9583-64ec8223a4a9,2026-09-29T04:07:02.239000+00:00,2026-09-29T04:07:02.405000+00:00,Testing and verification,0.16600020645256225,event,Activity classified by event type and edit destination; original commands omitted.,exec-7fccffac-f91b-4e2a-8dfc-84072695507c
Coordinator,01a0eb15-2920-7902-9583-64ec8223a4a9,2026-09-29T04:07:02.405000+00:00,2026-09-29T04:07:02.673000+00:00,Technical diagnosis,0.26800063779591565,event,Activity classified by event type and edit destination; original commands omitted.,exec-33bb3622-0496-4217-b715-8838e1b4ace2
Coordinator,01a0eb15-2920-7902-9583-64ec8223a4a9,2026-09-29T04:07:02.673000+00:00,2026-09-29T04:07:04.270000+00:00,Testing and verification,1.597002934104245,event,Activity classified by event type and edit destination; original commands omitted.,exec-7fccffac-f91b-4e2a-8dfc-84072695507c
Coordinator,01a0eb15-2920-7902-9583-64ec8223a4a9,2026-09-29T04:07:04.270000+00:00,2026-09-29T04:07:06.474000+00:00,Analysis,2.2040042060774843,event,Activity classified by event type and edit destination; original commands omitted.,rs_0a17f49d6cbd7e7a016abb39684a5487d29e659714dd131e5c
Coordinator,01a0eb15-2920-7902-9583-64ec8223a4a9,2026-09-29T04:07:06.474000+00:00,2026-09-29T04:07:12.258000+00:00,Testing and verification,5.784010967993029,event,Activity classified by event type and edit destination; original commands omitted.,exec-7fccffac-f91b-4e2a-8dfc-84072695507c
Coordinator,01a0eb15-2920-7902-9583-64ec8223a4a9,2026-09-29T04:07:12.258000+00:00,2026-09-29T04:07:12.582000+00:00,Analysis,0.32400073904026655,event,Activity classified by event type and edit destination; original commands omitted.,exec-e6912f14-f7d1-4f9d-b7d0-9a01af8a28f6
Coordinator,01a0eb15-2920-7902-9583-64ec8223a4a9,2026-09-29T04:07:12.582000+00:00,2026-09-29T04:07:12.747000+00:00,Testing and verification,0.1650002770218343,event,Activity classified by event type and edit destination; original commands omitted.,exec-7fccffac-f91b-4e2a-8dfc-84072695507c
Coordinator,01a0eb15-2920-7902-9583-64ec8223a4a9,2026-09-29T04:07:12.747000+00:00,2026-09-29T04:07:13.043000+00:00,Analysis,0.29600056920857387,event,Activity classified by event type and edit destination; original commands omitted.,exec-5d7936f3-9035-4ba9-a637-9bca7cad1dc3
Coordinator,01a0eb15-2920-7902-9583-64ec8223a4a9,2026-09-29T04:07:13.043000+00:00,2026-09-29T04:07:14.747000+00:00,Testing and verification,1.7040032510202727,event,Activity classified by event type and edit destination; original commands omitted.,exec-7fccffac-f91b-4e2a-8dfc-84072695507c
Coordinator,01a0eb15-2920-7902-9583-64ec8223a4a9,2026-09-29T04:07:14.747000+00:00,2026-09-29T04:07:15.737000+00:00,Analysis,0.9900019005500404,event,Activity classified by event type and edit destination; original commands omitted.,rs_0a17f49d6cbd7e7a016abb3972c57487d2bfe18d9740215029
Coordinator,01a0eb15-2920-7902-9583-64ec8223a4a9,2026-09-29T04:07:15.737000+00:00,2026-09-29T04:07:20.318000+00:00,Testing and verification,4.58100883987973,event,Activity classified by event type and edit destination; original commands omitted.,exec-7fccffac-f91b-4e2a-8dfc-84072695507c
Coordinator,01a0eb15-2920-7902-9583-64ec8223a4a9,2026-09-29T04:07:20.318000+00:00,2026-09-29T04:07:20.604000+00:00,Analysis,0.286000559644191,event,Activity classified by event type and edit destination; original commands omitted.,exec-f9e03e59-c5cb-494e-8a34-188871e8072a
Coordinator,01a0eb15-2920-7902-9583-64ec8223a4a9,2026-09-29T04:07:20.604000+00:00,2026-09-29T04:07:25.773000+00:00,Testing and verification,5.1690097837358975,event,Activity classified by event type and edit destination; original commands omitted.,exec-7fccffac-f91b-4e2a-8dfc-84072695507c
Coordinator,01a0eb15-2920-7902-9583-64ec8223a4a9,2026-09-29T04:07:25.773000+00:00,2026-09-29T04:07:26.069000+00:00,Technical diagnosis,0.29600056920857387,event,Activity classified by event type and edit destination; original commands omitted.,exec-10a21c41-0949-4d29-a047-0eb74f3012fc
Coordinator,01a0eb15-2920-7902-9583-64ec8223a4a9,2026-09-29T04:07:26.069000+00:00,2026-09-29T04:07:27.636000+00:00,Testing and verification,1.5670029054110965,event,Activity classified by event type and edit destination; original commands omitted.,exec-7fccffac-f91b-4e2a-8dfc-84072695507c
Coordinator,01a0eb15-2920-7902-9583-64ec8223a4a9,2026-09-29T04:07:27.636000+00:00,2026-09-29T04:07:29.018000+00:00,Analysis,1.3820026092604967,event,Activity classified by event type and edit destination; original commands omitted.,rs_0a17f49d6cbd7e7a016abb397fa92887d28dce61f28384a2eb
Coordinator,01a0eb15-2920-7902-9583-64ec8223a4a9,2026-09-29T04:07:29.018000+00:00,2026-09-29T04:07:32.555000+00:00,Testing and verification,3.537006935365829,event,Activity classified by event type and edit destination; original commands omitted.,exec-7fccffac-f91b-4e2a-8dfc-84072695507c
Coordinator,01a0eb15-2920-7902-9583-64ec8223a4a9,2026-09-29T04:07:32.555000+00:00,2026-09-29T04:07:32.844000+00:00,Environment and operational integration,0.2890005863554093,event,Activity classified by event type and edit destination; original commands omitted.,exec-545745ce-3503-44e0-9499-64096975ed4c
Coordinator,01a0eb15-2920-7902-9583-64ec8223a4a9,2026-09-29T04:07:32.844000+00:00,2026-09-29T04:07:35.571000+00:00,Testing and verification,2.72700520697468,event,Activity classified by event type and edit destination; original commands omitted.,exec-7fccffac-f91b-4e2a-8dfc-84072695507c
Coordinator,01a0eb15-2920-7902-9583-64ec8223a4a9,2026-09-29T04:07:35.571000+00:00,2026-09-29T04:07:36.191000+00:00,Analysis,0.6200010698298059,event,Activity classified by event type and edit destination; original commands omitted.,rs_0a17f49d6cbd7e7a016abb398796dc87d2aa8e15fdaa9c149f
Coordinator,01a0eb15-2920-7902-9583-64ec8223a4a9,2026-09-29T04:07:36.191000+00:00,2026-09-29T04:07:38.668000+00:00,Testing and verification,2.477004729446074,event,Activity classified by event type and edit destination; original commands omitted.,exec-7fccffac-f91b-4e2a-8dfc-84072695507c
Coordinator,01a0eb15-2920-7902-9583-64ec8223a4a9,2026-09-29T04:07:38.668000+00:00,2026-09-29T04:07:40.716000+00:00,Testing and verification,2.048004009189305,event,Activity classified by event type and edit destination; original commands omitted.,exec-7fccffac-f91b-4e2a-8dfc-84072695507c
Coordinator,01a0eb15-2920-7902-9583-64ec8223a4a9,2026-09-29T04:07:40.716000+00:00,2026-09-29T04:07:42.057000+00:00,Analysis,1.3410024031532026,event,Activity classified by event type and edit destination; original commands omitted.,rs_0a17f49d6cbd7e7a016abb398cbd7087d2ad1b89df643f02cf
Coordinator,01a0eb15-2920-7902-9583-64ec8223a4a9,2026-09-29T04:07:42.057000+00:00,2026-09-29T04:07:46.328000+00:00,Testing and verification,4.271008304964827,event,Activity classified by event type and edit destination; original commands omitted.,exec-7fccffac-f91b-4e2a-8dfc-84072695507c
Coordinator,01a0eb15-2920-7902-9583-64ec8223a4a9,2026-09-29T04:07:46.328000+00:00,2026-09-29T04:07:46.590000+00:00,Analysis,0.26200034595444455,event,Activity classified by event type and edit destination; original commands omitted.,exec-1e1bf9d0-f1ee-4ffb-ad9c-b4a7cccb935e
Coordinator,01a0eb15-2920-7902-9583-64ec8223a4a9,2026-09-29T04:07:46.590000+00:00,2026-09-29T04:07:46.754000+00:00,Testing and verification,0.16400034759110638,event,Activity classified by event type and edit destination; original commands omitted.,exec-7fccffac-f91b-4e2a-8dfc-84072695507c
Coordinator,01a0eb15-2920-7902-9583-64ec8223a4a9,2026-09-29T04:07:46.754000+00:00,2026-09-29T04:07:47.037000+00:00,Technical diagnosis,0.28300053293297267,event,Activity classified by event type and edit destination; original commands omitted.,exec-7b594c8a-f679-4514-84df-7b186ee4c5b2
Coordinator,01a0eb15-2920-7902-9583-64ec8223a4a9,2026-09-29T04:07:47.037000+00:00,2026-09-29T04:07:48.274000+00:00,Testing and verification,1.237002351367428,event,Activity classified by event type and edit destination; original commands omitted.,exec-7fccffac-f91b-4e2a-8dfc-84072695507c
Coordinator,01a0eb15-2920-7902-9583-64ec8223a4a9,2026-09-29T04:07:48.274000+00:00,2026-09-29T04:07:51.161000+00:00,Analysis,2.88700559842384,event,Activity classified by event type and edit destination; original commands omitted.,rs_0a17f49d6cbd7e7a016abb39944c1487d2bdd29723c8c374ef
Coordinator,01a0eb15-2920-7902-9583-64ec8223a4a9,2026-09-29T04:07:51.161000+00:00,2026-09-29T04:08:19.219000+00:00,Testing and verification,28.058053681728694,event,Activity classified by event type and edit destination; original commands omitted.,exec-7fccffac-f91b-4e2a-8dfc-84072695507c
Coordinator,01a0eb15-2920-7902-9583-64ec8223a4a9,2026-09-29T04:08:19.219000+00:00,2026-09-29T04:08:19.792000+00:00,Documentation,0.57300104871911,event,Activity classified by event type and edit destination; original commands omitted.,exec-940ec87c-07b7-4741-8a69-15f2f80f5745
Coordinator,01a0eb15-2920-7902-9583-64ec8223a4a9,2026-09-29T04:08:19.792000+00:00,2026-09-29T04:08:22.553000+00:00,Testing and verification,2.7610051918097747,event,Activity classified by event type and edit destination; original commands omitted.,exec-7fccffac-f91b-4e2a-8dfc-84072695507c
Coordinator,01a0eb15-2920-7902-9583-64ec8223a4a9,2026-09-29T04:08:22.553000+00:00,2026-09-29T04:08:23.429000+00:00,Technical diagnosis,0.8760016007808483,event,Activity classified by event type and edit destination; original commands omitted.,rs_0a17f49d6cbd7e7a016abb39b691e887d2ab6648f503664217
Coordinator,01a0eb15-2920-7902-9583-64ec8223a4a9,2026-09-29T04:08:23.429000+00:00,2026-09-29T04:08:25.383000+00:00,Testing and verification,1.9540037285488785,event,Activity classified by event type and edit destination; original commands omitted.,exec-7fccffac-f91b-4e2a-8dfc-84072695507c
Coordinator,01a0eb15-2920-7902-9583-64ec8223a4a9,2026-09-29T04:08:25.383000+00:00,2026-09-29T04:08:26.506000+00:00,Technical diagnosis,1.1230022900172703,event,Activity classified by event type and edit destination; original commands omitted.,rs_0a17f49d6cbd7e7a016abb39b9682087d2bdae25d9f643cbd8
Coordinator,01a0eb15-2920-7902-9583-64ec8223a4a9,2026-09-29T04:08:26.506000+00:00,2026-09-29T04:08:26.510000+00:00,Testing and verification,0.003999956141946239,event,Activity classified by event type and edit destination; original commands omitted.,exec-7fccffac-f91b-4e2a-8dfc-84072695507c
Coordinator,01a0eb15-2920-7902-9583-64ec8223a4a9,2026-09-29T04:08:26.510000+00:00,2026-09-29T04:08:28.471000+00:00,Communication and follow-up,1.961003711402043,event,Activity classified by event type and edit destination; original commands omitted.,msg_0a17f49d6cbd7e7a016abb39ba88ec87d2b6f9a18c6c5fb97e
Coordinator,01a0eb15-2920-7902-9583-64ec8223a4a9,2026-09-29T04:08:28.471000+00:00,2026-09-29T04:08:35.463000+00:00,Testing and verification,6.992013458517071,event,Activity classified by event type and edit destination; original commands omitted.,exec-7fccffac-f91b-4e2a-8dfc-84072695507c
Coordinator,01a0eb15-2920-7902-9583-64ec8223a4a9,2026-09-29T04:08:35.463000+00:00,2026-09-29T04:08:35.801000+00:00,Technical diagnosis,0.33800070474659566,event,Activity classified by event type and edit destination; original commands omitted.,exec-a1f5987c-cd94-42b9-b3f2-1b1483bef209
Coordinator,01a0eb15-2920-7902-9583-64ec8223a4a9,2026-09-29T04:08:35.801000+00:00,2026-09-29T04:08:35.965000+00:00,Testing and verification,0.1640001091720719,event,Activity classified by event type and edit destination; original commands omitted.,exec-7fccffac-f91b-4e2a-8dfc-84072695507c
Coordinator,01a0eb15-2920-7902-9583-64ec8223a4a9,2026-09-29T04:08:35.965000+00:00,2026-09-29T04:08:36.308000+00:00,Environment and operational integration,0.3430008287383043,event,Activity classified by event type and edit destination; original commands omitted.,exec-5e4f276f-bb5a-40fb-a606-a83bc676973d
Coordinator,01a0eb15-2920-7902-9583-64ec8223a4a9,2026-09-29T04:08:36.308000+00:00,2026-09-29T04:08:38.787000+00:00,Testing and verification,2.47900458830753,event,Activity classified by event type and edit destination; original commands omitted.,exec-7fccffac-f91b-4e2a-8dfc-84072695507c
Coordinator,01a0eb15-2920-7902-9583-64ec8223a4a9,2026-09-29T04:08:38.787000+00:00,2026-09-29T04:08:43.754000+00:00,Analysis,4.9670094951677495,event,Activity classified by event type and edit destination; original commands omitted.,rs_0a17f49d6cbd7e7a016abb39c6ce9c87d281d909933fc22f54
Coordinator,01a0eb15-2920-7902-9583-64ec8223a4a9,2026-09-29T04:08:43.754000+00:00,2026-09-29T04:08:58.955000+00:00,Testing and verification,15.20102901085377,event,Activity classified by event type and edit destination; original commands omitted.,exec-7fccffac-f91b-4e2a-8dfc-84072695507c
Coordinator,01a0eb15-2920-7902-9583-64ec8223a4a9,2026-09-29T04:08:58.955000+00:00,2026-09-29T04:09:03.192000+00:00,Testing and verification,4.237008081710698,event,Activity classified by event type and edit destination; original commands omitted.,exec-7fccffac-f91b-4e2a-8dfc-84072695507c
Coordinator,01a0eb15-2920-7902-9583-64ec8223a4a9,2026-09-29T04:09:03.192000+00:00,2026-09-29T04:09:09.399000+00:00,Testing and verification,6.207011873246396,event,Activity classified by event type and edit destination; original commands omitted.,exec-7fccffac-f91b-4e2a-8dfc-84072695507c
Coordinator,01a0eb15-2920-7902-9583-64ec8223a4a9,2026-09-29T04:09:09.399000+00:00,2026-09-29T04:09:10.533000+00:00,Analysis,1.1340022290123812,event,Activity classified by event type and edit destination; original commands omitted.,rs_0a17f49d6cbd7e7a016abb39e56a0487d2b484f025bce3aa78
Coordinator,01a0eb15-2920-7902-9583-64ec8223a4a9,2026-09-29T04:09:10.533000+00:00,2026-09-29T04:09:12.415000+00:00,Testing and verification,1.8820035643177082,event,Activity classified by event type and edit destination; original commands omitted.,exec-7fccffac-f91b-4e2a-8dfc-84072695507c
Coordinator,01a0eb15-2920-7902-9583-64ec8223a4a9,2026-09-29T04:09:12.415000+00:00,2026-09-29T04:09:20.264000+00:00,Testing and verification,7.849014969599881,event,Activity classified by event type and edit destination; original commands omitted.,exec-7fccffac-f91b-4e2a-8dfc-84072695507c
Coordinator,01a0eb15-2920-7902-9583-64ec8223a4a9,2026-09-29T04:09:20.264000+00:00,2026-09-29T04:09:20.537000+00:00,Technical diagnosis,0.2730005233685898,event,Activity classified by event type and edit destination; original commands omitted.,exec-882e8cd5-5671-40ff-9523-fab74df119b4
Coordinator,01a0eb15-2920-7902-9583-64ec8223a4a9,2026-09-29T04:09:20.537000+00:00,2026-09-29T04:09:20.701000+00:00,Testing and verification,0.16400034759110638,event,Activity classified by event type and edit destination; original commands omitted.,exec-7fccffac-f91b-4e2a-8dfc-84072695507c
Coordinator,01a0eb15-2920-7902-9583-64ec8223a4a9,2026-09-29T04:09:20.701000+00:00,2026-09-29T04:09:20.967000+00:00,Analysis,0.26600054051542527,event,Activity classified by event type and edit destination; original commands omitted.,exec-a54dd118-b24f-4cc1-ae37-c11b87f3d8d9
Coordinator,01a0eb15-2920-7902-9583-64ec8223a4a9,2026-09-29T04:09:20.967000+00:00,2026-09-29T04:09:22.347000+00:00,Testing and verification,1.3800025119800061,event,Activity classified by event type and edit destination; original commands omitted.,exec-7fccffac-f91b-4e2a-8dfc-84072695507c
Coordinator,01a0eb15-2920-7902-9583-64ec8223a4a9,2026-09-29T04:09:22.347000+00:00,2026-09-29T04:09:23.913000+00:00,Analysis,1.5660032143994032,event,Activity classified by event type and edit destination; original commands omitted.,rs_0a17f49d6cbd7e7a016abb39f25e1487d28adc358724d6b2f7
Coordinator,01a0eb15-2920-7902-9583-64ec8223a4a9,2026-09-29T04:09:23.913000+00:00,2026-09-29T04:09:25.286000+00:00,Testing and verification,1.3730025291268417,event,Activity classified by event type and edit destination; original commands omitted.,exec-7fccffac-f91b-4e2a-8dfc-84072695507c
Coordinator,01a0eb15-2920-7902-9583-64ec8223a4a9,2026-09-29T04:09:25.286000+00:00,2026-09-29T04:09:25.667000+00:00,Environment and operational integration,0.38100076971534536,event,Activity classified by event type and edit destination; original commands omitted.,call_jjLr5EYlGMa6t5h8Qe5Rc6ze
Coordinator,01a0eb15-2920-7902-9583-64ec8223a4a9,2026-09-29T04:09:25.667000+00:00,2026-09-29T04:09:27.259000+00:00,Testing and verification,1.592003048531571,event,Activity classified by event type and edit destination; original commands omitted.,exec-7fccffac-f91b-4e2a-8dfc-84072695507c
Coordinator,01a0eb15-2920-7902-9583-64ec8223a4a9,2026-09-29T04:09:27.259000+00:00,2026-09-29T04:09:28.134000+00:00,Analysis,0.8750016713501204,event,Activity classified by event type and edit destination; original commands omitted.,rs_0a17f49d6cbd7e7a016abb39f747b887d29c7c3aa354bbc374
Coordinator,01a0eb15-2920-7902-9583-64ec8223a4a9,2026-09-29T04:09:28.134000+00:00,2026-09-29T04:09:30.026000+00:00,Testing and verification,1.892003573882091,event,Activity classified by event type and edit destination; original commands omitted.,exec-7fccffac-f91b-4e2a-8dfc-84072695507c
Coordinator,01a0eb15-2920-7902-9583-64ec8223a4a9,2026-09-29T04:09:30.026000+00:00,2026-09-29T04:09:33.926000+00:00,Environment and operational integration,3.9000075448138647,event,Activity classified by event type and edit destination; original commands omitted.,call_205kn0njQAmg3eU0IKc8FLCA
Coordinator,01a0eb15-2920-7902-9583-64ec8223a4a9,2026-09-29T04:09:33.926000+00:00,2026-09-29T04:09:34.422000+00:00,Environment and operational integration,0.4960007604962309,event,Activity classified by event type and edit destination; original commands omitted.,call_205kn0njQAmg3eU0IKc8FLCA
Coordinator,01a0eb15-2920-7902-9583-64ec8223a4a9,2026-09-29T04:09:34.422000+00:00,2026-09-29T04:09:35.780000+00:00,Testing and verification,1.3580026339897846,event,Activity classified by event type and edit destination; original commands omitted.,exec-7fccffac-f91b-4e2a-8dfc-84072695507c
Coordinator,01a0eb15-2920-7902-9583-64ec8223a4a9,2026-09-29T04:09:35.780000+00:00,2026-09-29T04:09:36.940000+00:00,Analysis,1.1600023015635834,event,Activity classified by event type and edit destination; original commands omitted.,rs_0a17f49d6cbd7e7a016abb39ffccdc87d2831f06701de7fad2
Coordinator,01a0eb15-2920-7902-9583-64ec8223a4a9,2026-09-29T04:09:36.940000+00:00,2026-09-29T04:09:37.796000+00:00,Testing and verification,0.8560015816520826,event,Activity classified by event type and edit destination; original commands omitted.,exec-7fccffac-f91b-4e2a-8dfc-84072695507c
Coordinator,01a0eb15-2920-7902-9583-64ec8223a4a9,2026-09-29T04:09:37.796000+00:00,2026-09-29T04:09:38.233000+00:00,Environment and operational integration,0.43700087095969625,event,Activity classified by event type and edit destination; original commands omitted.,call_E50X6PVrjmRl9WQKuRbRFqQu
Coordinator,01a0eb15-2920-7902-9583-64ec8223a4a9,2026-09-29T04:09:38.233000+00:00,2026-09-29T04:09:39.808000+00:00,Testing and verification,1.5750030561140236,event,Activity classified by event type and edit destination; original commands omitted.,exec-7fccffac-f91b-4e2a-8dfc-84072695507c
Coordinator,01a0eb15-2920-7902-9583-64ec8223a4a9,2026-09-29T04:09:39.808000+00:00,2026-09-29T04:09:40.779000+00:00,Technical diagnosis,0.9710018108520027,event,Activity classified by event type and edit destination; original commands omitted.,rs_0a17f49d6cbd7e7a016abb3a03d28087d2ab940e444fbf2fe3
Coordinator,01a0eb15-2920-7902-9583-64ec8223a4a9,2026-09-29T04:09:40.779000+00:00,2026-09-29T04:09:46.683000+00:00,Testing and verification,5.904011321184657,event,Activity classified by event type and edit destination; original commands omitted.,exec-7fccffac-f91b-4e2a-8dfc-84072695507c
Coordinator,01a0eb15-2920-7902-9583-64ec8223a4a9,2026-09-29T04:09:46.683000+00:00,2026-09-29T04:09:46.974000+00:00,Technical diagnosis,0.2910004452168652,event,Activity classified by event type and edit destination; original commands omitted.,exec-a9031893-8093-4c60-9359-799db07999ca
Coordinator,01a0eb15-2920-7902-9583-64ec8223a4a9,2026-09-29T04:09:46.974000+00:00,2026-09-29T04:09:49.387000+00:00,Testing and verification,2.4130047159178307,event,Activity classified by event type and edit destination; original commands omitted.,exec-7fccffac-f91b-4e2a-8dfc-84072695507c
Coordinator,01a0eb15-2920-7902-9583-64ec8223a4a9,2026-09-29T04:09:49.387000+00:00,2026-09-29T04:09:49.681000+00:00,Analysis,0.2940004719280835,event,Activity classified by event type and edit destination; original commands omitted.,exec-e10cf8d7-a2cd-4cce-bd00-cb6f024e7b44
Coordinator,01a0eb15-2920-7902-9583-64ec8223a4a9,2026-09-29T04:09:49.681000+00:00,2026-09-29T04:09:51.234000+00:00,Testing and verification,1.5530029397047675,event,Activity classified by event type and edit destination; original commands omitted.,exec-7fccffac-f91b-4e2a-8dfc-84072695507c
Coordinator,01a0eb15-2920-7902-9583-64ec8223a4a9,2026-09-29T04:09:51.234000+00:00,2026-09-29T04:09:57.795000+00:00,Technical diagnosis,6.561012640979811,event,Activity classified by event type and edit destination; original commands omitted.,rs_0a17f49d6cbd7e7a016abb3a0f408887d28f09e6a21e0370e7
Coordinator,01a0eb15-2920-7902-9583-64ec8223a4a9,2026-09-29T04:09:57.795000+00:00,2026-09-29T04:10:01.908000+00:00,Testing and verification,4.113007772377123,event,Activity classified by event type and edit destination; original commands omitted.,exec-7fccffac-f91b-4e2a-8dfc-84072695507c
Coordinator,01a0eb15-2920-7902-9583-64ec8223a4a9,2026-09-29T04:10:01.908000+00:00,2026-09-29T04:10:06.225000+00:00,Technical diagnosis,4.317008158225761,event,Activity classified by event type and edit destination; original commands omitted.,rs_0a17f49d6cbd7e7a016abb3a19dee087d28b804829b32d8806
Coordinator,01a0eb15-2920-7902-9583-64ec8223a4a9,2026-09-29T04:10:06.225000+00:00,2026-09-29T04:10:09.987000+00:00,Testing and verification,3.7620072697739606,event,Activity classified by event type and edit destination; original commands omitted.,exec-7fccffac-f91b-4e2a-8dfc-84072695507c
Coordinator,01a0eb15-2920-7902-9583-64ec8223a4a9,2026-09-29T04:10:09.987000+00:00,2026-09-29T04:10:10.258000+00:00,Technical diagnosis,0.2710004260880995,event,Activity classified by event type and edit destination; original commands omitted.,exec-51af20be-11dc-46f7-a08c-ec8c74558c09
Coordinator,01a0eb15-2920-7902-9583-64ec8223a4a9,2026-09-29T04:10:10.258000+00:00,2026-09-29T04:10:11.776000+00:00,Testing and verification,1.5180030254389447,event,Activity classified by event type and edit destination; original commands omitted.,exec-7fccffac-f91b-4e2a-8dfc-84072695507c
Coordinator,01a0eb15-2920-7902-9583-64ec8223a4a9,2026-09-29T04:10:11.776000+00:00,2026-09-29T04:10:21.795000+00:00,Analysis,10.01901919084227,event,Activity classified by event type and edit destination; original commands omitted.,rs_0a17f49d6cbd7e7a016abb3a23cbe887d2bf2e58248259208d
Coordinator,01a0eb15-2920-7902-9583-64ec8223a4a9,2026-09-29T04:10:21.795000+00:00,2026-09-29T04:10:24.708000+00:00,Testing and verification,2.913005432556008,event,Activity classified by event type and edit destination; original commands omitted.,exec-7fccffac-f91b-4e2a-8dfc-84072695507c
Coordinator,01a0eb15-2920-7902-9583-64ec8223a4a9,2026-09-29T04:10:24.708000+00:00,2026-09-29T04:10:26.527000+00:00,Analysis,1.8190034802201929,event,Activity classified by event type and edit destination; original commands omitted.,rs_0a17f49d6cbd7e7a016abb3a30ba8c87d28e07ee8aee4a0c00
Coordinator,01a0eb15-2920-7902-9583-64ec8223a4a9,2026-09-29T04:10:26.527000+00:00,2026-09-29T04:10:28.841000+00:00,Testing and verification,2.3140045497047304,event,Activity classified by event type and edit destination; original commands omitted.,exec-7fccffac-f91b-4e2a-8dfc-84072695507c
Coordinator,01a0eb15-2920-7902-9583-64ec8223a4a9,2026-09-29T04:10:28.841000+00:00,2026-09-29T04:10:28.920000+00:00,Environment and operational integration,0.07900014708433489,event,Activity classified by event type and edit destination; original commands omitted.,exec-60588f7e-0214-4285-a3f2-190abd6cd5c1
Coordinator,01a0eb15-2920-7902-9583-64ec8223a4a9,2026-09-29T04:10:28.920000+00:00,2026-09-29T04:10:30.700000+00:00,Testing and verification,1.7800033713933894,event,Activity classified by event type and edit destination; original commands omitted.,exec-7fccffac-f91b-4e2a-8dfc-84072695507c
Coordinator,01a0eb15-2920-7902-9583-64ec8223a4a9,2026-09-29T04:10:30.700000+00:00,2026-09-29T04:10:32.964000+00:00,Technical diagnosis,2.2640042634637814,event,Activity classified by event type and edit destination; original commands omitted.,rs_0a17f49d6cbd7e7a016abb3a36b87487d2a0f5023a3b23d710
Coordinator,01a0eb15-2920-7902-9583-64ec8223a4a9,2026-09-29T04:10:32.964000+00:00,2026-09-29T04:10:35.865000+00:00,Testing and verification,2.9010055641301693,event,Activity classified by event type and edit destination; original commands omitted.,exec-7fccffac-f91b-4e2a-8dfc-84072695507c
Coordinator,01a0eb15-2920-7902-9583-64ec8223a4a9,2026-09-29T04:10:35.865000+00:00,2026-09-29T04:10:36.179000+00:00,Technical diagnosis,0.3140004910568492,event,Activity classified by event type and edit destination; original commands omitted.,exec-947e6bd6-6fd2-4ba7-beb0-668ee98a8e8c
Coordinator,01a0eb15-2920-7902-9583-64ec8223a4a9,2026-09-29T04:10:36.179000+00:00,2026-09-29T04:10:38.254000+00:00,Testing and verification,2.0750040111712353,event,Activity classified by event type and edit destination; original commands omitted.,exec-7fccffac-f91b-4e2a-8dfc-84072695507c
Coordinator,01a0eb15-2920-7902-9583-64ec8223a4a9,2026-09-29T04:10:38.254000+00:00,2026-09-29T04:10:40.422000+00:00,Analysis,2.1680041239618992,event,Activity classified by event type and edit destination; original commands omitted.,rs_0a17f49d6cbd7e7a016abb3a3e462487d2bdd07cf324da2afd
Coordinator,01a0eb15-2920-7902-9583-64ec8223a4a9,2026-09-29T04:10:40.422000+00:00,2026-09-29T04:10:42.617000+00:00,Testing and verification,2.195004364362864,event,Activity classified by event type and edit destination; original commands omitted.,exec-7fccffac-f91b-4e2a-8dfc-84072695507c
Coordinator,01a0eb15-2920-7902-9583-64ec8223a4a9,2026-09-29T04:10:42.617000+00:00,2026-09-29T04:10:44.347000+00:00,Testing and verification,1.7300030851524406,event,Activity classified by event type and edit destination; original commands omitted.,exec-7fccffac-f91b-4e2a-8dfc-84072695507c
Coordinator,01a0eb15-2920-7902-9583-64ec8223a4a9,2026-09-29T04:10:44.347000+00:00,2026-09-29T04:10:50.931000+00:00,Analysis,6.584012686819795,event,Activity classified by event type and edit destination; original commands omitted.,rs_0a17f49d6cbd7e7a016abb3a445d4887d2b6eda8cece409ec1
Coordinator,01a0eb15-2920-7902-9583-64ec8223a4a9,2026-09-29T04:10:50.931000+00:00,2026-09-29T04:10:50.933000+00:00,Testing and verification,0.0020000972804903737,event,Activity classified by event type and edit destination; original commands omitted.,exec-7fccffac-f91b-4e2a-8dfc-84072695507c
Coordinator,01a0eb15-2920-7902-9583-64ec8223a4a9,2026-09-29T04:10:50.933000+00:00,2026-09-29T04:10:52.826000+00:00,Communication and follow-up,1.893003503312819,event,Activity classified by event type and edit destination; original commands omitted.,msg_0a17f49d6cbd7e7a016abb3a4ade5c87d28d84a3cbd3e774db
Coordinator,01a0eb15-2920-7902-9583-64ec8223a4a9,2026-09-29T04:10:52.826000+00:00,2026-09-29T04:11:05.539000+00:00,Testing and verification,12.713024342412584,event,Activity classified by event type and edit destination; original commands omitted.,exec-7fccffac-f91b-4e2a-8dfc-84072695507c
Coordinator,01a0eb15-2920-7902-9583-64ec8223a4a9,2026-09-29T04:11:05.539000+00:00,2026-09-29T04:11:05.935000+00:00,Analysis,0.3960006648524024,event,Activity classified by event type and edit destination; original commands omitted.,exec-86ccbfd9-9105-4ebf-a74d-4dc66fba72c5
Coordinator,01a0eb15-2920-7902-9583-64ec8223a4a9,2026-09-29T04:11:05.935000+00:00,2026-09-29T04:11:19.615000+00:00,Testing and verification,13.68002619712264,event,Activity classified by event type and edit destination; original commands omitted.,exec-7fccffac-f91b-4e2a-8dfc-84072695507c
Coordinator,01a0eb15-2920-7902-9583-64ec8223a4a9,2026-09-29T04:11:19.615000+00:00,2026-09-29T04:11:20.783000+00:00,Testing and verification,1.168002213847476,event,Activity classified by event type and edit destination; original commands omitted.,exec-75f4cdf4-9584-4cef-b254-eb30c054a701
Coordinator,01a0eb15-2920-7902-9583-64ec8223a4a9,2026-09-29T04:11:20.783000+00:00,2026-09-29T04:11:21.120000+00:00,Analysis,0.3370005368968332,event,Activity classified by event type and edit destination; original commands omitted.,exec-7693e413-035e-46f7-ab46-2c2ed6c25354
Coordinator,01a0eb15-2920-7902-9583-64ec8223a4a9,2026-09-29T04:11:21.120000+00:00,2026-09-29T04:11:22.597000+00:00,Testing and verification,1.477002819331651,event,Activity classified by event type and edit destination; original commands omitted.,exec-75f4cdf4-9584-4cef-b254-eb30c054a701
Coordinator,01a0eb15-2920-7902-9583-64ec8223a4a9,2026-09-29T04:11:22.597000+00:00,2026-09-29T04:11:23.519000+00:00,Technical diagnosis,0.9220019308798508,event,Activity classified by event type and edit destination; original commands omitted.,rs_0a17f49d6cbd7e7a016abb3a6a8d3c87d283fef79397b9f47c
Coordinator,01a0eb15-2920-7902-9583-64ec8223a4a9,2026-09-29T04:11:23.519000+00:00,2026-09-29T04:11:24.029000+00:00,Testing and verification,0.5100009646215945,event,Activity classified by event type and edit destination; original commands omitted.,exec-75f4cdf4-9584-4cef-b254-eb30c054a701
Coordinator,01a0eb15-2920-7902-9583-64ec8223a4a9,2026-09-29T04:11:24.029000+00:00,2026-09-29T04:11:27.633000+00:00,Testing and verification,3.6040067371862565,event,Activity classified by event type and edit destination; original commands omitted.,exec-7fccffac-f91b-4e2a-8dfc-84072695507c
Coordinator,01a0eb15-2920-7902-9583-64ec8223a4a9,2026-09-29T04:11:27.633000+00:00,2026-09-29T04:11:27.925000+00:00,Technical diagnosis,0.2920006130666276,event,Activity classified by event type and edit destination; original commands omitted.,exec-7cf1dec8-2b08-43e7-aa09-9c2841ce6162
Coordinator,01a0eb15-2920-7902-9583-64ec8223a4a9,2026-09-29T04:11:27.925000+00:00,2026-09-29T04:11:33.106000+00:00,Testing and verification,5.18100989058077,event,Activity classified by event type and edit destination; original commands omitted.,exec-7fccffac-f91b-4e2a-8dfc-84072695507c
Coordinator,01a0eb15-2920-7902-9583-64ec8223a4a9,2026-09-29T04:11:33.106000+00:00,2026-09-29T04:11:36.908000+00:00,Testing and verification,3.802007308031492,event,Activity classified by event type and edit destination; original commands omitted.,exec-7fccffac-f91b-4e2a-8dfc-84072695507c
Coordinator,01a0eb15-2920-7902-9583-64ec8223a4a9,2026-09-29T04:11:36.908000+00:00,2026-09-29T04:11:38.419000+00:00,Analysis,1.5110028041667458,event,Activity classified by event type and edit destination; original commands omitted.,rs_0a17f49d6cbd7e7a016abb3a78edcc87d28c7ad39d191dd637
Coordinator,01a0eb15-2920-7902-9583-64ec8223a4a9,2026-09-29T04:11:38.419000+00:00,2026-09-29T04:11:41.560000+00:00,Testing and verification,3.1410060320943924,event,Activity classified by event type and edit destination; original commands omitted.,exec-7fccffac-f91b-4e2a-8dfc-84072695507c
Coordinator,01a0eb15-2920-7902-9583-64ec8223a4a9,2026-09-29T04:11:41.560000+00:00,2026-09-29T04:11:41.836000+00:00,Analysis,0.2760005500798081,event,Activity classified by event type and edit destination; original commands omitted.,exec-7fc39d7a-6ef6-4e2b-91e9-e4173cf207d9
Coordinator,01a0eb15-2920-7902-9583-64ec8223a4a9,2026-09-29T04:11:41.836000+00:00,2026-09-29T04:11:43.674000+00:00,Testing and verification,1.8380035699182307,event,Activity classified by event type and edit destination; original commands omitted.,exec-7fccffac-f91b-4e2a-8dfc-84072695507c
Coordinator,01a0eb15-2920-7902-9583-64ec8223a4a9,2026-09-29T04:11:43.674000+00:00,2026-09-29T04:11:47.377000+00:00,Analysis,3.703007141818391,event,Activity classified by event type and edit destination; original commands omitted.,rs_0a17f49d6cbd7e7a016abb3a7fb21887d2923f105b0e676ea1
Coordinator,01a0eb15-2920-7902-9583-64ec8223a4a9,2026-09-29T04:11:47.377000+00:00,2026-09-29T04:12:21.467000+00:00,Testing and verification,34.090065029969836,event,Activity classified by event type and edit destination; original commands omitted.,exec-7fccffac-f91b-4e2a-8dfc-84072695507c
Coordinator,01a0eb15-2920-7902-9583-64ec8223a4a9,2026-09-29T04:12:21.467000+00:00,2026-09-29T04:12:24.707000+00:00,Testing and verification,3.240006198307493,event,Activity classified by event type and edit destination; original commands omitted.,exec-756ab033-0e43-4bb4-b9f4-e6f9d1d4fa94
Coordinator,01a0eb15-2920-7902-9583-64ec8223a4a9,2026-09-29T04:12:24.707000+00:00,2026-09-29T04:12:28.517000+00:00,Technical diagnosis,3.8100072203153843,event,Activity classified by event type and edit destination; original commands omitted.,rs_0a17f49d6cbd7e7a016abb3aa8b90087d2bf86ccce288d18e5
Coordinator,01a0eb15-2920-7902-9583-64ec8223a4a9,2026-09-29T04:12:28.517000+00:00,2026-09-29T04:12:32.215000+00:00,Testing and verification,3.698007017826683,event,Activity classified by event type and edit destination; original commands omitted.,exec-756ab033-0e43-4bb4-b9f4-e6f9d1d4fa94
Coordinator,01a0eb15-2920-7902-9583-64ec8223a4a9,2026-09-29T04:12:32.215000+00:00,2026-09-29T04:12:32.491000+00:00,Technical diagnosis,0.2760005500798081,event,Activity classified by event type and edit destination; original commands omitted.,exec-f523f4b3-8fbf-4a56-8834-664114d21c45
Coordinator,01a0eb15-2920-7902-9583-64ec8223a4a9,2026-09-29T04:12:32.491000+00:00,2026-09-29T04:12:44.638000+00:00,Testing and verification,12.147023276546639,event,Activity classified by event type and edit destination; original commands omitted.,exec-756ab033-0e43-4bb4-b9f4-e6f9d1d4fa94
Coordinator,01a0eb15-2920-7902-9583-64ec8223a4a9,2026-09-29T04:12:44.638000+00:00,2026-09-29T04:12:50.919000+00:00,Testing and verification,6.281011896339022,event,Activity classified by event type and edit destination; original commands omitted.,exec-756ab033-0e43-4bb4-b9f4-e6f9d1d4fa94
Coordinator,01a0eb15-2920-7902-9583-64ec8223a4a9,2026-09-29T04:12:50.919000+00:00,2026-09-29T04:12:52.085000+00:00,Testing and verification,1.1660023549860201,event,Activity classified by event type and edit destination; original commands omitted.,exec-756ab033-0e43-4bb4-b9f4-e6f9d1d4fa94
Coordinator,01a0eb15-2920-7902-9583-64ec8223a4a9,2026-09-29T04:12:52.085000+00:00,2026-09-29T04:12:52.433000+00:00,Testing and verification,0.3480007143109785,event,Activity classified by event type and edit destination; original commands omitted.,exec-5ba6c247-fa4e-494d-b8b3-125768da78e9
Coordinator,01a0eb15-2920-7902-9583-64ec8223a4a9,2026-09-29T04:12:52.433000+00:00,2026-09-29T04:12:54.069000+00:00,Testing and verification,1.6360030429310486,event,Activity classified by event type and edit destination; original commands omitted.,exec-756ab033-0e43-4bb4-b9f4-e6f9d1d4fa94
Coordinator,01a0eb15-2920-7902-9583-64ec8223a4a9,2026-09-29T04:12:54.069000+00:00,2026-09-29T04:12:58.206000+00:00,Technical diagnosis,4.13700798606687,event,Activity classified by event type and edit destination; original commands omitted.,rs_0a17f49d6cbd7e7a016abb3ac6176087d2aba1ea4e0dc4f5a3
Coordinator,01a0eb15-2920-7902-9583-64ec8223a4a9,2026-09-29T04:12:58.206000+00:00,2026-09-29T04:13:06.435000+00:00,Testing and verification,8.229015571465464,event,Activity classified by event type and edit destination; original commands omitted.,exec-756ab033-0e43-4bb4-b9f4-e6f9d1d4fa94
Coordinator,01a0eb15-2920-7902-9583-64ec8223a4a9,2026-09-29T04:13:06.435000+00:00,2026-09-29T04:13:06.754000+00:00,Technical diagnosis,0.31900061504855787,event,Activity classified by event type and edit destination; original commands omitted.,exec-01af20f2-b533-42d2-90f3-bef82be9037a
Coordinator,01a0eb15-2920-7902-9583-64ec8223a4a9,2026-09-29T04:13:06.754000+00:00,2026-09-29T04:13:08.266000+00:00,Testing and verification,1.5120029720165082,event,Activity classified by event type and edit destination; original commands omitted.,exec-756ab033-0e43-4bb4-b9f4-e6f9d1d4fa94
Coordinator,01a0eb15-2920-7902-9583-64ec8223a4a9,2026-09-29T04:13:08.266000+00:00,2026-09-29T04:13:10.710000+00:00,Technical diagnosis,2.4440046740417074,event,Activity classified by event type and edit destination; original commands omitted.,rs_0a17f49d6cbd7e7a016abb3ad449b087d2a26c54a21c0e1772
Coordinator,01a0eb15-2920-7902-9583-64ec8223a4a9,2026-09-29T04:13:10.710000+00:00,2026-09-29T04:13:23.978000+00:00,Technical diagnosis,13.268025230864383,event,Activity classified by event type and edit destination; original commands omitted.,rs_0a17f49d6cbd7e7a016abb3ad449b087d2a26c54a21c0e1772
Coordinator,01a0eb15-2920-7902-9583-64ec8223a4a9,2026-09-29T04:13:23.978000+00:00,2026-09-29T04:13:26.976000+00:00,Testing and verification,2.998005871481814,event,Activity classified by event type and edit destination; original commands omitted.,exec-c649148c-76eb-4c59-9b5e-8851ffa28a2b
Coordinator,01a0eb15-2920-7902-9583-64ec8223a4a9,2026-09-29T04:13:26.976000+00:00,2026-09-29T04:13:27.258000+00:00,Technical diagnosis,0.28200036508321025,event,Activity classified by event type and edit destination; original commands omitted.,exec-2f2b1aa6-47ce-40db-ad9e-35e62c649e32
Coordinator,01a0eb15-2920-7902-9583-64ec8223a4a9,2026-09-29T04:13:27.258000+00:00,2026-09-29T04:13:29.043000+00:00,Testing and verification,1.785003495385098,event,Activity classified by event type and edit destination; original commands omitted.,exec-c649148c-76eb-4c59-9b5e-8851ffa28a2b
Coordinator,01a0eb15-2920-7902-9583-64ec8223a4a9,2026-09-29T04:13:29.043000+00:00,2026-09-29T04:13:35.447000+00:00,Technical diagnosis,6.404012276241869,event,Activity classified by event type and edit destination; original commands omitted.,rs_0a17f49d6cbd7e7a016abb3ae9108887d2a4d0c52dbd364157
Coordinator,01a0eb15-2920-7902-9583-64ec8223a4a9,2026-09-29T04:13:35.447000+00:00,2026-09-29T04:13:45.114000+00:00,Testing and verification,9.667018520389346,event,Activity classified by event type and edit destination; original commands omitted.,exec-c649148c-76eb-4c59-9b5e-8851ffa28a2b
Coordinator,01a0eb15-2920-7902-9583-64ec8223a4a9,2026-09-29T04:13:45.114000+00:00,2026-09-29T04:13:45.417000+00:00,Technical diagnosis,0.30300055206173837,event,Activity classified by event type and edit destination; original commands omitted.,exec-b866c2cb-f1e4-42a5-8bc5-c6e885b7c7a2
Coordinator,01a0eb15-2920-7902-9583-64ec8223a4a9,2026-09-29T04:13:45.417000+00:00,2026-09-29T04:13:47.058000+00:00,Testing and verification,1.6410031669227574,event,Activity classified by event type and edit destination; original commands omitted.,exec-c649148c-76eb-4c59-9b5e-8851ffa28a2b
Coordinator,01a0eb15-2920-7902-9583-64ec8223a4a9,2026-09-29T04:13:47.058000+00:00,2026-09-29T04:14:02.595000+00:00,Analysis,15.537029618319874,event,Activity classified by event type and edit destination; original commands omitted.,rs_0a17f49d6cbd7e7a016abb3afb0d3087d284a06e9e7c6a6f07
Coordinator,01a0eb15-2920-7902-9583-64ec8223a4a9,2026-09-29T04:14:02.595000+00:00,2026-09-29T04:14:02.598000+00:00,Testing and verification,0.0030000267112183067,event,Activity classified by event type and edit destination; original commands omitted.,exec-c649148c-76eb-4c59-9b5e-8851ffa28a2b
Coordinator,01a0eb15-2920-7902-9583-64ec8223a4a9,2026-09-29T04:14:02.598000+00:00,2026-09-29T04:14:05.221000+00:00,Communication and follow-up,2.6230049167698706,event,Activity classified by event type and edit destination; original commands omitted.,msg_0a17f49d6cbd7e7a016abb3b0a9ef487d29c8fa156d064d929
Coordinator,01a0eb15-2920-7902-9583-64ec8223a4a9,2026-09-29T04:14:05.221000+00:00,2026-09-29T04:14:23.042000+00:00,Testing and verification,17.821034139331456,event,Activity classified by event type and edit destination; original commands omitted.,exec-c649148c-76eb-4c59-9b5e-8851ffa28a2b
Coordinator,01a0eb15-2920-7902-9583-64ec8223a4a9,2026-09-29T04:14:23.042000+00:00,2026-09-29T04:14:24.210000+00:00,Testing and verification,1.168002213847476,event,Activity classified by event type and edit destination; original commands omitted.,exec-cd8c1d70-b5d9-4bae-a054-a3fe1f6faef9
Coordinator,01a0eb15-2920-7902-9583-64ec8223a4a9,2026-09-29T04:14:24.210000+00:00,2026-09-29T04:14:24.530000+00:00,Technical diagnosis,0.3200005444792858,event,Activity classified by event type and edit destination; original commands omitted.,exec-5e7acd69-c24b-4dcd-9da7-3a0771531a5d
Coordinator,01a0eb15-2920-7902-9583-64ec8223a4a9,2026-09-29T04:14:24.530000+00:00,2026-09-29T04:14:27.452000+00:00,Testing and verification,2.922005512689663,event,Activity classified by event type and edit destination; original commands omitted.,exec-cd8c1d70-b5d9-4bae-a054-a3fe1f6faef9
Coordinator,01a0eb15-2920-7902-9583-64ec8223a4a9,2026-09-29T04:14:27.452000+00:00,2026-09-29T04:14:40.451000+00:00,Analysis,12.999024902056775,event,Activity classified by event type and edit destination; original commands omitted.,rs_0a17f49d6cbd7e7a016abb3b23799087d287823d0b913a3118
Coordinator,01a0eb15-2920-7902-9583-64ec8223a4a9,2026-09-29T04:14:40.451000+00:00,2026-09-29T04:15:00.868000+00:00,Testing and verification,20.417039054119396,event,Activity classified by event type and edit destination; original commands omitted.,exec-cd8c1d70-b5d9-4bae-a054-a3fe1f6faef9
Coordinator,01a0eb15-2920-7902-9583-64ec8223a4a9,2026-09-29T04:15:00.868000+00:00,2026-09-29T04:15:00.926000+00:00,Documentation,0.05800019852484125,event,Activity classified by event type and edit destination; original commands omitted.,exec-67c26ce5-c60d-4c54-be77-e9067bc8435d
Coordinator,01a0eb15-2920-7902-9583-64ec8223a4a9,2026-09-29T04:15:00.926000+00:00,2026-09-29T04:15:02.754000+00:00,Testing and verification,1.8280033219348133,event,Activity classified by event type and edit destination; original commands omitted.,exec-cd8c1d70-b5d9-4bae-a054-a3fe1f6faef9
Coordinator,01a0eb15-2920-7902-9583-64ec8223a4a9,2026-09-29T04:15:02.754000+00:00,2026-09-29T04:15:07.093000+00:00,Technical diagnosis,4.339008274635017,event,Activity classified by event type and edit destination; original commands omitted.,rs_0a17f49d6cbd7e7a016abb3b46c5cc87d28516ad17c911e72b
Coordinator,01a0eb15-2920-7902-9583-64ec8223a4a9,2026-09-29T04:15:07.093000+00:00,2026-09-29T04:15:14.975000+00:00,Testing and verification,7.882015025004248,event,Activity classified by event type and edit destination; original commands omitted.,exec-cd8c1d70-b5d9-4bae-a054-a3fe1f6faef9
Coordinator,01a0eb15-2920-7902-9583-64ec8223a4a9,2026-09-29T04:15:14.975000+00:00,2026-09-29T04:15:15.141000+00:00,Testing and verification,0.16600044487159676,event,Activity classified by event type and edit destination; original commands omitted.,exec-c649148c-76eb-4c59-9b5e-8851ffa28a2b
Coordinator,01a0eb15-2920-7902-9583-64ec8223a4a9,2026-09-29T04:15:15.141000+00:00,2026-09-29T04:15:15.441000+00:00,Technical diagnosis,0.3000005253505201,event,Activity classified by event type and edit destination; original commands omitted.,exec-a72bd7a9-c5c0-45e1-87c4-44e1ef8266a9
Coordinator,01a0eb15-2920-7902-9583-64ec8223a4a9,2026-09-29T04:15:15.441000+00:00,2026-09-29T04:15:23.751000+00:00,Testing and verification,8.310015815830289,event,Activity classified by event type and edit destination; original commands omitted.,exec-c649148c-76eb-4c59-9b5e-8851ffa28a2b
Coordinator,01a0eb15-2920-7902-9583-64ec8223a4a9,2026-09-29T04:15:23.751000+00:00,2026-09-29T04:15:27.183000+00:00,Analysis,3.432006715730292,event,Activity classified by event type and edit destination; original commands omitted.,rs_0a17f49d6cbd7e7a016abb3b5bbfc887d2881dfccf309ec731
Coordinator,01a0eb15-2920-7902-9583-64ec8223a4a9,2026-09-29T04:15:27.183000+00:00,2026-09-29T04:15:41.942000+00:00,Testing and verification,14.759028015902365,event,Activity classified by event type and edit destination; original commands omitted.,exec-c649148c-76eb-4c59-9b5e-8851ffa28a2b
Coordinator,01a0eb15-2920-7902-9583-64ec8223a4a9,2026-09-29T04:15:41.942000+00:00,2026-09-29T04:15:42.370000+00:00,Implementation,0.4280007908260413,event,Activity classified by event type and edit destination; original commands omitted.,exec-416ce1a8-993d-4e54-9b13-e32bfc6da429
Coordinator,01a0eb15-2920-7902-9583-64ec8223a4a9,2026-09-29T04:15:42.370000+00:00,2026-09-29T04:15:42.536000+00:00,Testing and verification,0.16600044487159676,event,Activity classified by event type and edit destination; original commands omitted.,exec-c649148c-76eb-4c59-9b5e-8851ffa28a2b
Coordinator,01a0eb15-2920-7902-9583-64ec8223a4a9,2026-09-29T04:15:42.536000+00:00,2026-09-29T04:15:42.843000+00:00,Technical diagnosis,0.30700050820368463,event,Activity classified by event type and edit destination; original commands omitted.,exec-4bbbfef9-9e2a-4c7b-847e-a4b45c8c8e6d
Coordinator,01a0eb15-2920-7902-9583-64ec8223a4a9,2026-09-29T04:15:42.843000+00:00,2026-09-29T04:15:44.429000+00:00,Testing and verification,1.5860029951091343,event,Activity classified by event type and edit destination; original commands omitted.,exec-c649148c-76eb-4c59-9b5e-8851ffa28a2b
Coordinator,01a0eb15-2920-7902-9583-64ec8223a4a9,2026-09-29T04:15:44.429000+00:00,2026-09-29T04:15:45.048000+00:00,Testing and verification,0.6190013788181125,event,Activity classified by event type and edit destination; original commands omitted.,exec-7fccffac-f91b-4e2a-8dfc-84072695507c
Coordinator,01a0eb15-2920-7902-9583-64ec8223a4a9,2026-09-29T04:15:45.048000+00:00,2026-09-29T04:15:46.159000+00:00,Technical diagnosis,1.1110019447533626,event,Activity classified by event type and edit destination; original commands omitted.,rs_0a17f49d6cbd7e7a016abb3b70fc5087d28cee612749e24795
Coordinator,01a0eb15-2920-7902-9583-64ec8223a4a9,2026-09-29T04:15:46.159000+00:00,2026-09-29T04:15:50.612000+00:00,Testing and verification,4.453008574404209,event,Activity classified by event type and edit destination; original commands omitted.,exec-7fccffac-f91b-4e2a-8dfc-84072695507c
Coordinator,01a0eb15-2920-7902-9583-64ec8223a4a9,2026-09-29T04:15:50.612000+00:00,2026-09-29T04:15:50.920000+00:00,Technical diagnosis,0.30800067605344705,event,Activity classified by event type and edit destination; original commands omitted.,exec-ed2abd82-eadc-40de-8f87-8e669982ef29
Coordinator,01a0eb15-2920-7902-9583-64ec8223a4a9,2026-09-29T04:15:50.920000+00:00,2026-09-29T04:15:52.352000+00:00,Testing and verification,1.432002657082411,event,Activity classified by event type and edit destination; original commands omitted.,exec-7fccffac-f91b-4e2a-8dfc-84072695507c
Coordinator,01a0eb15-2920-7902-9583-64ec8223a4a9,2026-09-29T04:15:52.352000+00:00,2026-09-29T04:15:54.551000+00:00,Technical diagnosis,2.19900432050481,event,Activity classified by event type and edit destination; original commands omitted.,rs_0a17f49d6cbd7e7a016abb3b785f2487d2bb00f582d7e37839
Coordinator,01a0eb15-2920-7902-9583-64ec8223a4a9,2026-09-29T04:15:54.551000+00:00,2026-09-29T04:15:59.347000+00:00,Testing and verification,4.796008926304444,event,Activity classified by event type and edit destination; original commands omitted.,exec-7fccffac-f91b-4e2a-8dfc-84072695507c
Coordinator,01a0eb15-2920-7902-9583-64ec8223a4a9,2026-09-29T04:15:59.347000+00:00,2026-09-29T04:15:59.636000+00:00,Technical diagnosis,0.2890005863554093,event,Activity classified by event type and edit destination; original commands omitted.,exec-a70a2bfb-50e4-4bbc-bc96-fe18b335f6b0
Coordinator,01a0eb15-2920-7902-9583-64ec8223a4a9,2026-09-29T04:15:59.636000+00:00,2026-09-29T04:16:08.174000+00:00,Testing and verification,8.538016415368674,event,Activity classified by event type and edit destination; original commands omitted.,exec-7fccffac-f91b-4e2a-8dfc-84072695507c
Coordinator,01a0eb15-2920-7902-9583-64ec8223a4a9,2026-09-29T04:16:08.174000+00:00,2026-09-29T04:16:10.273000+00:00,Testing and verification,2.0990039864419474,event,Activity classified by event type and edit destination; original commands omitted.,exec-7fccffac-f91b-4e2a-8dfc-84072695507c
Coordinator,01a0eb15-2920-7902-9583-64ec8223a4a9,2026-09-29T04:16:10.273000+00:00,2026-09-29T04:16:17.365000+00:00,Analysis,7.092013554160899,event,Activity classified by event type and edit destination; original commands omitted.,rs_0a17f49d6cbd7e7a016abb3b8a495887d2a0dd4254fc195a82
Coordinator,01a0eb15-2920-7902-9583-64ec8223a4a9,2026-09-29T04:16:17.365000+00:00,2026-09-29T04:16:24.456000+00:00,Testing and verification,7.091013624730171,event,Activity classified by event type and edit destination; original commands omitted.,exec-7fccffac-f91b-4e2a-8dfc-84072695507c
Coordinator,01a0eb15-2920-7902-9583-64ec8223a4a9,2026-09-29T04:16:24.456000+00:00,2026-09-29T04:16:33.966000+00:00,Implementation,9.510018155651403,gap assigned to next activity,Activity classified by event type and edit destination; original commands omitted.,exec-7ea6b6ec-8df4-4f5d-822b-cf71bc1c9f55
Coordinator,01a0eb15-2920-7902-9583-64ec8223a4a9,2026-09-29T04:16:33.966000+00:00,2026-09-29T04:16:34.311000+00:00,Implementation,0.34500068759976016,event,Activity classified by event type and edit destination; original commands omitted.,exec-7ea6b6ec-8df4-4f5d-822b-cf71bc1c9f55
Coordinator,01a0eb15-2920-7902-9583-64ec8223a4a9,2026-09-29T04:16:34.311000+00:00,2026-09-29T04:16:34.481000+00:00,Technical diagnosis,0.1700001625945085,gap assigned to next activity,Activity classified by event type and edit destination; original commands omitted.,exec-1aadcc83-9acf-40e8-a4ad-dbca59f99f56
Coordinator,01a0eb15-2920-7902-9583-64ec8223a4a9,2026-09-29T04:16:34.481000+00:00,2026-09-29T04:16:34.729000+00:00,Technical diagnosis,0.24800061866714995,event,Activity classified by event type and edit destination; original commands omitted.,exec-1aadcc83-9acf-40e8-a4ad-dbca59f99f56
Coordinator,01a0eb15-2920-7902-9583-64ec8223a4a9,2026-09-29T04:16:34.729000+00:00,2026-09-29T04:16:36.379000+00:00,Analysis,1.6500030086373778,gap assigned to next activity,Activity classified by event type and edit destination; original commands omitted.,rs_0a17f49d6cbd7e7a016abb3ba4654c87d2b0e0c2f7605b0206
Coordinator,01a0eb15-2920-7902-9583-64ec8223a4a9,2026-09-29T04:16:36.379000+00:00,2026-09-29T04:16:39.157000+00:00,Analysis,2.778005422646357,event,Activity classified by event type and edit destination; original commands omitted.,rs_0a17f49d6cbd7e7a016abb3ba4654c87d2b0e0c2f7605b0206
Coordinator,01a0eb15-2920-7902-9583-64ec8223a4a9,2026-09-29T04:16:39.157000+00:00,2026-09-29T04:16:39.161000+00:00,Communication and follow-up,0.003999956141946239,gap assigned to next activity,Activity classified by event type and edit destination; original commands omitted.,msg_0a17f49d6cbd7e7a016abb3ba72df487d2951eb747eb62fff4
Coordinator,01a0eb15-2920-7902-9583-64ec8223a4a9,2026-09-29T04:16:39.161000+00:00,2026-09-29T04:16:42.678000+00:00,Communication and follow-up,3.517006677818029,event,Activity classified by event type and edit destination; original commands omitted.,msg_0a17f49d6cbd7e7a016abb3ba72df487d2951eb747eb62fff4
Coordinator,01a0eb15-2920-7902-9583-64ec8223a4a9,2026-09-29T04:16:42.678000+00:00,2026-09-29T04:16:42.681000+00:00,Analysis,0.0030000267112183067,gap assigned to next activity,Activity classified by event type and edit destination; original commands omitted.,rs_0a17f49d6cbd7e7a016abb3baab38087d2b142ecd62ceba10e
Coordinator,01a0eb15-2920-7902-9583-64ec8223a4a9,2026-09-29T04:16:42.681000+00:00,2026-09-29T04:16:58.635000+00:00,Analysis,15.954030470150805,event,Activity classified by event type and edit destination; original commands omitted.,rs_0a17f49d6cbd7e7a016abb3baab38087d2b142ecd62ceba10e
Coordinator,01a0eb15-2920-7902-9583-64ec8223a4a9,2026-09-29T04:16:58.635000+00:00,2026-09-29T04:16:59.936000+00:00,Environment and operational integration,1.3010026033147057,gap assigned to next activity,Activity classified by event type and edit destination; original commands omitted.,call_Z4dZlSlfmqHY6YVMceD4soE8
Coordinator,01a0eb15-2920-7902-9583-64ec8223a4a9,2026-09-29T04:16:59.936000+00:00,2026-09-29T04:17:00.032000+00:00,Environment and operational integration,0.09600013950188228,event,Activity classified by event type and edit destination; original commands omitted.,call_Z4dZlSlfmqHY6YVMceD4soE8
Coordinator,01a0eb15-2920-7902-9583-64ec8223a4a9,2026-09-29T04:17:00.032000+00:00,2026-09-29T04:17:01.805000+00:00,Analysis,1.7730033885402248,gap assigned to next activity,Activity classified by event type and edit destination; original commands omitted.,rs_0a17f49d6cbd7e7a016abb3bbdca7887d2885a06c70da0b273
Coordinator,01a0eb15-2920-7902-9583-64ec8223a4a9,2026-09-29T04:17:01.805000+00:00,2026-09-29T04:17:13.707000+00:00,Analysis,11.902022684590706,event,Activity classified by event type and edit destination; original commands omitted.,rs_0a17f49d6cbd7e7a016abb3bbdca7887d2885a06c70da0b273
Coordinator,01a0eb15-2920-7902-9583-64ec8223a4a9,2026-09-29T04:17:13.707000+00:00,2026-09-29T04:17:25.385000+00:00,Analysis,11.678022279613304,gap assigned to next activity,Activity classified by event type and edit destination; original commands omitted.,exec-2255c52c-c242-4d77-82dd-03880cd1072a
Coordinator,01a0eb15-2920-7902-9583-64ec8223a4a9,2026-09-29T04:17:25.385000+00:00,2026-09-29T04:17:25.395000+00:00,Analysis,0.010000009564382852,event,Activity classified by event type and edit destination; original commands omitted.,exec-2255c52c-c242-4d77-82dd-03880cd1072a
Coordinator,01a0eb15-2920-7902-9583-64ec8223a4a9,2026-09-29T04:17:25.395000+00:00,2026-09-29T04:17:25.712000+00:00,Analysis,0.3170005177680675,event,Activity classified by event type and edit destination; original commands omitted.,exec-43ad0d4c-e2de-4334-b0b7-c38959dd1b46
Coordinator,01a0eb15-2920-7902-9583-64ec8223a4a9,2026-09-29T04:17:25.712000+00:00,2026-09-29T04:17:25.718000+00:00,Analysis,0.0060000534224366135,event,Activity classified by event type and edit destination; original commands omitted.,exec-2255c52c-c242-4d77-82dd-03880cd1072a
Coordinator,01a0eb15-2920-7902-9583-64ec8223a4a9,2026-09-29T04:17:25.718000+00:00,2026-09-29T04:17:28.743000+00:00,Environment and operational integration,3.025005873463744,gap assigned to next activity,Activity classified by event type and edit destination; original commands omitted.,exec-a9e70061-4925-4b69-8619-7438b328c877
Coordinator,01a0eb15-2920-7902-9583-64ec8223a4a9,2026-09-29T04:17:28.743000+00:00,2026-09-29T04:17:29.994000+00:00,Environment and operational integration,1.251002317073757,event,Activity classified by event type and edit destination; original commands omitted.,exec-a9e70061-4925-4b69-8619-7438b328c877
Coordinator,01a0eb15-2920-7902-9583-64ec8223a4a9,2026-09-29T04:17:29.994000+00:00,2026-09-29T04:17:31.411000+00:00,Technical diagnosis,1.4170027619453538,gap assigned to next activity,Activity classified by event type and edit destination; original commands omitted.,rs_0a17f49d6cbd7e7a016abb3bdb73bc87d2bbb5117a66cdd2d1
Coordinator,01a0eb15-2920-7902-9583-64ec8223a4a9,2026-09-29T04:17:31.411000+00:00,2026-09-29T04:17:44.819000+00:00,Technical diagnosis,13.408025603184779,event,Activity classified by event type and edit destination; original commands omitted.,rs_0a17f49d6cbd7e7a016abb3bdb73bc87d2bbb5117a66cdd2d1
Coordinator,01a0eb15-2920-7902-9583-64ec8223a4a9,2026-09-29T04:17:44.819000+00:00,2026-09-29T04:17:50.777000+00:00,Technical diagnosis,5.958011325148518,gap assigned to next activity,Activity classified by event type and edit destination; original commands omitted.,exec-847f73db-95f9-4ad1-98ac-4673c86e3ee2
Coordinator,01a0eb15-2920-7902-9583-64ec8223a4a9,2026-09-29T04:17:50.777000+00:00,2026-09-29T04:17:51.058000+00:00,Technical diagnosis,0.2810006740715168,event,Activity classified by event type and edit destination; original commands omitted.,exec-847f73db-95f9-4ad1-98ac-4673c86e3ee2
Coordinator,01a0eb15-2920-7902-9583-64ec8223a4a9,2026-09-29T04:17:51.058000+00:00,2026-09-29T04:17:57.350000+00:00,Analysis,6.292011835334133,gap assigned to next activity,Activity classified by event type and edit destination; original commands omitted.,rs_0a17f49d6cbd7e7a016abb3bf566e487d28d667499ea4ddc82
Coordinator,01a0eb15-2920-7902-9583-64ec8223a4a9,2026-09-29T04:17:57.350000+00:00,2026-09-29T04:18:08.125000+00:00,Analysis,10.775020676850525,event,Activity classified by event type and edit destination; original commands omitted.,rs_0a17f49d6cbd7e7a016abb3bf566e487d28d667499ea4ddc82
Coordinator,01a0eb15-2920-7902-9583-64ec8223a4a9,2026-09-29T04:18:08.125000+00:00,2026-09-29T04:18:32.530000+00:00,Documentation,24.405046587732215,gap assigned to next activity,Activity classified by event type and edit destination; original commands omitted.,exec-ce9262a8-684e-4950-b949-4ac6218227f2
Coordinator,01a0eb15-2920-7902-9583-64ec8223a4a9,2026-09-29T04:18:32.530000+00:00,2026-09-29T04:18:32.821000+00:00,Documentation,0.29100068363589965,event,Activity classified by event type and edit destination; original commands omitted.,exec-ce9262a8-684e-4950-b949-4ac6218227f2
Coordinator,01a0eb15-2920-7902-9583-64ec8223a4a9,2026-09-29T04:18:32.821000+00:00,2026-09-29T04:18:36.366000+00:00,Analysis,3.545006609230687,gap assigned to next activity,Activity classified by event type and edit destination; original commands omitted.,rs_0a17f49d6cbd7e7a016abb3c1c6b5c87d2b1cd9d9207d8d811
Coordinator,01a0eb15-2920-7902-9583-64ec8223a4a9,2026-09-29T04:18:36.366000+00:00,2026-09-29T04:18:39.803000+00:00,Analysis,3.4370066013029663,event,Activity classified by event type and edit destination; original commands omitted.,rs_0a17f49d6cbd7e7a016abb3c1c6b5c87d2b1cd9d9207d8d811
Coordinator,01a0eb15-2920-7902-9583-64ec8223a4a9,2026-09-29T04:18:39.803000+00:00,2026-09-29T04:18:43.290000+00:00,Analysis,3.4870066491248806,gap assigned to next activity,Activity classified by event type and edit destination; original commands omitted.,exec-34ed07fc-de27-4e80-8349-9a615d04a74a
Coordinator,01a0eb15-2920-7902-9583-64ec8223a4a9,2026-09-29T04:18:43.290000+00:00,2026-09-29T04:18:43.532000+00:00,Analysis,0.24200056524471333,event,Activity classified by event type and edit destination; original commands omitted.,exec-34ed07fc-de27-4e80-8349-9a615d04a74a
Coordinator,01a0eb15-2920-7902-9583-64ec8223a4a9,2026-09-29T04:18:43.532000+00:00,2026-09-29T04:18:45.961000+00:00,Analysis,2.4290045404856158,gap assigned to next activity,Activity classified by event type and edit destination; original commands omitted.,rs_0a17f49d6cbd7e7a016abb3c26048087d2a5a8d60feb398002
Coordinator,01a0eb15-2920-7902-9583-64ec8223a4a9,2026-09-29T04:18:45.961000+00:00,2026-09-29T04:19:00.209000+00:00,Analysis,14.248027360269075,event,Activity classified by event type and edit destination; original commands omitted.,rs_0a17f49d6cbd7e7a016abb3c26048087d2a5a8d60feb398002
Coordinator,01a0eb15-2920-7902-9583-64ec8223a4a9,2026-09-29T04:19:00.209000+00:00,2026-09-29T04:19:09.184000+00:00,Analysis,8.975017047909335,gap assigned to next activity,Activity classified by event type and edit destination; original commands omitted.,exec-66bb604d-aaa4-4146-9b4c-c3e5ae45fa72
Coordinator,01a0eb15-2920-7902-9583-64ec8223a4a9,2026-09-29T04:19:09.184000+00:00,2026-09-29T04:19:09.504000+00:00,Analysis,0.3200005444792858,event,Activity classified by event type and edit destination; original commands omitted.,exec-66bb604d-aaa4-4146-9b4c-c3e5ae45fa72
Coordinator,01a0eb15-2920-7902-9583-64ec8223a4a9,2026-09-29T04:19:09.504000+00:00,2026-09-29T04:19:17.324000+00:00,Environment and operational integration,7.82001487033746,gap assigned to next activity,Activity classified by event type and edit destination; original commands omitted.,exec-ebb17b77-32bf-406e-84bc-168b7543251e
Coordinator,01a0eb15-2920-7902-9583-64ec8223a4a9,2026-09-29T04:19:17.324000+00:00,2026-09-29T04:19:18.158000+00:00,Environment and operational integration,0.834001703661861,event,Activity classified by event type and edit destination; original commands omitted.,exec-ebb17b77-32bf-406e-84bc-168b7543251e
Coordinator,01a0eb15-2920-7902-9583-64ec8223a4a9,2026-09-29T04:19:18.158000+00:00,2026-09-29T04:19:20.457000+00:00,Analysis,2.2990044161486387,gap assigned to next activity,Activity classified by event type and edit destination; original commands omitted.,rs_0a17f49d6cbd7e7a016abb3c486dd087d2a7c007df73153580
Coordinator,01a0eb15-2920-7902-9583-64ec8223a4a9,2026-09-29T04:19:20.457000+00:00,2026-09-29T04:19:29.730000+00:00,Analysis,9.2730177143984,event,Activity classified by event type and edit destination; original commands omitted.,rs_0a17f49d6cbd7e7a016abb3c486dd087d2a7c007df73153580
Coordinator,01a0eb15-2920-7902-9583-64ec8223a4a9,2026-09-29T04:19:29.730000+00:00,2026-09-29T04:19:32.626000+00:00,Communication and follow-up,2.8960054401384605,gap assigned to next activity,Activity classified by event type and edit destination; original commands omitted.,call_BiDWz1CNA9dUa3dUNoPG48Pb
Coordinator,01a0eb15-2920-7902-9583-64ec8223a4a9,2026-09-29T04:19:32.626000+00:00,2026-09-29T04:19:35.411000+00:00,Analysis,2.7850054054995215,gap assigned to next activity,Activity classified by event type and edit destination; original commands omitted.,rs_0a17f49d6cbd7e7a016abb3c5777ac87d28bea63c328dfba32
Coordinator,01a0eb15-2920-7902-9583-64ec8223a4a9,2026-09-29T04:19:35.411000+00:00,2026-09-29T04:19:41.743000+00:00,Analysis,6.332012112010699,event,Activity classified by event type and edit destination; original commands omitted.,rs_0a17f49d6cbd7e7a016abb3c5777ac87d28bea63c328dfba32
Coordinator,01a0eb15-2920-7902-9583-64ec8223a4a9,2026-09-29T04:19:41.743000+00:00,2026-09-29T04:19:50.641000+00:00,Analysis,8.89801699810549,gap assigned to next activity,Activity classified by event type and edit destination; original commands omitted.,exec-76e67b77-ed32-489a-8f13-bdabce7eab7a
Coordinator,01a0eb15-2920-7902-9583-64ec8223a4a9,2026-09-29T04:19:50.641000+00:00,2026-09-29T04:19:50.920000+00:00,Analysis,0.27900057679102647,event,Activity classified by event type and edit destination; original commands omitted.,exec-76e67b77-ed32-489a-8f13-bdabce7eab7a
Coordinator,01a0eb15-2920-7902-9583-64ec8223a4a9,2026-09-29T04:19:50.920000+00:00,2026-09-29T04:19:54.236000+00:00,Analysis,3.3160063186806092,gap assigned to next activity,Activity classified by event type and edit destination; original commands omitted.,rs_0a17f49d6cbd7e7a016abb3c6a4a1087d2aef356763e317dd5
Coordinator,01a0eb15-2920-7902-9583-64ec8223a4a9,2026-09-29T04:19:54.236000+00:00,2026-09-29T04:20:05.987000+00:00,Analysis,11.751022373275202,event,Activity classified by event type and edit destination; original commands omitted.,rs_0a17f49d6cbd7e7a016abb3c6a4a1087d2aef356763e317dd5
Coordinator,01a0eb15-2920-7902-9583-64ec8223a4a9,2026-09-29T04:20:05.987000+00:00,2026-09-29T04:20:10.084000+00:00,Analysis,4.097007947809338,gap assigned to next activity,Activity classified by event type and edit destination; original commands omitted.,rs_0a17f49d6cbd7e7a016abb3c7a24bc87d2a44b9c688fb45d83
Coordinator,01a0eb15-2920-7902-9583-64ec8223a4a9,2026-09-29T04:20:10.084000+00:00,2026-09-29T04:20:11.461000+00:00,Analysis,1.3770024852687879,event,Activity classified by event type and edit destination; original commands omitted.,rs_0a17f49d6cbd7e7a016abb3c7a24bc87d2a44b9c688fb45d83
Coordinator,01a0eb15-2920-7902-9583-64ec8223a4a9,2026-09-29T04:20:11.461000+00:00,2026-09-29T04:20:11.466000+00:00,Communication and follow-up,0.005000123991708681,gap assigned to next activity,Activity classified by event type and edit destination; original commands omitted.,msg_0a17f49d6cbd7e7a016abb3c7b839c87d289c4cfd021ecdee1
Coordinator,01a0eb15-2920-7902-9583-64ec8223a4a9,2026-09-29T04:20:11.466000+00:00,2026-09-29T04:20:13.594000+00:00,Communication and follow-up,2.128004085704368,event,Activity classified by event type and edit destination; original commands omitted.,msg_0a17f49d6cbd7e7a016abb3c7b839c87d289c4cfd021ecdee1
Coordinator,01a0eb15-2920-7902-9583-64ec8223a4a9,2026-09-29T04:20:13.594000+00:00,2026-09-29T04:20:19.328000+00:00,Analysis,5.734010920171115,gap assigned to next activity,Activity classified by event type and edit destination; original commands omitted.,exec-19f3446e-7fdb-46e6-9c15-dba680f91baa
Coordinator,01a0eb15-2920-7902-9583-64ec8223a4a9,2026-09-29T04:20:19.328000+00:00,2026-09-29T04:20:19.572000+00:00,Analysis,0.2440004241061692,event,Activity classified by event type and edit destination; original commands omitted.,exec-19f3446e-7fdb-46e6-9c15-dba680f91baa
Coordinator,01a0eb15-2920-7902-9583-64ec8223a4a9,2026-09-29T04:20:19.572000+00:00,2026-09-29T04:20:19.735000+00:00,Analysis,0.16300017974134395,gap assigned to next activity,Activity classified by event type and edit destination; original commands omitted.,exec-3e88a123-7256-475d-a900-c0a507f9c2d6
Coordinator,01a0eb15-2920-7902-9583-64ec8223a4a9,2026-09-29T04:20:19.735000+00:00,2026-09-29T04:20:19.987000+00:00,Analysis,0.2520005748090962,event,Activity classified by event type and edit destination; original commands omitted.,exec-3e88a123-7256-475d-a900-c0a507f9c2d6
Coordinator,01a0eb15-2920-7902-9583-64ec8223a4a9,2026-09-29T04:20:19.987000+00:00,2026-09-29T04:20:21.753000+00:00,Analysis,1.7660034056870602,gap assigned to next activity,Activity classified by event type and edit destination; original commands omitted.,rs_0a17f49d6cbd7e7a016abb3c85cfe487d2b5b1b94610492783
Coordinator,01a0eb15-2920-7902-9583-64ec8223a4a9,2026-09-29T04:20:21.753000+00:00,2026-09-29T04:20:31.318000+00:00,Analysis,9.565018327465028,event,Activity classified by event type and edit destination; original commands omitted.,rs_0a17f49d6cbd7e7a016abb3c85cfe487d2b5b1b94610492783
Coordinator,01a0eb15-2920-7902-9583-64ec8223a4a9,2026-09-29T04:20:31.318000+00:00,2026-09-29T04:20:33.771000+00:00,Analysis,2.453004515756328,gap assigned to next activity,Activity classified by event type and edit destination; original commands omitted.,exec-044b96c2-8e84-411a-a0fb-0bce627e5430
Coordinator,01a0eb15-2920-7902-9583-64ec8223a4a9,2026-09-29T04:20:33.771000+00:00,2026-09-29T04:20:34.045000+00:00,Analysis,0.2740006912183523,event,Activity classified by event type and edit destination; original commands omitted.,exec-044b96c2-8e84-411a-a0fb-0bce627e5430
Coordinator,01a0eb15-2920-7902-9583-64ec8223a4a9,2026-09-29T04:20:34.045000+00:00,2026-09-29T04:20:36.978000+00:00,Communication and follow-up,2.9330054516847737,gap assigned to next activity,Activity classified by event type and edit destination; original commands omitted.,subagent-completed-01a0eb60-8bee-7b11-a531-d9cd27feeade
Coordinator,01a0eb15-2920-7902-9583-64ec8223a4a9,2026-09-29T04:20:36.978000+00:00,2026-09-29T04:20:48.973000+00:00,Testing and verification,11.995023035800406,gap assigned to next activity,Activity classified by event type and edit destination; original commands omitted.,exec-222783a7-7b91-4e5a-8fce-7e817cc89b95
Coordinator,01a0eb15-2920-7902-9583-64ec8223a4a9,2026-09-29T04:20:48.973000+00:00,2026-09-29T04:20:51.911000+00:00,Testing and verification,2.9380055756764825,event,Activity classified by event type and edit destination; original commands omitted.,exec-222783a7-7b91-4e5a-8fce-7e817cc89b95
Coordinator,01a0eb15-2920-7902-9583-64ec8223a4a9,2026-09-29T04:20:51.911000+00:00,2026-09-29T04:21:07.582000+00:00,Analysis,15.671029937217831,event,Activity classified by event type and edit destination; original commands omitted.,rs_0a17f49d6cbd7e7a016abb3ca3f18c87d2a5a9ee7453c7347a
Coordinator,01a0eb15-2920-7902-9583-64ec8223a4a9,2026-09-29T04:21:07.582000+00:00,2026-09-29T04:21:21.414000+00:00,Testing and verification,13.832026437868874,event,Activity classified by event type and edit destination; original commands omitted.,exec-222783a7-7b91-4e5a-8fce-7e817cc89b95
Coordinator,01a0eb15-2920-7902-9583-64ec8223a4a9,2026-09-29T04:21:21.414000+00:00,2026-09-29T04:21:21.787000+00:00,Implementation,0.3730006190124184,event,Activity classified by event type and edit destination; original commands omitted.,exec-1761953b-8e63-4563-8059-966d61c919a2
Coordinator,01a0eb15-2920-7902-9583-64ec8223a4a9,2026-09-29T04:21:21.787000+00:00,2026-09-29T04:21:21.953000+00:00,Testing and verification,0.16600044487159676,event,Activity classified by event type and edit destination; original commands omitted.,exec-222783a7-7b91-4e5a-8fce-7e817cc89b95
Coordinator,01a0eb15-2920-7902-9583-64ec8223a4a9,2026-09-29T04:21:21.953000+00:00,2026-09-29T04:21:22.224000+00:00,Technical diagnosis,0.2710004260880995,event,Activity classified by event type and edit destination; original commands omitted.,exec-8120f36d-7e32-4090-befb-c0c5158b8dd0
Coordinator,01a0eb15-2920-7902-9583-64ec8223a4a9,2026-09-29T04:21:22.224000+00:00,2026-09-29T04:21:24.527000+00:00,Testing and verification,2.303004372290585,event,Activity classified by event type and edit destination; original commands omitted.,exec-222783a7-7b91-4e5a-8fce-7e817cc89b95
Coordinator,01a0eb15-2920-7902-9583-64ec8223a4a9,2026-09-29T04:21:24.527000+00:00,2026-09-29T04:21:40.086000+00:00,Technical diagnosis,15.55902973472913,event,Activity classified by event type and edit destination; original commands omitted.,rs_0a17f49d6cbd7e7a016abb3cc4965c87d2a28a42d94becd629
Coordinator,01a0eb15-2920-7902-9583-64ec8223a4a9,2026-09-29T04:21:40.086000+00:00,2026-09-29T04:21:40.089000+00:00,Testing and verification,0.0030000267112183067,event,Activity classified by event type and edit destination; original commands omitted.,exec-222783a7-7b91-4e5a-8fce-7e817cc89b95
Coordinator,01a0eb15-2920-7902-9583-64ec8223a4a9,2026-09-29T04:21:40.089000+00:00,2026-09-29T04:21:48.131000+00:00,Technical diagnosis,8.042015416453408,event,Activity classified by event type and edit destination; original commands omitted.,rs_0a17f49d6cbd7e7a016abb3cd4206c87d297572ab4812029fa
Coordinator,01a0eb15-2920-7902-9583-64ec8223a4a9,2026-09-29T04:21:48.131000+00:00,2026-09-29T04:21:50.919000+00:00,Testing and verification,2.788005193791705,event,Activity classified by event type and edit destination; original commands omitted.,exec-222783a7-7b91-4e5a-8fce-7e817cc89b95
Coordinator,01a0eb15-2920-7902-9583-64ec8223a4a9,2026-09-29T04:21:50.919000+00:00,2026-09-29T04:21:51.218000+00:00,Technical diagnosis,0.29900059591979217,event,Activity classified by event type and edit destination; original commands omitted.,exec-6994d992-b4b3-4246-9242-7eaf91be673a
Coordinator,01a0eb15-2920-7902-9583-64ec8223a4a9,2026-09-29T04:21:51.218000+00:00,2026-09-29T04:21:53.095000+00:00,Testing and verification,1.8770036787450342,event,Activity classified by event type and edit destination; original commands omitted.,exec-222783a7-7b91-4e5a-8fce-7e817cc89b95
Coordinator,01a0eb15-2920-7902-9583-64ec8223a4a9,2026-09-29T04:21:53.095000+00:00,2026-09-29T04:22:02.568000+00:00,Analysis,9.47301814410509,event,Activity classified by event type and edit destination; original commands omitted.,rs_0a17f49d6cbd7e7a016abb3ce127b087d2b78f7c9e3d86e26a
Coordinator,01a0eb15-2920-7902-9583-64ec8223a4a9,2026-09-29T04:22:02.568000+00:00,2026-09-29T04:22:06.524000+00:00,Testing and verification,3.956007407639181,event,Activity classified by event type and edit destination; original commands omitted.,exec-222783a7-7b91-4e5a-8fce-7e817cc89b95
Coordinator,01a0eb15-2920-7902-9583-64ec8223a4a9,2026-09-29T04:22:06.524000+00:00,2026-09-29T04:22:06.835000+00:00,Analysis,0.3110007027646654,event,Activity classified by event type and edit destination; original commands omitted.,exec-e0c35e06-c67b-4e21-a78e-fd93b27724c2
Coordinator,01a0eb15-2920-7902-9583-64ec8223a4a9,2026-09-29T04:22:06.835000+00:00,2026-09-29T04:22:08.915000+00:00,Testing and verification,2.0800038967439094,event,Activity classified by event type and edit destination; original commands omitted.,exec-222783a7-7b91-4e5a-8fce-7e817cc89b95
Coordinator,01a0eb15-2920-7902-9583-64ec8223a4a9,2026-09-29T04:22:08.915000+00:00,2026-09-29T04:22:14.733000+00:00,Analysis,5.818011191247158,event,Activity classified by event type and edit destination; original commands omitted.,rs_0a17f49d6cbd7e7a016abb3cf0f9b087d2afb96a84952d897b
Coordinator,01a0eb15-2920-7902-9583-64ec8223a4a9,2026-09-29T04:22:14.733000+00:00,2026-09-29T04:22:19.346000+00:00,Testing and verification,4.613008727434335,event,Activity classified by event type and edit destination; original commands omitted.,exec-222783a7-7b91-4e5a-8fce-7e817cc89b95
Coordinator,01a0eb15-2920-7902-9583-64ec8223a4a9,2026-09-29T04:22:19.346000+00:00,2026-09-29T04:22:19.647000+00:00,Analysis,0.30100069320028255,event,Activity classified by event type and edit destination; original commands omitted.,exec-3d08c206-2f76-4a5e-8e70-f8f6a5e23bc6
Coordinator,01a0eb15-2920-7902-9583-64ec8223a4a9,2026-09-29T04:22:19.647000+00:00,2026-09-29T04:22:22.205000+00:00,Testing and verification,2.558004735391865,event,Activity classified by event type and edit destination; original commands omitted.,exec-222783a7-7b91-4e5a-8fce-7e817cc89b95
Coordinator,01a0eb15-2920-7902-9583-64ec8223a4a9,2026-09-29T04:22:22.205000+00:00,2026-09-29T04:22:26.465000+00:00,Analysis,4.260008127550682,event,Activity classified by event type and edit destination; original commands omitted.,rs_0a17f49d6cbd7e7a016abb3cfe440487d2859bdadb23cf3556
Coordinator,01a0eb15-2920-7902-9583-64ec8223a4a9,2026-09-29T04:22:26.465000+00:00,2026-09-29T04:23:02.853000+00:00,Testing and verification,36.38806951668775,event,Activity classified by event type and edit destination; original commands omitted.,exec-222783a7-7b91-4e5a-8fce-7e817cc89b95
Coordinator,01a0eb15-2920-7902-9583-64ec8223a4a9,2026-09-29T04:23:02.853000+00:00,2026-09-29T04:23:03.172000+00:00,Documentation,0.31900061504855787,event,Activity classified by event type and edit destination; original commands omitted.,exec-f95603cc-e16c-4cf7-8b14-1f7c0d704c4c
Coordinator,01a0eb15-2920-7902-9583-64ec8223a4a9,2026-09-29T04:23:03.172000+00:00,2026-09-29T04:23:05.119000+00:00,Testing and verification,1.947003745695714,event,Activity classified by event type and edit destination; original commands omitted.,exec-222783a7-7b91-4e5a-8fce-7e817cc89b95
Coordinator,01a0eb15-2920-7902-9583-64ec8223a4a9,2026-09-29T04:23:05.119000+00:00,2026-09-29T04:23:08.741000+00:00,Technical diagnosis,3.622006897453566,event,Activity classified by event type and edit destination; original commands omitted.,rs_0a17f49d6cbd7e7a016abb3d292e4487d29b9dacedec3bdea4
Coordinator,01a0eb15-2920-7902-9583-64ec8223a4a9,2026-09-29T04:23:08.741000+00:00,2026-09-29T04:23:11.194000+00:00,Testing and verification,2.453004754175362,event,Activity classified by event type and edit destination; original commands omitted.,exec-222783a7-7b91-4e5a-8fce-7e817cc89b95
Coordinator,01a0eb15-2920-7902-9583-64ec8223a4a9,2026-09-29T04:23:11.194000+00:00,2026-09-29T04:23:11.489000+00:00,Technical diagnosis,0.2950006397778459,event,Activity classified by event type and edit destination; original commands omitted.,exec-083a385f-f0a1-4dd9-8f95-49198f2c00b8
Coordinator,01a0eb15-2920-7902-9583-64ec8223a4a9,2026-09-29T04:23:11.489000+00:00,2026-09-29T04:23:14.448000+00:00,Testing and verification,2.959005524235976,event,Activity classified by event type and edit destination; original commands omitted.,exec-222783a7-7b91-4e5a-8fce-7e817cc89b95
Coordinator,01a0eb15-2920-7902-9583-64ec8223a4a9,2026-09-29T04:23:14.448000+00:00,2026-09-29T04:23:28.215000+00:00,Analysis,13.767026256490867,event,Activity classified by event type and edit destination; original commands omitted.,rs_0a17f49d6cbd7e7a016abb3d326fb087d291adb83e13b8a672
Coordinator,01a0eb15-2920-7902-9583-64ec8223a4a9,2026-09-29T04:23:28.215000+00:00,2026-09-29T04:23:30.767000+00:00,Testing and verification,2.552004920388463,event,Activity classified by event type and edit destination; original commands omitted.,exec-222783a7-7b91-4e5a-8fce-7e817cc89b95
Coordinator,01a0eb15-2920-7902-9583-64ec8223a4a9,2026-09-29T04:23:30.767000+00:00,2026-09-29T04:23:31.036000+00:00,Analysis,0.2690005672266436,event,Activity classified by event type and edit destination; original commands omitted.,exec-0d4a3f07-3279-4ecf-b142-190b8a9fdf83
Coordinator,01a0eb15-2920-7902-9583-64ec8223a4a9,2026-09-29T04:23:31.036000+00:00,2026-09-29T04:23:32.921000+00:00,Testing and verification,1.8850035910289265,event,Activity classified by event type and edit destination; original commands omitted.,exec-222783a7-7b91-4e5a-8fce-7e817cc89b95
Coordinator,01a0eb15-2920-7902-9583-64ec8223a4a9,2026-09-29T04:23:32.921000+00:00,2026-09-29T04:23:34.386000+00:00,Technical diagnosis,1.4650027124867777,event,Activity classified by event type and edit destination; original commands omitted.,rs_0a17f49d6cbd7e7a016abb3d44fbc487d292b025321b50a4c6
Coordinator,01a0eb15-2920-7902-9583-64ec8223a4a9,2026-09-29T04:23:34.386000+00:00,2026-09-29T04:23:34.388000+00:00,Testing and verification,0.0020000972804903737,event,Activity classified by event type and edit destination; original commands omitted.,exec-222783a7-7b91-4e5a-8fce-7e817cc89b95
Coordinator,01a0eb15-2920-7902-9583-64ec8223a4a9,2026-09-29T04:23:34.388000+00:00,2026-09-29T04:23:36.564000+00:00,Communication and follow-up,2.1760040362457915,event,Activity classified by event type and edit destination; original commands omitted.,msg_0a17f49d6cbd7e7a016abb3d46670087d28a16c70dd6174fd2
Coordinator,01a0eb15-2920-7902-9583-64ec8223a4a9,2026-09-29T04:23:36.564000+00:00,2026-09-29T04:23:39.487000+00:00,Testing and verification,2.9230056805394256,event,Activity classified by event type and edit destination; original commands omitted.,exec-222783a7-7b91-4e5a-8fce-7e817cc89b95
Coordinator,01a0eb15-2920-7902-9583-64ec8223a4a9,2026-09-29T04:23:39.487000+00:00,2026-09-29T04:23:39.783000+00:00,Technical diagnosis,0.29600056920857387,event,Activity classified by event type and edit destination; original commands omitted.,exec-1e178775-85ad-47d4-8522-e566b49509b7
Coordinator,01a0eb15-2920-7902-9583-64ec8223a4a9,2026-09-29T04:23:39.783000+00:00,2026-09-29T04:23:41.561000+00:00,Testing and verification,1.7780035125319336,event,Activity classified by event type and edit destination; original commands omitted.,exec-222783a7-7b91-4e5a-8fce-7e817cc89b95
Coordinator,01a0eb15-2920-7902-9583-64ec8223a4a9,2026-09-29T04:23:41.561000+00:00,2026-09-29T04:23:42.981000+00:00,Analysis,1.4200025502375375,event,Activity classified by event type and edit destination; original commands omitted.,rs_0a17f49d6cbd7e7a016abb3d4d9e5887d2bd5fd2a010eab051
Coordinator,01a0eb15-2920-7902-9583-64ec8223a4a9,2026-09-29T04:23:42.981000+00:00,2026-09-29T04:23:55.815000+00:00,Testing and verification,12.83402462503494,event,Activity classified by event type and edit destination; original commands omitted.,exec-222783a7-7b91-4e5a-8fce-7e817cc89b95
Coordinator,01a0eb15-2920-7902-9583-64ec8223a4a9,2026-09-29T04:23:55.815000+00:00,2026-09-29T04:24:06.717000+00:00,Documentation,10.902020774476284,gap assigned to next activity,Activity classified by event type and edit destination; original commands omitted.,exec-e3be58a7-2d5e-4943-8b93-50ce9ba530ca
Coordinator,01a0eb15-2920-7902-9583-64ec8223a4a9,2026-09-29T04:24:06.717000+00:00,2026-09-29T04:24:07.005000+00:00,Documentation,0.28800065692468135,event,Activity classified by event type and edit destination; original commands omitted.,exec-e3be58a7-2d5e-4943-8b93-50ce9ba530ca
Coordinator,01a0eb15-2920-7902-9583-64ec8223a4a9,2026-09-29T04:24:07.005000+00:00,2026-09-29T04:24:07.170000+00:00,Technical diagnosis,0.1650002770218343,gap assigned to next activity,Activity classified by event type and edit destination; original commands omitted.,exec-bd74f80f-9643-4260-a987-4b7f26c281c6
Coordinator,01a0eb15-2920-7902-9583-64ec8223a4a9,2026-09-29T04:24:07.170000+00:00,2026-09-29T04:24:07.440000+00:00,Technical diagnosis,0.2700004966573715,event,Activity classified by event type and edit destination; original commands omitted.,exec-bd74f80f-9643-4260-a987-4b7f26c281c6
Coordinator,01a0eb15-2920-7902-9583-64ec8223a4a9,2026-09-29T04:24:07.440000+00:00,2026-09-29T04:24:09.340000+00:00,Analysis,1.9000034861659836,gap assigned to next activity,Activity classified by event type and edit destination; original commands omitted.,rs_0a17f49d6cbd7e7a016abb3d694eb887d280675384b06cc836
Coordinator,01a0eb15-2920-7902-9583-64ec8223a4a9,2026-09-29T04:24:09.340000+00:00,2026-09-29T04:24:09.851000+00:00,Analysis,0.5110011324713569,event,Activity classified by event type and edit destination; original commands omitted.,rs_0a17f49d6cbd7e7a016abb3d694eb887d280675384b06cc836
Coordinator,01a0eb15-2920-7902-9583-64ec8223a4a9,2026-09-29T04:24:09.851000+00:00,2026-09-29T04:24:12.727000+00:00,Analysis,2.876005421009695,gap assigned to next activity,Activity classified by event type and edit destination; original commands omitted.,rs_0a17f49d6cbd7e7a016abb3d6cca1887d283a7298827dc4cbd
Coordinator,01a0eb15-2920-7902-9583-64ec8223a4a9,2026-09-29T04:24:12.727000+00:00,2026-09-29T04:24:19.742000+00:00,Analysis,7.0150135043570545,event,Activity classified by event type and edit destination; original commands omitted.,rs_0a17f49d6cbd7e7a016abb3d6cca1887d283a7298827dc4cbd
Coordinator,01a0eb15-2920-7902-9583-64ec8223a4a9,2026-09-29T04:24:19.742000+00:00,2026-09-29T04:24:49.945000+00:00,Analysis,30.203057521431575,gap assigned to next activity,Activity classified by event type and edit destination; original commands omitted.,exec-78827727-f3ca-49ba-8acd-740e9ced209d
Coordinator,01a0eb15-2920-7902-9583-64ec8223a4a9,2026-09-29T04:24:49.945000+00:00,2026-09-29T04:24:50.209000+00:00,Analysis,0.26400068165396945,event,Activity classified by event type and edit destination; original commands omitted.,exec-78827727-f3ca-49ba-8acd-740e9ced209d
Coordinator,01a0eb15-2920-7902-9583-64ec8223a4a9,2026-09-29T04:24:50.209000+00:00,2026-09-29T04:24:50.374000+00:00,Documentation,0.1650002770218343,gap assigned to next activity,Activity classified by event type and edit destination; original commands omitted.,exec-cf7ca1aa-8411-4d5b-bf5c-e36befba35bd
Coordinator,01a0eb15-2920-7902-9583-64ec8223a4a9,2026-09-29T04:24:50.374000+00:00,2026-09-29T04:24:50.676000+00:00,Documentation,0.30200062263101046,event,Activity classified by event type and edit destination; original commands omitted.,exec-cf7ca1aa-8411-4d5b-bf5c-e36befba35bd
Coordinator,01a0eb15-2920-7902-9583-64ec8223a4a9,2026-09-29T04:24:50.676000+00:00,2026-09-29T04:24:52.158000+00:00,Analysis,1.4820027049043252,gap assigned to next activity,Activity classified by event type and edit destination; original commands omitted.,rs_0a17f49d6cbd7e7a016abb3d94389c87d29edd00e68820d2e9
Coordinator,01a0eb15-2920-7902-9583-64ec8223a4a9,2026-09-29T04:24:52.158000+00:00,2026-09-29T04:24:58.254000+00:00,Analysis,6.096011600188422,event,Activity classified by event type and edit destination; original commands omitted.,rs_0a17f49d6cbd7e7a016abb3d94389c87d29edd00e68820d2e9
Coordinator,01a0eb15-2920-7902-9583-64ec8223a4a9,2026-09-29T04:24:58.254000+00:00,2026-09-29T04:25:02.284000+00:00,Environment and operational integration,4.030007669150842,gap assigned to next activity,Activity classified by event type and edit destination; original commands omitted.,exec-7992132b-20c4-4ce0-ac0b-1cb5c5694874
Coordinator,01a0eb15-2920-7902-9583-64ec8223a4a9,2026-09-29T04:25:02.284000+00:00,2026-09-29T04:25:02.543000+00:00,Environment and operational integration,0.25900055766226077,event,Activity classified by event type and edit destination; original commands omitted.,exec-7992132b-20c4-4ce0-ac0b-1cb5c5694874
Coordinator,01a0eb15-2920-7902-9583-64ec8223a4a9,2026-09-29T04:25:02.543000+00:00,2026-09-29T04:25:06.328000+00:00,Analysis,3.7850073156139445,gap assigned to next activity,Activity classified by event type and edit destination; original commands omitted.,rs_0a17f49d6cbd7e7a016abb3da263c487d290b270d87917383c
Coordinator,01a0eb15-2920-7902-9583-64ec8223a4a9,2026-09-29T04:25:06.328000+00:00,2026-09-29T04:25:07.075000+00:00,Analysis,0.7470014058745992,event,Activity classified by event type and edit destination; original commands omitted.,rs_0a17f49d6cbd7e7a016abb3da263c487d290b270d87917383c
Coordinator,01a0eb15-2920-7902-9583-64ec8223a4a9,2026-09-29T04:25:07.075000+00:00,2026-09-29T04:25:10.567000+00:00,Analysis,3.4920065346975546,gap assigned to next activity,Activity classified by event type and edit destination; original commands omitted.,exec-ddd9e796-e55a-410f-b903-83ebbc218080
Coordinator,01a0eb15-2920-7902-9583-64ec8223a4a9,2026-09-29T04:25:10.567000+00:00,2026-09-29T04:25:10.840000+00:00,Analysis,0.2730005233685898,event,Activity classified by event type and edit destination; original commands omitted.,exec-ddd9e796-e55a-410f-b903-83ebbc218080
Coordinator,01a0eb15-2920-7902-9583-64ec8223a4a9,2026-09-29T04:25:10.840000+00:00,2026-09-29T04:25:12.703000+00:00,Analysis,1.863003713038705,gap assigned to next activity,Activity classified by event type and edit destination; original commands omitted.,rs_0a17f49d6cbd7e7a016abb3da8c41887d2bb4ea3a5107c3996
Coordinator,01a0eb15-2920-7902-9583-64ec8223a4a9,2026-09-29T04:25:12.703000+00:00,2026-09-29T04:25:14.733000+00:00,Analysis,2.030003848921995,event,Activity classified by event type and edit destination; original commands omitted.,rs_0a17f49d6cbd7e7a016abb3da8c41887d2bb4ea3a5107c3996
Coordinator,01a0eb15-2920-7902-9583-64ec8223a4a9,2026-09-29T04:25:14.733000+00:00,2026-09-29T04:25:29.197000+00:00,Documentation,14.464027614543552,gap assigned to next activity,Activity classified by event type and edit destination; original commands omitted.,exec-9c6e0cd4-841d-4838-8346-e7f2e9d48e34
Coordinator,01a0eb15-2920-7902-9583-64ec8223a4a9,2026-09-29T04:25:29.197000+00:00,2026-09-29T04:25:29.487000+00:00,Documentation,0.2900005157861372,event,Activity classified by event type and edit destination; original commands omitted.,exec-9c6e0cd4-841d-4838-8346-e7f2e9d48e34
Coordinator,01a0eb15-2920-7902-9583-64ec8223a4a9,2026-09-29T04:25:29.487000+00:00,2026-09-29T04:25:32.610000+00:00,Analysis,3.1230058718270826,gap assigned to next activity,Activity classified by event type and edit destination; original commands omitted.,rs_0a17f49d6cbd7e7a016abb3dbcab9887d28872e5fd3366fa21
Coordinator,01a0eb15-2920-7902-9583-64ec8223a4a9,2026-09-29T04:25:32.610000+00:00,2026-09-29T04:25:42.431000+00:00,Analysis,9.82101885841607,event,Activity classified by event type and edit destination; original commands omitted.,rs_0a17f49d6cbd7e7a016abb3dbcab9887d28872e5fd3366fa21
Coordinator,01a0eb15-2920-7902-9583-64ec8223a4a9,2026-09-29T04:25:42.431000+00:00,2026-09-29T04:26:01.478000+00:00,Implementation,19.04703631328474,gap assigned to next activity,Activity classified by event type and edit destination; original commands omitted.,exec-6cb0fe61-ab6e-4c0e-b906-af3d879bc658
Coordinator,01a0eb15-2920-7902-9583-64ec8223a4a9,2026-09-29T04:26:01.478000+00:00,2026-09-29T04:26:02.267000+00:00,Implementation,0.7890015414126209,event,Activity classified by event type and edit destination; original commands omitted.,exec-6cb0fe61-ab6e-4c0e-b906-af3d879bc658
Coordinator,01a0eb15-2920-7902-9583-64ec8223a4a9,2026-09-29T04:26:02.267000+00:00,2026-09-29T04:26:04.642000+00:00,Analysis,2.375004536521755,gap assigned to next activity,Activity classified by event type and edit destination; original commands omitted.,rs_0a17f49d6cbd7e7a016abb3ddca61087d2bf46f450905b45bf
Coordinator,01a0eb15-2920-7902-9583-64ec8223a4a9,2026-09-29T04:26:04.642000+00:00,2026-09-29T04:26:12.018000+00:00,Analysis,7.3760140165246,event,Activity classified by event type and edit destination; original commands omitted.,rs_0a17f49d6cbd7e7a016abb3ddca61087d2bf46f450905b45bf
Coordinator,01a0eb15-2920-7902-9583-64ec8223a4a9,2026-09-29T04:26:12.018000+00:00,2026-09-29T04:26:12.021000+00:00,Communication and follow-up,0.0030000267112183067,gap assigned to next activity,Activity classified by event type and edit destination; original commands omitted.,msg_0a17f49d6cbd7e7a016abb3de415c887d2bb6594425d83dd1c
Coordinator,01a0eb15-2920-7902-9583-64ec8223a4a9,2026-09-29T04:26:12.021000+00:00,2026-09-29T04:26:14.843000+00:00,Communication and follow-up,2.8220054170458346,event,Activity classified by event type and edit destination; original commands omitted.,msg_0a17f49d6cbd7e7a016abb3de415c887d2bb6594425d83dd1c
Coordinator,01a0eb15-2920-7902-9583-64ec8223a4a9,2026-09-29T04:26:14.843000+00:00,2026-09-29T04:26:19.384000+00:00,Environment and operational integration,4.5410088016221986,gap assigned to next activity,Activity classified by event type and edit destination; original commands omitted.,exec-8d29f7f2-51f7-4c5a-a54a-621ab6646164
Coordinator,01a0eb15-2920-7902-9583-64ec8223a4a9,2026-09-29T04:26:19.384000+00:00,2026-09-29T04:26:19.973000+00:00,Environment and operational integration,0.5890011117059294,event,Activity classified by event type and edit destination; original commands omitted.,exec-8d29f7f2-51f7-4c5a-a54a-621ab6646164
Coordinator,01a0eb15-2920-7902-9583-64ec8223a4a9,2026-09-29T04:26:19.973000+00:00,2026-09-29T04:26:24.905000+00:00,Analysis,4.932009342482893,gap assigned to next activity,Activity classified by event type and edit destination; original commands omitted.,rs_0a17f49d6cbd7e7a016abb3df0f7e087d2872eb267333e9f6b
Coordinator,01a0eb15-2920-7902-9583-64ec8223a4a9,2026-09-29T04:26:24.905000+00:00,2026-09-29T04:26:31.283000+00:00,Analysis,6.378012203690667,event,Activity classified by event type and edit destination; original commands omitted.,rs_0a17f49d6cbd7e7a016abb3df0f7e087d2872eb267333e9f6b
Coordinator,01a0eb15-2920-7902-9583-64ec8223a4a9,2026-09-29T04:26:31.283000+00:00,2026-09-29T04:26:55.450000+00:00,Environment and operational integration,24.167046217048483,gap assigned to next activity,Activity classified by event type and edit destination; original commands omitted.,exec-45cd45b4-6b3d-46b3-a41d-4a0eee84490e
Coordinator,01a0eb15-2920-7902-9583-64ec8223a4a9,2026-09-29T04:26:55.450000+00:00,2026-09-29T04:26:56.625000+00:00,Environment and operational integration,1.1750021967006405,event,Activity classified by event type and edit destination; original commands omitted.,exec-45cd45b4-6b3d-46b3-a41d-4a0eee84490e
Coordinator,01a0eb15-2920-7902-9583-64ec8223a4a9,2026-09-29T04:26:56.625000+00:00,2026-09-29T04:26:56.890000+00:00,Implementation,0.26500061108469736,event,Activity classified by event type and edit destination; original commands omitted.,exec-5364fdd2-a9a6-46ce-bc34-e42c27257c18
Coordinator,01a0eb15-2920-7902-9583-64ec8223a4a9,2026-09-29T04:26:56.890000+00:00,2026-09-29T04:26:57.888000+00:00,Environment and operational integration,0.998001812833933,event,Activity classified by event type and edit destination; original commands omitted.,exec-45cd45b4-6b3d-46b3-a41d-4a0eee84490e
Coordinator,01a0eb15-2920-7902-9583-64ec8223a4a9,2026-09-29T04:26:57.888000+00:00,2026-09-29T04:26:59.321000+00:00,Analysis,1.4330028249321733,gap assigned to next activity,Activity classified by event type and edit destination; original commands omitted.,rs_0a17f49d6cbd7e7a016abb3e13597487d29cffb4b603d8e436
Coordinator,01a0eb15-2920-7902-9583-64ec8223a4a9,2026-09-29T04:26:59.321000+00:00,2026-09-29T04:27:05.350000+00:00,Analysis,6.029011321529926,event,Activity classified by event type and edit destination; original commands omitted.,rs_0a17f49d6cbd7e7a016abb3e13597487d29cffb4b603d8e436
Coordinator,01a0eb15-2920-7902-9583-64ec8223a4a9,2026-09-29T04:27:05.350000+00:00,2026-09-29T04:27:07.983000+00:00,Environment and operational integration,2.633005164753288,gap assigned to next activity,Activity classified by event type and edit destination; original commands omitted.,exec-29f74512-0ee3-47d2-a17b-07421d5e3070
Coordinator,01a0eb15-2920-7902-9583-64ec8223a4a9,2026-09-29T04:27:07.983000+00:00,2026-09-29T04:27:08.252000+00:00,Environment and operational integration,0.2690005672266436,event,Activity classified by event type and edit destination; original commands omitted.,exec-29f74512-0ee3-47d2-a17b-07421d5e3070
Coordinator,01a0eb15-2920-7902-9583-64ec8223a4a9,2026-09-29T04:27:08.252000+00:00,2026-09-29T04:27:18.608000+00:00,Environment and operational integration,10.356019727739104,gap assigned to next activity,Activity classified by event type and edit destination; original commands omitted.,exec-3ac28a52-b966-410b-8b0e-4f1fcfa27e81
Coordinator,01a0eb15-2920-7902-9583-64ec8223a4a9,2026-09-29T04:27:18.608000+00:00,2026-09-29T04:27:21.368000+00:00,Environment and operational integration,2.760005262379047,event,Activity classified by event type and edit destination; original commands omitted.,exec-3ac28a52-b966-410b-8b0e-4f1fcfa27e81
Coordinator,01a0eb15-2920-7902-9583-64ec8223a4a9,2026-09-29T04:27:21.368000+00:00,2026-09-29T04:27:22.093000+00:00,Analysis,0.725001289465343,gap assigned to next activity,Activity classified by event type and edit destination; original commands omitted.,rs_0a17f49d6cbd7e7a016abb3e2a286487d2a9ca86a3864192de
Coordinator,01a0eb15-2920-7902-9583-64ec8223a4a9,2026-09-29T04:27:22.093000+00:00,2026-09-29T04:27:28.571000+00:00,Analysis,6.47801253775353,event,Activity classified by event type and edit destination; original commands omitted.,rs_0a17f49d6cbd7e7a016abb3e2a286487d2a9ca86a3864192de
Coordinator,01a0eb15-2920-7902-9583-64ec8223a4a9,2026-09-29T04:27:28.571000+00:00,2026-09-29T04:27:36.482000+00:00,Environment and operational integration,7.911015124266669,gap assigned to next activity,Activity classified by event type and edit destination; original commands omitted.,exec-f16a024d-ecdd-4542-8c5c-aedd9db3a003
Coordinator,01a0eb15-2920-7902-9583-64ec8223a4a9,2026-09-29T04:27:36.482000+00:00,2026-09-29T04:27:36.587000+00:00,Environment and operational integration,0.1049999812165027,event,Activity classified by event type and edit destination; original commands omitted.,exec-f16a024d-ecdd-4542-8c5c-aedd9db3a003
Coordinator,01a0eb15-2920-7902-9583-64ec8223a4a9,2026-09-29T04:27:36.587000+00:00,2026-09-29T04:27:39.271000+00:00,Testing and verification,2.6840051420059305,gap assigned to next activity,Activity classified by event type and edit destination; original commands omitted.,exec-f0b3018a-8240-4206-a4c5-a74064ea82b7
Coordinator,01a0eb15-2920-7902-9583-64ec8223a4a9,2026-09-29T04:27:39.271000+00:00,2026-09-29T04:27:41.665000+00:00,Testing and verification,2.394004626219793,event,Activity classified by event type and edit destination; original commands omitted.,exec-f0b3018a-8240-4206-a4c5-a74064ea82b7
Coordinator,01a0eb15-2920-7902-9583-64ec8223a4a9,2026-09-29T04:27:41.665000+00:00,2026-09-29T04:27:43.356000+00:00,Analysis,1.6910032147446716,gap assigned to next activity,Activity classified by event type and edit destination; original commands omitted.,rs_0a17f49d6cbd7e7a016abb3e3f526c87d2a2290e25d073c06b
Coordinator,01a0eb15-2920-7902-9583-64ec8223a4a9,2026-09-29T04:27:43.356000+00:00,2026-09-29T04:27:51.503000+00:00,Analysis,8.147015636088945,event,Activity classified by event type and edit destination; original commands omitted.,rs_0a17f49d6cbd7e7a016abb3e3f526c87d2a2290e25d073c06b
Coordinator,01a0eb15-2920-7902-9583-64ec8223a4a9,2026-09-29T04:27:51.503000+00:00,2026-09-29T04:27:51.512000+00:00,Communication and follow-up,0.00900008013365492,gap assigned to next activity,Activity classified by event type and edit destination; original commands omitted.,msg_0a17f49d6cbd7e7a016abb3e47922887d293b652f04c690ec3
Coordinator,01a0eb15-2920-7902-9583-64ec8223a4a9,2026-09-29T04:27:51.512000+00:00,2026-09-29T04:27:53.823000+00:00,Communication and follow-up,2.3110042845744774,event,Activity classified by event type and edit destination; original commands omitted.,msg_0a17f49d6cbd7e7a016abb3e47922887d293b652f04c690ec3
Coordinator,01a0eb15-2920-7902-9583-64ec8223a4a9,2026-09-29T04:27:53.823000+00:00,2026-09-29T04:28:01.357000+00:00,Testing and verification,7.534014549112304,gap assigned to next activity,Activity classified by event type and edit destination; original commands omitted.,exec-d7209e00-000f-4459-bd4d-7c227e1fd7e9
Coordinator,01a0eb15-2920-7902-9583-64ec8223a4a9,2026-09-29T04:28:01.357000+00:00,2026-09-29T04:28:02.367000+00:00,Testing and verification,1.0100019196788061,event,Activity classified by event type and edit destination; original commands omitted.,exec-d7209e00-000f-4459-bd4d-7c227e1fd7e9
Coordinator,01a0eb15-2920-7902-9583-64ec8223a4a9,2026-09-29T04:28:02.367000+00:00,2026-09-29T04:28:02.464000+00:00,Communication and follow-up,0.09700006893261022,event,Activity classified by event type and edit destination; original commands omitted.,exec-ae51f3a1-4510-4c98-abe4-ee576b350e9f
Coordinator,01a0eb15-2920-7902-9583-64ec8223a4a9,2026-09-29T04:28:02.464000+00:00,2026-09-29T04:28:10.240000+00:00,Testing and verification,7.776014875937983,event,Activity classified by event type and edit destination; original commands omitted.,exec-d7209e00-000f-4459-bd4d-7c227e1fd7e9
Coordinator,01a0eb15-2920-7902-9583-64ec8223a4a9,2026-09-29T04:28:10.240000+00:00,2026-09-29T04:28:25.959000+00:00,Analysis,15.719030126178291,event,Activity classified by event type and edit destination; original commands omitted.,rs_0a17f49d6cbd7e7a016abb3e5a4e2487d2a9c95b36ac633694
Coordinator,01a0eb15-2920-7902-9583-64ec8223a4a9,2026-09-29T04:28:25.959000+00:00,2026-09-29T04:28:32.444000+00:00,Testing and verification,6.48501228218766,event,Activity classified by event type and edit destination; original commands omitted.,exec-d7209e00-000f-4459-bd4d-7c227e1fd7e9
Coordinator,01a0eb15-2920-7902-9583-64ec8223a4a9,2026-09-29T04:28:32.444000+00:00,2026-09-29T04:28:33.833000+00:00,Testing and verification,1.389002592113661,event,Activity classified by event type and edit destination; original commands omitted.,exec-297a1cef-0cb4-4d6c-9fbd-bd8cc42d7950
Coordinator,01a0eb15-2920-7902-9583-64ec8223a4a9,2026-09-29T04:28:33.833000+00:00,2026-09-29T04:28:36.872000+00:00,Testing and verification,3.0390058391700734,event,Activity classified by event type and edit destination; original commands omitted.,exec-d7209e00-000f-4459-bd4d-7c227e1fd7e9
Coordinator,01a0eb15-2920-7902-9583-64ec8223a4a9,2026-09-29T04:28:36.872000+00:00,2026-09-29T04:28:48.526000+00:00,Analysis,11.654022304342591,event,Activity classified by event type and edit destination; original commands omitted.,rs_0a17f49d6cbd7e7a016abb3e74ea6c87d2838aabb3e545f4f2
Coordinator,01a0eb15-2920-7902-9583-64ec8223a4a9,2026-09-29T04:28:48.526000+00:00,2026-09-29T04:28:48.784000+00:00,Testing and verification,0.2580003898124983,event,Activity classified by event type and edit destination; original commands omitted.,exec-d7209e00-000f-4459-bd4d-7c227e1fd7e9
Coordinator,01a0eb15-2920-7902-9583-64ec8223a4a9,2026-09-29T04:28:48.784000+00:00,2026-09-29T04:29:33.785000+00:00,Unattributed active time,45.001086122998814,event,Activity classified by event type and edit destination; original commands omitted.,call_ClEIcZxRvCszTXB3zN1ibKKG
Coordinator,01a0eb15-2920-7902-9583-64ec8223a4a9,2026-09-29T04:29:33.785000+00:00,2026-09-29T04:29:45.839000+00:00,Testing and verification,12.05402292533694,event,Activity classified by event type and edit destination; original commands omitted.,exec-d7209e00-000f-4459-bd4d-7c227e1fd7e9
Coordinator,01a0eb15-2920-7902-9583-64ec8223a4a9,2026-09-29T04:29:45.839000+00:00,2026-09-29T04:29:47.157000+00:00,Testing and verification,1.3180025957322532,event,Activity classified by event type and edit destination; original commands omitted.,exec-1f87af0a-0bd4-4c08-92f4-1807b635a70f
Coordinator,01a0eb15-2920-7902-9583-64ec8223a4a9,2026-09-29T04:29:47.157000+00:00,2026-09-29T04:29:48.692000+00:00,Testing and verification,1.5350027794374577,event,Activity classified by event type and edit destination; original commands omitted.,exec-d7209e00-000f-4459-bd4d-7c227e1fd7e9
Coordinator,01a0eb15-2920-7902-9583-64ec8223a4a9,2026-09-29T04:29:48.692000+00:00,2026-09-29T04:29:49.510000+00:00,Technical diagnosis,0.8180016406750416,event,Activity classified by event type and edit destination; original commands omitted.,rs_0a17f49d6cbd7e7a016abb3ebcbe0487d2b824826a729978a4
Coordinator,01a0eb15-2920-7902-9583-64ec8223a4a9,2026-09-29T04:29:49.510000+00:00,2026-09-29T04:30:01.884000+00:00,Testing and verification,12.37402370823526,event,Activity classified by event type and edit destination; original commands omitted.,exec-d7209e00-000f-4459-bd4d-7c227e1fd7e9
Coordinator,01a0eb15-2920-7902-9583-64ec8223a4a9,2026-09-29T04:30:01.884000+00:00,2026-09-29T04:30:02.683000+00:00,Technical diagnosis,0.7990015509770038,event,Activity classified by event type and edit destination; original commands omitted.,exec-ba2c32f8-dd6e-4ecb-8c0d-90329059fd72
Coordinator,01a0eb15-2920-7902-9583-64ec8223a4a9,2026-09-29T04:30:02.683000+00:00,2026-09-29T04:30:03.048000+00:00,Testing and verification,0.36500070672852586,event,Activity classified by event type and edit destination; original commands omitted.,exec-d7209e00-000f-4459-bd4d-7c227e1fd7e9
Coordinator,01a0eb15-2920-7902-9583-64ec8223a4a9,2026-09-29T04:30:03.048000+00:00,2026-09-29T04:30:03.775000+00:00,Technical diagnosis,0.7270013867458335,event,Activity classified by event type and edit destination; original commands omitted.,exec-1b9f5f91-a373-40c5-9555-7f3ef785610b
Coordinator,01a0eb15-2920-7902-9583-64ec8223a4a9,2026-09-29T04:30:03.775000+00:00,2026-09-29T04:30:08.112000+00:00,Testing and verification,4.337008177354527,event,Activity classified by event type and edit destination; original commands omitted.,exec-d7209e00-000f-4459-bd4d-7c227e1fd7e9
Coordinator,01a0eb15-2920-7902-9583-64ec8223a4a9,2026-09-29T04:30:08.112000+00:00,2026-09-29T04:30:25.401000+00:00,Technical diagnosis,17.289033058300607,event,Activity classified by event type and edit destination; original commands omitted.,rs_0a17f49d6cbd7e7a016abb3ed02b8887d2b4376e1bb01ec1b2
Coordinator,01a0eb15-2920-7902-9583-64ec8223a4a9,2026-09-29T04:30:25.401000+00:00,2026-09-29T04:30:25.404000+00:00,Testing and verification,0.0030000267112183067,event,Activity classified by event type and edit destination; original commands omitted.,exec-d7209e00-000f-4459-bd4d-7c227e1fd7e9
Coordinator,01a0eb15-2920-7902-9583-64ec8223a4a9,2026-09-29T04:30:25.404000+00:00,2026-09-29T04:30:39.973000+00:00,Technical diagnosis,14.56902783417909,event,Activity classified by event type and edit destination; original commands omitted.,rs_0a17f49d6cbd7e7a016abb3ee1775887d2b6905c1ca8c19be1
Coordinator,01a0eb15-2920-7902-9583-64ec8223a4a9,2026-09-29T04:30:39.973000+00:00,2026-09-29T04:30:48.028000+00:00,Testing and verification,8.055015452729009,event,Activity classified by event type and edit destination; original commands omitted.,exec-d7209e00-000f-4459-bd4d-7c227e1fd7e9
Coordinator,01a0eb15-2920-7902-9583-64ec8223a4a9,2026-09-29T04:30:48.028000+00:00,2026-09-29T04:30:48.807000+00:00,Technical diagnosis,0.7790012934292035,event,Activity classified by event type and edit destination; original commands omitted.,exec-0d51e104-77cb-4ba8-ac53-481c822ade26
Coordinator,01a0eb15-2920-7902-9583-64ec8223a4a9,2026-09-29T04:30:48.807000+00:00,2026-09-29T04:30:51.004000+00:00,Testing and verification,2.1970042232243197,event,Activity classified by event type and edit destination; original commands omitted.,exec-d7209e00-000f-4459-bd4d-7c227e1fd7e9
Coordinator,01a0eb15-2920-7902-9583-64ec8223a4a9,2026-09-29T04:30:51.004000+00:00,2026-09-29T04:30:53.645000+00:00,Analysis,2.6410050770371805,event,Activity classified by event type and edit destination; original commands omitted.,rs_0a17f49d6cbd7e7a016abb3efb121c87d2b4d1c6a52fcfe439
Coordinator,01a0eb15-2920-7902-9583-64ec8223a4a9,2026-09-29T04:30:53.645000+00:00,2026-09-29T04:30:53.649000+00:00,Testing and verification,0.003999956141946239,event,Activity classified by event type and edit destination; original commands omitted.,exec-d7209e00-000f-4459-bd4d-7c227e1fd7e9
Coordinator,01a0eb15-2920-7902-9583-64ec8223a4a9,2026-09-29T04:30:53.649000+00:00,2026-09-29T04:30:55.416000+00:00,Communication and follow-up,1.767003335117788,event,Activity classified by event type and edit destination; original commands omitted.,msg_0a17f49d6cbd7e7a016abb3efdb76087d2a8722cc7db9d3908
Coordinator,01a0eb15-2920-7902-9583-64ec8223a4a9,2026-09-29T04:30:55.416000+00:00,2026-09-29T04:31:02.117000+00:00,Testing and verification,6.701013013300205,event,Activity classified by event type and edit destination; original commands omitted.,exec-d7209e00-000f-4459-bd4d-7c227e1fd7e9
Coordinator,01a0eb15-2920-7902-9583-64ec8223a4a9,2026-09-29T04:31:02.117000+00:00,2026-09-29T04:31:11.342000+00:00,Testing and verification,9.225017525437941,event,Activity classified by event type and edit destination; original commands omitted.,exec-d7209e00-000f-4459-bd4d-7c227e1fd7e9
Coordinator,01a0eb15-2920-7902-9583-64ec8223a4a9,2026-09-29T04:31:11.342000+00:00,2026-09-29T04:31:16.221000+00:00,Testing and verification,4.87900926794976,event,Activity classified by event type and edit destination; original commands omitted.,exec-d7209e00-000f-4459-bd4d-7c227e1fd7e9
Coordinator,01a0eb15-2920-7902-9583-64ec8223a4a9,2026-09-29T04:31:16.221000+00:00,2026-09-29T04:31:17.846000+00:00,Technical diagnosis,1.6250031039359378,event,Activity classified by event type and edit destination; original commands omitted.,rs_0a17f49d6cbd7e7a016abb3f1447c887d29f7fa8e465167242
Coordinator,01a0eb15-2920-7902-9583-64ec8223a4a9,2026-09-29T04:31:17.846000+00:00,2026-09-29T04:31:27.784000+00:00,Testing and verification,9.938018946477445,event,Activity classified by event type and edit destination; original commands omitted.,exec-d7209e00-000f-4459-bd4d-7c227e1fd7e9
Coordinator,01a0eb15-2920-7902-9583-64ec8223a4a9,2026-09-29T04:31:27.784000+00:00,2026-09-29T04:31:28.067000+00:00,Technical diagnosis,0.28300053293297267,event,Activity classified by event type and edit destination; original commands omitted.,exec-e7873429-f235-4508-9a2b-63e45ecc4ab3
Coordinator,01a0eb15-2920-7902-9583-64ec8223a4a9,2026-09-29T04:31:28.067000+00:00,2026-09-29T04:31:33.112000+00:00,Testing and verification,5.045009712821357,event,Activity classified by event type and edit destination; original commands omitted.,exec-d7209e00-000f-4459-bd4d-7c227e1fd7e9
Coordinator,01a0eb15-2920-7902-9583-64ec8223a4a9,2026-09-29T04:31:33.112000+00:00,2026-09-29T04:31:50.484000+00:00,Analysis,17.372033161526886,event,Activity classified by event type and edit destination; original commands omitted.,rs_0a17f49d6cbd7e7a016abb3f252dd087d28ec5b659872c8a1f
Coordinator,01a0eb15-2920-7902-9583-64ec8223a4a9,2026-09-29T04:31:50.484000+00:00,2026-09-29T04:31:50.488000+00:00,Testing and verification,0.003999956141946239,event,Activity classified by event type and edit destination; original commands omitted.,exec-d7209e00-000f-4459-bd4d-7c227e1fd7e9
Coordinator,01a0eb15-2920-7902-9583-64ec8223a4a9,2026-09-29T04:31:50.488000+00:00,2026-09-29T04:31:59.197000+00:00,Analysis,8.709016745812944,event,Activity classified by event type and edit destination; original commands omitted.,rs_0a17f49d6cbd7e7a016abb3f368d4887d2956ba8eb1ea9ecfe
Coordinator,01a0eb15-2920-7902-9583-64ec8223a4a9,2026-09-29T04:31:59.197000+00:00,2026-09-29T04:32:05.777000+00:00,Testing and verification,6.580012492258814,event,Activity classified by event type and edit destination; original commands omitted.,exec-d7209e00-000f-4459-bd4d-7c227e1fd7e9
Coordinator,01a0eb15-2920-7902-9583-64ec8223a4a9,2026-09-29T04:32:05.777000+00:00,2026-09-29T04:32:07.466000+00:00,Testing and verification,1.6890033558832158,event,Activity classified by event type and edit destination; original commands omitted.,exec-02ae9fb0-4917-4f54-a2f3-59eb85868847
Coordinator,01a0eb15-2920-7902-9583-64ec8223a4a9,2026-09-29T04:32:07.466000+00:00,2026-09-29T04:32:10.200000+00:00,Testing and verification,2.734005189827845,event,Activity classified by event type and edit destination; original commands omitted.,exec-d7209e00-000f-4459-bd4d-7c227e1fd7e9
Coordinator,01a0eb15-2920-7902-9583-64ec8223a4a9,2026-09-29T04:32:10.200000+00:00,2026-09-29T04:32:13.794000+00:00,Analysis,3.5940067276218737,event,Activity classified by event type and edit destination; original commands omitted.,rs_0a17f49d6cbd7e7a016abb3f4a442887d2a3da4a1e742d87c4
Coordinator,01a0eb15-2920-7902-9583-64ec8223a4a9,2026-09-29T04:32:13.794000+00:00,2026-09-29T04:32:13.935000+00:00,Testing and verification,0.14100030175112238,event,Activity classified by event type and edit destination; original commands omitted.,exec-d7209e00-000f-4459-bd4d-7c227e1fd7e9
Coordinator,01a0eb15-2920-7902-9583-64ec8223a4a9,2026-09-29T04:32:13.935000+00:00,2026-09-29T04:32:48.613000+00:00,Communication and follow-up,34.67806621224504,event,Activity classified by event type and edit destination; original commands omitted.,call_aVqNCsT2tvhbGm1hJoNoddgG
Coordinator,01a0eb15-2920-7902-9583-64ec8223a4a9,2026-09-29T04:32:48.613000+00:00,2026-09-29T04:32:50.603000+00:00,Testing and verification,1.9900038106644637,event,Activity classified by event type and edit destination; original commands omitted.,exec-d7209e00-000f-4459-bd4d-7c227e1fd7e9
Coordinator,01a0eb15-2920-7902-9583-64ec8223a4a9,2026-09-29T04:32:50.603000+00:00,2026-09-29T04:32:51.887000+00:00,Analysis,1.2840026108971585,event,Activity classified by event type and edit destination; original commands omitted.,rs_0a17f49d6cbd7e7a016abb3f7281c087d28246873442b5a3e4
Coordinator,01a0eb15-2920-7902-9583-64ec8223a4a9,2026-09-29T04:32:51.887000+00:00,2026-09-29T04:32:53.312000+00:00,Testing and verification,1.4250026742292463,event,Activity classified by event type and edit destination; original commands omitted.,exec-d7209e00-000f-4459-bd4d-7c227e1fd7e9
Coordinator,01a0eb15-2920-7902-9583-64ec8223a4a9,2026-09-29T04:32:53.312000+00:00,2026-09-29T04:32:54.941000+00:00,Testing and verification,1.6290030600778842,event,Activity classified by event type and edit destination; original commands omitted.,exec-d7209e00-000f-4459-bd4d-7c227e1fd7e9
Coordinator,01a0eb15-2920-7902-9583-64ec8223a4a9,2026-09-29T04:32:54.941000+00:00,2026-09-29T04:32:55.230000+00:00,Environment and operational integration,0.2890005863554093,event,Activity classified by event type and edit destination; original commands omitted.,exec-c0b2bc45-4b02-47af-903c-fa967be31df1
Coordinator,01a0eb15-2920-7902-9583-64ec8223a4a9,2026-09-29T04:32:55.230000+00:00,2026-09-29T04:32:57.722000+00:00,Testing and verification,2.492004624583131,event,Activity classified by event type and edit destination; original commands omitted.,exec-d7209e00-000f-4459-bd4d-7c227e1fd7e9
Coordinator,01a0eb15-2920-7902-9583-64ec8223a4a9,2026-09-29T04:32:57.722000+00:00,2026-09-29T04:33:15.166000+00:00,Technical diagnosis,17.444033325758056,event,Activity classified by event type and edit destination; original commands omitted.,rs_0a17f49d6cbd7e7a016abb3f79ca6887d2a385932f76a65cc7
Coordinator,01a0eb15-2920-7902-9583-64ec8223a4a9,2026-09-29T04:33:15.166000+00:00,2026-09-29T04:33:21.885000+00:00,Testing and verification,6.719012935148481,event,Activity classified by event type and edit destination; original commands omitted.,exec-d7209e00-000f-4459-bd4d-7c227e1fd7e9
Coordinator,01a0eb15-2920-7902-9583-64ec8223a4a9,2026-09-29T04:33:21.885000+00:00,2026-09-29T04:33:22.154000+00:00,Technical diagnosis,0.2690005672266436,event,Activity classified by event type and edit destination; original commands omitted.,exec-879732c2-99ce-4352-b4b4-706b77a1cdfd
Coordinator,01a0eb15-2920-7902-9583-64ec8223a4a9,2026-09-29T04:33:22.154000+00:00,2026-09-29T04:33:25.256000+00:00,Testing and verification,3.1020059232675887,event,Activity classified by event type and edit destination; original commands omitted.,exec-d7209e00-000f-4459-bd4d-7c227e1fd7e9
Coordinator,01a0eb15-2920-7902-9583-64ec8223a4a9,2026-09-29T04:33:25.256000+00:00,2026-09-29T04:33:33.451000+00:00,Analysis,8.195015586630369,event,Activity classified by event type and edit destination; original commands omitted.,rs_0a17f49d6cbd7e7a016abb3f9542f087d297a5ed1890855fad
Coordinator,01a0eb15-2920-7902-9583-64ec8223a4a9,2026-09-29T04:33:33.451000+00:00,2026-09-29T04:33:34.108000+00:00,Testing and verification,0.6570013197951535,event,Activity classified by event type and edit destination; original commands omitted.,exec-d7209e00-000f-4459-bd4d-7c227e1fd7e9
Coordinator,01a0eb15-2920-7902-9583-64ec8223a4a9,2026-09-29T04:33:34.108000+00:00,2026-09-29T04:33:57.423000+00:00,Communication and follow-up,23.315044591538346,event,Activity classified by event type and edit destination; original commands omitted.,call_aOrwDNRSifiKF9gzVts7wEyi
Coordinator,01a0eb15-2920-7902-9583-64ec8223a4a9,2026-09-29T04:33:57.423000+00:00,2026-09-29T04:34:01.533000+00:00,Testing and verification,4.1100077456659045,event,Activity classified by event type and edit destination; original commands omitted.,exec-d7209e00-000f-4459-bd4d-7c227e1fd7e9
Coordinator,01a0eb15-2920-7902-9583-64ec8223a4a9,2026-09-29T04:34:01.533000+00:00,2026-09-29T04:34:17.584000+00:00,Analysis,16.05103077750245,event,Activity classified by event type and edit destination; original commands omitted.,rs_0a17f49d6cbd7e7a016abb3fb9986887d280d60cd764e1d00b
Coordinator,01a0eb15-2920-7902-9583-64ec8223a4a9,2026-09-29T04:34:17.584000+00:00,2026-09-29T04:34:21.181000+00:00,Testing and verification,3.597006754333092,event,Activity classified by event type and edit destination; original commands omitted.,exec-d7209e00-000f-4459-bd4d-7c227e1fd7e9
Coordinator,01a0eb15-2920-7902-9583-64ec8223a4a9,2026-09-29T04:34:21.181000+00:00,2026-09-29T04:34:25.098000+00:00,Testing and verification,3.917007537231412,gap assigned to next activity,Activity classified by event type and edit destination; original commands omitted.,exec-bf21e944-c64e-462d-b284-1b0a2a077e43
Coordinator,01a0eb15-2920-7902-9583-64ec8223a4a9,2026-09-29T04:34:25.098000+00:00,2026-09-29T04:34:25.370000+00:00,Testing and verification,0.2720003555188274,event,Activity classified by event type and edit destination; original commands omitted.,exec-bf21e944-c64e-462d-b284-1b0a2a077e43
Coordinator,01a0eb15-2920-7902-9583-64ec8223a4a9,2026-09-29T04:34:25.370000+00:00,2026-09-29T04:34:28.805000+00:00,Testing and verification,3.43500674244151,gap assigned to next activity,Activity classified by event type and edit destination; original commands omitted.,exec-964e6958-5cb7-43c6-a8a7-fa9d1a5497e0
Coordinator,01a0eb15-2920-7902-9583-64ec8223a4a9,2026-09-29T04:34:28.805000+00:00,2026-09-29T04:34:33.469000+00:00,Testing and verification,4.664008943106011,event,Activity classified by event type and edit destination; original commands omitted.,exec-964e6958-5cb7-43c6-a8a7-fa9d1a5497e0
Coordinator,01a0eb15-2920-7902-9583-64ec8223a4a9,2026-09-29T04:34:33.469000+00:00,2026-09-29T04:34:49.820000+00:00,Technical diagnosis,16.351031064433936,event,Activity classified by event type and edit destination; original commands omitted.,rs_0a17f49d6cbd7e7a016abb3fd989b087d2bfbb719fbf2ccb23
Coordinator,01a0eb15-2920-7902-9583-64ec8223a4a9,2026-09-29T04:34:49.820000+00:00,2026-09-29T04:34:53.070000+00:00,Testing and verification,3.2500062078718757,event,Activity classified by event type and edit destination; original commands omitted.,exec-964e6958-5cb7-43c6-a8a7-fa9d1a5497e0
Coordinator,01a0eb15-2920-7902-9583-64ec8223a4a9,2026-09-29T04:34:53.070000+00:00,2026-09-29T04:34:53.378000+00:00,Technical diagnosis,0.30800067605344705,event,Activity classified by event type and edit destination; original commands omitted.,exec-7b1f7cb5-a88f-4a79-a2e8-10ce5f1e850d
Coordinator,01a0eb15-2920-7902-9583-64ec8223a4a9,2026-09-29T04:34:53.378000+00:00,2026-09-29T04:34:56.393000+00:00,Testing and verification,3.015005625480327,event,Activity classified by event type and edit destination; original commands omitted.,exec-964e6958-5cb7-43c6-a8a7-fa9d1a5497e0
Coordinator,01a0eb15-2920-7902-9583-64ec8223a4a9,2026-09-29T04:34:56.393000+00:00,2026-09-29T04:35:04.977000+00:00,Analysis,8.584016507048641,event,Activity classified by event type and edit destination; original commands omitted.,rs_0a17f49d6cbd7e7a016abb3ff0758087d2977adbe9ea8833e2
Coordinator,01a0eb15-2920-7902-9583-64ec8223a4a9,2026-09-29T04:35:04.977000+00:00,2026-09-29T04:35:04.979000+00:00,Testing and verification,0.0020000972804903737,event,Activity classified by event type and edit destination; original commands omitted.,exec-964e6958-5cb7-43c6-a8a7-fa9d1a5497e0
Coordinator,01a0eb15-2920-7902-9583-64ec8223a4a9,2026-09-29T04:35:04.979000+00:00,2026-09-29T04:35:07.060000+00:00,Communication and follow-up,2.0810038261746375,event,Activity classified by event type and edit destination; original commands omitted.,msg_0a17f49d6cbd7e7a016abb3ff9086487d2bb82964184785bd2
Coordinator,01a0eb15-2920-7902-9583-64ec8223a4a9,2026-09-29T04:35:07.060000+00:00,2026-09-29T04:35:09.294000+00:00,Testing and verification,2.234004234770633,event,Activity classified by event type and edit destination; original commands omitted.,exec-964e6958-5cb7-43c6-a8a7-fa9d1a5497e0
Coordinator,01a0eb15-2920-7902-9583-64ec8223a4a9,2026-09-29T04:35:09.294000+00:00,2026-09-29T04:35:12.482000+00:00,Testing and verification,3.1880062916241227,event,Activity classified by event type and edit destination; original commands omitted.,exec-964e6958-5cb7-43c6-a8a7-fa9d1a5497e0
Coordinator,01a0eb15-2920-7902-9583-64ec8223a4a9,2026-09-29T04:35:12.482000+00:00,2026-09-29T04:35:28.723000+00:00,Technical diagnosis,16.241030959225725,event,Activity classified by event type and edit destination; original commands omitted.,rs_0a17f49d6cbd7e7a016abb40008d0887d289111d6eaea2bdea
Coordinator,01a0eb15-2920-7902-9583-64ec8223a4a9,2026-09-29T04:35:28.723000+00:00,2026-09-29T04:35:28.725000+00:00,Testing and verification,0.0019998588614558656,event,Activity classified by event type and edit destination; original commands omitted.,exec-964e6958-5cb7-43c6-a8a7-fa9d1a5497e0
Coordinator,01a0eb15-2920-7902-9583-64ec8223a4a9,2026-09-29T04:35:28.725000+00:00,2026-09-29T04:35:34.496000+00:00,Technical diagnosis,5.771011170136462,event,Activity classified by event type and edit destination; original commands omitted.,rs_0a17f49d6cbd7e7a016abb4010cb1087d2a8611f72e7ed2f6a
Coordinator,01a0eb15-2920-7902-9583-64ec8223a4a9,2026-09-29T04:35:34.496000+00:00,2026-09-29T04:35:38.137000+00:00,Testing and verification,3.641006987151604,event,Activity classified by event type and edit destination; original commands omitted.,exec-964e6958-5cb7-43c6-a8a7-fa9d1a5497e0
Coordinator,01a0eb15-2920-7902-9583-64ec8223a4a9,2026-09-29T04:35:38.137000+00:00,2026-09-29T04:35:38.467000+00:00,Technical diagnosis,0.3300005540436686,event,Activity classified by event type and edit destination; original commands omitted.,exec-b134cf84-70a8-4aef-8224-37bd51a5d4eb
Coordinator,01a0eb15-2920-7902-9583-64ec8223a4a9,2026-09-29T04:35:38.467000+00:00,2026-09-29T04:35:41.508000+00:00,Testing and verification,3.041005698031529,event,Activity classified by event type and edit destination; original commands omitted.,exec-964e6958-5cb7-43c6-a8a7-fa9d1a5497e0
Coordinator,01a0eb15-2920-7902-9583-64ec8223a4a9,2026-09-29T04:35:41.508000+00:00,2026-09-29T04:35:57.922000+00:00,Analysis,16.414031386950484,event,Activity classified by event type and edit destination; original commands omitted.,rs_0a17f49d6cbd7e7a016abb401d941887d2b49cc91ed7a5a8d8
Coordinator,01a0eb15-2920-7902-9583-64ec8223a4a9,2026-09-29T04:35:57.922000+00:00,2026-09-29T04:35:58.022000+00:00,Testing and verification,0.10000033406286303,event,Activity classified by event type and edit destination; original commands omitted.,exec-964e6958-5cb7-43c6-a8a7-fa9d1a5497e0
Coordinator,01a0eb15-2920-7902-9583-64ec8223a4a9,2026-09-29T04:35:58.022000+00:00,2026-09-29T04:35:59.271000+00:00,Unattributed active time,1.2490022197932666,event,Activity classified by event type and edit destination; original commands omitted.,call_ihVuultY2Hkvm3LRMGai5nmm
Coordinator,01a0eb15-2920-7902-9583-64ec8223a4a9,2026-09-29T04:35:59.271000+00:00,2026-09-29T04:36:01.371000+00:00,Testing and verification,2.10000415429171,event,Activity classified by event type and edit destination; original commands omitted.,exec-964e6958-5cb7-43c6-a8a7-fa9d1a5497e0
Coordinator,01a0eb15-2920-7902-9583-64ec8223a4a9,2026-09-29T04:36:01.371000+00:00,2026-09-29T04:36:03.185000+00:00,Analysis,1.814003356228484,event,Activity classified by event type and edit destination; original commands omitted.,rs_0a17f49d6cbd7e7a016abb403170f887d29aab3e233906ebd1
Coordinator,01a0eb15-2920-7902-9583-64ec8223a4a9,2026-09-29T04:36:03.185000+00:00,2026-09-29T04:36:19.046000+00:00,Analysis,15.861030357360141,event,Activity classified by event type and edit destination; original commands omitted.,rs_0a17f49d6cbd7e7a016abb403170f887d29aab3e233906ebd1
Coordinator,01a0eb15-2920-7902-9583-64ec8223a4a9,2026-09-29T04:36:19.046000+00:00,2026-09-29T04:36:24.174000+00:00,Testing and verification,5.128009816047638,event,Activity classified by event type and edit destination; original commands omitted.,exec-964e6958-5cb7-43c6-a8a7-fa9d1a5497e0
Coordinator,01a0eb15-2920-7902-9583-64ec8223a4a9,2026-09-29T04:36:24.174000+00:00,2026-09-29T04:36:26.988000+00:00,Analysis,2.8140052663429076,event,Activity classified by event type and edit destination; original commands omitted.,rs_0a17f49d6cbd7e7a016abb40483d4087d2b7505f6d51d12b9d
Coordinator,01a0eb15-2920-7902-9583-64ec8223a4a9,2026-09-29T04:36:26.988000+00:00,2026-09-29T04:36:45.956000+00:00,Testing and verification,18.96803640461944,event,Activity classified by event type and edit destination; original commands omitted.,exec-964e6958-5cb7-43c6-a8a7-fa9d1a5497e0
Coordinator,01a0eb15-2920-7902-9583-64ec8223a4a9,2026-09-29T04:36:45.956000+00:00,2026-09-29T04:36:47.122000+00:00,Environment and operational integration,1.1660021165669856,event,Activity classified by event type and edit destination; original commands omitted.,exec-95eeb152-cbac-4399-86ee-f11a6996d672
Coordinator,01a0eb15-2920-7902-9583-64ec8223a4a9,2026-09-29T04:36:47.122000+00:00,2026-09-29T04:36:47.409000+00:00,Technical diagnosis,0.28700048907491893,event,Activity classified by event type and edit destination; original commands omitted.,exec-baa64883-d7c3-4612-be56-f9e9cc8ec452
Coordinator,01a0eb15-2920-7902-9583-64ec8223a4a9,2026-09-29T04:36:47.409000+00:00,2026-09-29T04:36:48.010000+00:00,Environment and operational integration,0.6010012185508026,event,Activity classified by event type and edit destination; original commands omitted.,exec-95eeb152-cbac-4399-86ee-f11a6996d672
Coordinator,01a0eb15-2920-7902-9583-64ec8223a4a9,2026-09-29T04:36:48.010000+00:00,2026-09-29T04:36:49.034000+00:00,Testing and verification,1.0240018853851351,event,Activity classified by event type and edit destination; original commands omitted.,exec-964e6958-5cb7-43c6-a8a7-fa9d1a5497e0
Coordinator,01a0eb15-2920-7902-9583-64ec8223a4a9,2026-09-29T04:36:49.034000+00:00,2026-09-29T04:37:05.273000+00:00,Analysis,16.23903110036427,event,Activity classified by event type and edit destination; original commands omitted.,rs_0a17f49d6cbd7e7a016abb4061186087d2916323f414f0aee9
Coordinator,01a0eb15-2920-7902-9583-64ec8223a4a9,2026-09-29T04:37:05.273000+00:00,2026-09-29T04:37:11.639000+00:00,Testing and verification,6.366012096845793,event,Activity classified by event type and edit destination; original commands omitted.,exec-964e6958-5cb7-43c6-a8a7-fa9d1a5497e0
Coordinator,01a0eb15-2920-7902-9583-64ec8223a4a9,2026-09-29T04:37:11.639000+00:00,2026-09-29T04:37:12.922000+00:00,Testing and verification,1.283002443047396,event,Activity classified by event type and edit destination; original commands omitted.,exec-59da4127-1008-45b7-8413-4347ff6c7b2a
Coordinator,01a0eb15-2920-7902-9583-64ec8223a4a9,2026-09-29T04:37:12.922000+00:00,2026-09-29T04:37:14.604000+00:00,Testing and verification,1.6820033730300512,event,Activity classified by event type and edit destination; original commands omitted.,exec-964e6958-5cb7-43c6-a8a7-fa9d1a5497e0
Coordinator,01a0eb15-2920-7902-9583-64ec8223a4a9,2026-09-29T04:37:14.604000+00:00,2026-09-29T04:37:17.412000+00:00,Analysis,2.8080052129204707,event,Activity classified by event type and edit destination; original commands omitted.,rs_0a17f49d6cbd7e7a016abb407aab5887d2ab15426ab1b5f748
Coordinator,01a0eb15-2920-7902-9583-64ec8223a4a9,2026-09-29T04:37:17.412000+00:00,2026-09-29T04:37:26.571000+00:00,Testing and verification,9.159017653048242,event,Activity classified by event type and edit destination; original commands omitted.,exec-964e6958-5cb7-43c6-a8a7-fa9d1a5497e0
Coordinator,01a0eb15-2920-7902-9583-64ec8223a4a9,2026-09-29T04:37:26.571000+00:00,2026-09-29T04:37:27.740000+00:00,Testing and verification,1.1690021432782038,event,Activity classified by event type and edit destination; original commands omitted.,exec-768c3ffa-5fac-430c-851c-9f74c48ee2bf
Coordinator,01a0eb15-2920-7902-9583-64ec8223a4a9,2026-09-29T04:37:27.740000+00:00,2026-09-29T04:37:28.024000+00:00,Technical diagnosis,0.28400046236370063,event,Activity classified by event type and edit destination; original commands omitted.,exec-81a9c0e2-6841-4713-a1b4-74b264726330
Coordinator,01a0eb15-2920-7902-9583-64ec8223a4a9,2026-09-29T04:37:28.024000+00:00,2026-09-29T04:37:29.867000+00:00,Testing and verification,1.8430036939099392,event,Activity classified by event type and edit destination; original commands omitted.,exec-768c3ffa-5fac-430c-851c-9f74c48ee2bf
Coordinator,01a0eb15-2920-7902-9583-64ec8223a4a9,2026-09-29T04:37:29.867000+00:00,2026-09-29T04:37:31.877000+00:00,Technical diagnosis,2.0100038297932294,event,Activity classified by event type and edit destination; original commands omitted.,rs_0a17f49d6cbd7e7a016abb4089ed2887d2aa8ccebeacacfab0
Coordinator,01a0eb15-2920-7902-9583-64ec8223a4a9,2026-09-29T04:37:31.877000+00:00,2026-09-29T04:37:31.878000+00:00,Testing and verification,0.0009999294307279328,event,Activity classified by event type and edit destination; original commands omitted.,exec-768c3ffa-5fac-430c-851c-9f74c48ee2bf
Coordinator,01a0eb15-2920-7902-9583-64ec8223a4a9,2026-09-29T04:37:31.878000+00:00,2026-09-29T04:37:33.713000+00:00,Communication and follow-up,1.8350035432070122,event,Activity classified by event type and edit destination; original commands omitted.,msg_0a17f49d6cbd7e7a016abb408bf21c87d28756b3353e32a4b9
Coordinator,01a0eb15-2920-7902-9583-64ec8223a4a9,2026-09-29T04:37:33.713000+00:00,2026-09-29T04:37:36.395000+00:00,Testing and verification,2.68200504472544,event,Activity classified by event type and edit destination; original commands omitted.,exec-768c3ffa-5fac-430c-851c-9f74c48ee2bf
Coordinator,01a0eb15-2920-7902-9583-64ec8223a4a9,2026-09-29T04:37:36.395000+00:00,2026-09-29T04:37:38.153000+00:00,Testing and verification,1.7580034934031679,event,Activity classified by event type and edit destination; original commands omitted.,exec-768c3ffa-5fac-430c-851c-9f74c48ee2bf
Coordinator,01a0eb15-2920-7902-9583-64ec8223a4a9,2026-09-29T04:37:38.153000+00:00,2026-09-29T04:37:38.437000+00:00,Technical diagnosis,0.28400046236370063,event,Activity classified by event type and edit destination; original commands omitted.,exec-db0b3e3c-344a-4ef3-a5e0-af2b1ac91384
Coordinator,01a0eb15-2920-7902-9583-64ec8223a4a9,2026-09-29T04:37:38.437000+00:00,2026-09-29T04:37:41.287000+00:00,Testing and verification,2.8500053484584926,event,Activity classified by event type and edit destination; original commands omitted.,exec-768c3ffa-5fac-430c-851c-9f74c48ee2bf
Coordinator,01a0eb15-2920-7902-9583-64ec8223a4a9,2026-09-29T04:37:41.287000+00:00,2026-09-29T04:37:56.843000+00:00,Analysis,15.556029708017912,event,Activity classified by event type and edit destination; original commands omitted.,rs_0a17f49d6cbd7e7a016abb409559e487d2ae6901eed765075c
Coordinator,01a0eb15-2920-7902-9583-64ec8223a4a9,2026-09-29T04:37:56.843000+00:00,2026-09-29T04:37:56.846000+00:00,Testing and verification,0.0030000267112183067,event,Activity classified by event type and edit destination; original commands omitted.,exec-768c3ffa-5fac-430c-851c-9f74c48ee2bf
Coordinator,01a0eb15-2920-7902-9583-64ec8223a4a9,2026-09-29T04:37:56.846000+00:00,2026-09-29T04:38:11.335000+00:00,Analysis,14.489027757664028,event,Activity classified by event type and edit destination; original commands omitted.,rs_0a17f49d6cbd7e7a016abb40a4e41087d2a0e419a8e9bf52d7
Coordinator,01a0eb15-2920-7902-9583-64ec8223a4a9,2026-09-29T04:38:11.335000+00:00,2026-09-29T04:38:18.646000+00:00,Testing and verification,7.311013835146594,event,Activity classified by event type and edit destination; original commands omitted.,exec-768c3ffa-5fac-430c-851c-9f74c48ee2bf
Coordinator,01a0eb15-2920-7902-9583-64ec8223a4a9,2026-09-29T04:38:18.646000+00:00,2026-09-29T04:38:19.847000+00:00,Testing and verification,1.2010022692518427,event,Activity classified by event type and edit destination; original commands omitted.,exec-0538b408-6841-4b80-a749-e59149fe7428
Coordinator,01a0eb15-2920-7902-9583-64ec8223a4a9,2026-09-29T04:38:19.847000+00:00,2026-09-29T04:38:22.045000+00:00,Testing and verification,2.198004391074082,event,Activity classified by event type and edit destination; original commands omitted.,exec-768c3ffa-5fac-430c-851c-9f74c48ee2bf
Coordinator,01a0eb15-2920-7902-9583-64ec8223a4a9,2026-09-29T04:38:22.045000+00:00,2026-09-29T04:38:34.915000+00:00,Analysis,12.870024468731492,event,Activity classified by event type and edit destination; original commands omitted.,rs_0a17f49d6cbd7e7a016abb40be173887d28bfe3b3926e62d19
Coordinator,01a0eb15-2920-7902-9583-64ec8223a4a9,2026-09-29T04:38:34.915000+00:00,2026-09-29T04:38:55.179000+00:00,Testing and verification,20.2640386455234,event,Activity classified by event type and edit destination; original commands omitted.,exec-768c3ffa-5fac-430c-851c-9f74c48ee2bf
Coordinator,01a0eb15-2920-7902-9583-64ec8223a4a9,2026-09-29T04:38:55.179000+00:00,2026-09-29T04:38:58.445000+00:00,Documentation,3.266006270858695,event,Activity classified by event type and edit destination; original commands omitted.,exec-2a75b64b-3574-4668-8363-8cba402cace6
Coordinator,01a0eb15-2920-7902-9583-64ec8223a4a9,2026-09-29T04:38:58.445000+00:00,2026-09-29T04:38:58.785000+00:00,Analysis,0.340000802027086,event,Activity classified by event type and edit destination; original commands omitted.,rs_0a17f49d6cbd7e7a016abb40e27abc87d2aa8f501229773bc1
Coordinator,01a0eb15-2920-7902-9583-64ec8223a4a9,2026-09-29T04:38:58.785000+00:00,2026-09-29T04:39:10.785000+00:00,Analysis,12.00002292137308,event,Activity classified by event type and edit destination; original commands omitted.,rs_0a17f49d6cbd7e7a016abb40e27abc87d2aa8f501229773bc1
Coordinator,01a0eb15-2920-7902-9583-64ec8223a4a9,2026-09-29T04:39:10.785000+00:00,2026-09-29T04:39:26.006000+00:00,Testing and verification,15.221029029982535,event,Activity classified by event type and edit destination; original commands omitted.,exec-768c3ffa-5fac-430c-851c-9f74c48ee2bf
Coordinator,01a0eb15-2920-7902-9583-64ec8223a4a9,2026-09-29T04:39:26.006000+00:00,2026-09-29T04:39:30.692000+00:00,Testing and verification,4.686008821096233,event,Activity classified by event type and edit destination; original commands omitted.,exec-768c3ffa-5fac-430c-851c-9f74c48ee2bf
Coordinator,01a0eb15-2920-7902-9583-64ec8223a4a9,2026-09-29T04:39:30.692000+00:00,2026-09-29T04:39:34.985000+00:00,Analysis,4.293008182955049,event,Activity classified by event type and edit destination; original commands omitted.,rs_0a17f49d6cbd7e7a016abb4102b93c87d2bf5b9a58642a0fab
Coordinator,01a0eb15-2920-7902-9583-64ec8223a4a9,2026-09-29T04:39:34.985000+00:00,2026-09-29T04:39:36.682000+00:00,Analysis,1.6970032681671081,event,Activity classified by event type and edit destination; original commands omitted.,rs_0a17f49d6cbd7e7a016abb4102b93c87d2bf5b9a58642a0fab
Coordinator,01a0eb15-2920-7902-9583-64ec8223a4a9,2026-09-29T04:39:36.682000+00:00,2026-09-29T04:39:49.397000+00:00,Testing and verification,12.715024439693074,gap assigned to next activity,Activity classified by event type and edit destination; original commands omitted.,exec-4adf3a1e-e428-4a0d-8fc4-ca1e153b82a5
Coordinator,01a0eb15-2920-7902-9583-64ec8223a4a9,2026-09-29T04:39:49.397000+00:00,2026-09-29T04:39:50.738000+00:00,Testing and verification,1.3410024031532026,event,Activity classified by event type and edit destination; original commands omitted.,exec-4adf3a1e-e428-4a0d-8fc4-ca1e153b82a5
Coordinator,01a0eb15-2920-7902-9583-64ec8223a4a9,2026-09-29T04:39:50.738000+00:00,2026-09-29T04:39:52.967000+00:00,Analysis,2.2290043491979588,gap assigned to next activity,Activity classified by event type and edit destination; original commands omitted.,rs_0a17f49d6cbd7e7a016abb4119001c87d2a73e01a64d7a6109
Coordinator,01a0eb15-2920-7902-9583-64ec8223a4a9,2026-09-29T04:39:52.967000+00:00,2026-09-29T04:40:09.255000+00:00,Analysis,16.288031218755453,event,Activity classified by event type and edit destination; original commands omitted.,rs_0a17f49d6cbd7e7a016abb4119001c87d2a73e01a64d7a6109
Coordinator,01a0eb15-2920-7902-9583-64ec8223a4a9,2026-09-29T04:40:09.255000+00:00,2026-09-29T04:40:09.258000+00:00,Analysis,0.002999788292183798,gap assigned to next activity,Activity classified by event type and edit destination; original commands omitted.,rs_0a17f49d6cbd7e7a016abb4129498087d2ae330e9ba92ca9d1
Coordinator,01a0eb15-2920-7902-9583-64ec8223a4a9,2026-09-29T04:40:09.258000+00:00,2026-09-29T04:40:25.660000+00:00,Analysis,16.402031518524645,event,Activity classified by event type and edit destination; original commands omitted.,rs_0a17f49d6cbd7e7a016abb4129498087d2ae330e9ba92ca9d1
Coordinator,01a0eb15-2920-7902-9583-64ec8223a4a9,2026-09-29T04:40:25.660000+00:00,2026-09-29T04:40:25.667000+00:00,Analysis,0.006999982853164546,gap assigned to next activity,Activity classified by event type and edit destination; original commands omitted.,rs_0a17f49d6cbd7e7a016abb4139a0ec87d2a192a08b74192880
Coordinator,01a0eb15-2920-7902-9583-64ec8223a4a9,2026-09-29T04:40:25.667000+00:00,2026-09-29T04:40:34.582000+00:00,Analysis,8.915016990523037,event,Activity classified by event type and edit destination; original commands omitted.,rs_0a17f49d6cbd7e7a016abb4139a0ec87d2a192a08b74192880
Coordinator,01a0eb15-2920-7902-9583-64ec8223a4a9,2026-09-29T04:40:34.582000+00:00,2026-09-29T04:40:34.589000+00:00,Communication and follow-up,0.006999982853164546,gap assigned to next activity,Activity classified by event type and edit destination; original commands omitted.,msg_0a17f49d6cbd7e7a016abb41429c7c87d28b2286e23287bfa9
Coordinator,01a0eb15-2920-7902-9583-64ec8223a4a9,2026-09-29T04:40:34.589000+00:00,2026-09-29T04:40:36.185000+00:00,Communication and follow-up,1.5960030046735172,event,Activity classified by event type and edit destination; original commands omitted.,msg_0a17f49d6cbd7e7a016abb41429c7c87d28b2286e23287bfa9
Coordinator,01a0eb15-2920-7902-9583-64ec8223a4a9,2026-09-29T04:40:36.185000+00:00,2026-09-29T04:40:41.693000+00:00,Testing and verification,5.508010656332255,gap assigned to next activity,Activity classified by event type and edit destination; original commands omitted.,exec-4af0b940-30b2-4272-95bd-7990f378e85d
Coordinator,01a0eb15-2920-7902-9583-64ec8223a4a9,2026-09-29T04:40:41.693000+00:00,2026-09-29T04:40:44.902000+00:00,Testing and verification,3.209006001764582,event,Activity classified by event type and edit destination; original commands omitted.,exec-4af0b940-30b2-4272-95bd-7990f378e85d
Coordinator,01a0eb15-2920-7902-9583-64ec8223a4a9,2026-09-29T04:40:44.902000+00:00,2026-09-29T04:41:29.905000+00:00,Unattributed active time,45.003085981860266,event,Activity classified by event type and edit destination; original commands omitted.,call_TZ15HHbJTxDNHXrilUONXJHM
Coordinator,01a0eb15-2920-7902-9583-64ec8223a4a9,2026-09-29T04:41:29.905000+00:00,2026-09-29T04:41:38.787000+00:00,Testing and verification,8.88201693511867,event,Activity classified by event type and edit destination; original commands omitted.,exec-4af0b940-30b2-4272-95bd-7990f378e85d
Coordinator,01a0eb15-2920-7902-9583-64ec8223a4a9,2026-09-29T04:41:38.787000+00:00,2026-09-29T04:41:40.109000+00:00,Testing and verification,1.3220025518741996,event,Activity classified by event type and edit destination; original commands omitted.,exec-17a25596-e0e4-4c05-b510-d041322c6895
Coordinator,01a0eb15-2920-7902-9583-64ec8223a4a9,2026-09-29T04:41:40.109000+00:00,2026-09-29T04:41:43.276000+00:00,Testing and verification,3.1670061046455946,event,Activity classified by event type and edit destination; original commands omitted.,exec-4af0b940-30b2-4272-95bd-7990f378e85d
Coordinator,01a0eb15-2920-7902-9583-64ec8223a4a9,2026-09-29T04:41:43.276000+00:00,2026-09-29T04:41:58.814000+00:00,Analysis,15.538029547750602,event,Activity classified by event type and edit destination; original commands omitted.,rs_0a17f49d6cbd7e7a016abb418748a887d282e7c04c4ed89b82
Coordinator,01a0eb15-2920-7902-9583-64ec8223a4a9,2026-09-29T04:41:58.814000+00:00,2026-09-29T04:41:58.819000+00:00,Testing and verification,0.005000123991708681,event,Activity classified by event type and edit destination; original commands omitted.,exec-4af0b940-30b2-4272-95bd-7990f378e85d
Coordinator,01a0eb15-2920-7902-9583-64ec8223a4a9,2026-09-29T04:41:58.819000+00:00,2026-09-29T04:42:01.153000+00:00,Analysis,2.334004568833496,event,Activity classified by event type and edit destination; original commands omitted.,rs_0a17f49d6cbd7e7a016abb4196d37c87d2b30286483478f6d8
Coordinator,01a0eb15-2920-7902-9583-64ec8223a4a9,2026-09-29T04:42:01.153000+00:00,2026-09-29T04:42:01.158000+00:00,Testing and verification,0.004999885572674172,event,Activity classified by event type and edit destination; original commands omitted.,exec-4af0b940-30b2-4272-95bd-7990f378e85d
Coordinator,01a0eb15-2920-7902-9583-64ec8223a4a9,2026-09-29T04:42:01.158000+00:00,2026-09-29T04:42:02.717000+00:00,Communication and follow-up,1.559002993127204,event,Activity classified by event type and edit destination; original commands omitted.,msg_0a17f49d6cbd7e7a016abb41992fb087d291fee4d1600c12f3
Coordinator,01a0eb15-2920-7902-9583-64ec8223a4a9,2026-09-29T04:42:02.717000+00:00,2026-09-29T04:42:03.040000+00:00,Testing and verification,0.3230005711905041,event,Activity classified by event type and edit destination; original commands omitted.,exec-4af0b940-30b2-4272-95bd-7990f378e85d
Coordinator,01a0eb15-2920-7902-9583-64ec8223a4a9,2026-09-29T04:42:03.040000+00:00,2026-09-29T04:42:48.042000+00:00,Unattributed active time,45.00208605242954,event,Activity classified by event type and edit destination; original commands omitted.,call_E8m7DhgdNKwilunFQ4ofEVvC
Coordinator,01a0eb15-2920-7902-9583-64ec8223a4a9,2026-09-29T04:42:48.042000+00:00,2026-09-29T04:42:58.192000+00:00,Testing and verification,10.150019244609975,event,Activity classified by event type and edit destination; original commands omitted.,exec-4af0b940-30b2-4272-95bd-7990f378e85d
Coordinator,01a0eb15-2920-7902-9583-64ec8223a4a9,2026-09-29T04:42:58.192000+00:00,2026-09-29T04:42:58.439000+00:00,Technical diagnosis,0.24700045081738753,event,Activity classified by event type and edit destination; original commands omitted.,exec-8bfb1bf3-7650-405c-a803-dd6f2e7b68ce
Coordinator,01a0eb15-2920-7902-9583-64ec8223a4a9,2026-09-29T04:42:58.439000+00:00,2026-09-29T04:43:01.634000+00:00,Testing and verification,3.1950062744772874,event,Activity classified by event type and edit destination; original commands omitted.,exec-4af0b940-30b2-4272-95bd-7990f378e85d
Coordinator,01a0eb15-2920-7902-9583-64ec8223a4a9,2026-09-29T04:43:01.634000+00:00,2026-09-29T04:43:18.866000+00:00,Analysis,17.232032789206492,event,Activity classified by event type and edit destination; original commands omitted.,rs_0a17f49d6cbd7e7a016abb41d5aadc87d289aa8c6bf312450c
Coordinator,01a0eb15-2920-7902-9583-64ec8223a4a9,2026-09-29T04:43:18.866000+00:00,2026-09-29T04:43:18.869000+00:00,Testing and verification,0.0030000267112183067,event,Activity classified by event type and edit destination; original commands omitted.,exec-4af0b940-30b2-4272-95bd-7990f378e85d
Coordinator,01a0eb15-2920-7902-9583-64ec8223a4a9,2026-09-29T04:43:18.869000+00:00,2026-09-29T04:43:29.606000+00:00,Analysis,10.737020497454449,event,Activity classified by event type and edit destination; original commands omitted.,rs_0a17f49d6cbd7e7a016abb41e6e61887d2ac3b411950cb61d8
Coordinator,01a0eb15-2920-7902-9583-64ec8223a4a9,2026-09-29T04:43:29.606000+00:00,2026-09-29T04:43:29.793000+00:00,Testing and verification,0.1870003934310904,event,Activity classified by event type and edit destination; original commands omitted.,exec-4af0b940-30b2-4272-95bd-7990f378e85d
Coordinator,01a0eb15-2920-7902-9583-64ec8223a4a9,2026-09-29T04:43:29.793000+00:00,2026-09-29T04:44:14.796000+00:00,Unattributed active time,45.003085981860266,event,Activity classified by event type and edit destination; original commands omitted.,call_4crgJiHlbEnxQz8y3IMi4Hm9
Coordinator,01a0eb15-2920-7902-9583-64ec8223a4a9,2026-09-29T04:44:14.796000+00:00,2026-09-29T04:44:22.216000+00:00,Testing and verification,7.420014249343112,event,Activity classified by event type and edit destination; original commands omitted.,exec-4af0b940-30b2-4272-95bd-7990f378e85d
Coordinator,01a0eb15-2920-7902-9583-64ec8223a4a9,2026-09-29T04:44:22.216000+00:00,2026-09-29T04:44:23.541000+00:00,Testing and verification,1.3250023401663833,event,Activity classified by event type and edit destination; original commands omitted.,exec-7e95021b-5fab-4f4b-bcfe-0d6a4e5202e2
Coordinator,01a0eb15-2920-7902-9583-64ec8223a4a9,2026-09-29T04:44:23.541000+00:00,2026-09-29T04:44:26.598000+00:00,Testing and verification,3.0570059994373833,event,Activity classified by event type and edit destination; original commands omitted.,exec-4af0b940-30b2-4272-95bd-7990f378e85d
Coordinator,01a0eb15-2920-7902-9583-64ec8223a4a9,2026-09-29T04:44:26.598000+00:00,2026-09-29T04:44:32.377000+00:00,Analysis,5.779011082420355,event,Activity classified by event type and edit destination; original commands omitted.,rs_0a17f49d6cbd7e7a016abb422aa19487d2b7d25136becd6d14
Coordinator,01a0eb15-2920-7902-9583-64ec8223a4a9,2026-09-29T04:44:32.377000+00:00,2026-09-29T04:44:32.381000+00:00,Testing and verification,0.003999956141946239,event,Activity classified by event type and edit destination; original commands omitted.,exec-4af0b940-30b2-4272-95bd-7990f378e85d
Coordinator,01a0eb15-2920-7902-9583-64ec8223a4a9,2026-09-29T04:44:32.381000+00:00,2026-09-29T04:44:34.185000+00:00,Communication and follow-up,1.8040033466641012,event,Activity classified by event type and edit destination; original commands omitted.,msg_0a17f49d6cbd7e7a016abb423069b887d29441cc849ba63f96
Coordinator,01a0eb15-2920-7902-9583-64ec8223a4a9,2026-09-29T04:44:34.185000+00:00,2026-09-29T04:44:34.501000+00:00,Testing and verification,0.31600058833733957,event,Activity classified by event type and edit destination; original commands omitted.,exec-4af0b940-30b2-4272-95bd-7990f378e85d
Coordinator,01a0eb15-2920-7902-9583-64ec8223a4a9,2026-09-29T04:44:34.501000+00:00,2026-09-29T04:45:19.501000+00:00,Unattributed active time,45.000085955149046,event,Activity classified by event type and edit destination; original commands omitted.,call_x4ZZ4u0pWZ5gUEX2QUZZOATb
Coordinator,01a0eb15-2920-7902-9583-64ec8223a4a9,2026-09-29T04:45:19.501000+00:00,2026-09-29T04:45:29.913000+00:00,Testing and verification,10.412020067402489,event,Activity classified by event type and edit destination; original commands omitted.,exec-4af0b940-30b2-4272-95bd-7990f378e85d
Coordinator,01a0eb15-2920-7902-9583-64ec8223a4a9,2026-09-29T04:45:29.913000+00:00,2026-09-29T04:45:30.187000+00:00,Technical diagnosis,0.2740004527993178,event,Activity classified by event type and edit destination; original commands omitted.,exec-3fdb3a80-5e77-4fda-92a8-adb517a8a823
Coordinator,01a0eb15-2920-7902-9583-64ec8223a4a9,2026-09-29T04:45:30.187000+00:00,2026-09-29T04:45:32.351000+00:00,Testing and verification,2.164004167819953,event,Activity classified by event type and edit destination; original commands omitted.,exec-4af0b940-30b2-4272-95bd-7990f378e85d
Coordinator,01a0eb15-2920-7902-9583-64ec8223a4a9,2026-09-29T04:45:32.351000+00:00,2026-09-29T04:45:48.192000+00:00,Analysis,15.84103009981234,event,Activity classified by event type and edit destination; original commands omitted.,rs_0a17f49d6cbd7e7a016abb426c5db087d2a9b546216c2ac994
Coordinator,01a0eb15-2920-7902-9583-64ec8223a4a9,2026-09-29T04:45:48.192000+00:00,2026-09-29T04:45:48.426000+00:00,Testing and verification,0.23400065296082087,event,Activity classified by event type and edit destination; original commands omitted.,exec-4af0b940-30b2-4272-95bd-7990f378e85d
Coordinator,01a0eb15-2920-7902-9583-64ec8223a4a9,2026-09-29T04:45:48.426000+00:00,2026-09-29T04:46:10.615000+00:00,Unattributed active time,22.189042274809857,event,Activity classified by event type and edit destination; original commands omitted.,call_Qx0RmQ404fAUVzla4OmhFSzr
Coordinator,01a0eb15-2920-7902-9583-64ec8223a4a9,2026-09-29T04:46:10.615000+00:00,2026-09-29T04:46:28.429000+00:00,Unattributed active time,17.814033918059256,event,Activity classified by event type and edit destination; original commands omitted.,call_Qx0RmQ404fAUVzla4OmhFSzr
Coordinator,01a0eb15-2920-7902-9583-64ec8223a4a9,2026-09-29T04:46:28.429000+00:00,2026-09-29T04:46:36.136000+00:00,Testing and verification,7.707014738418031,gap assigned to next activity,Activity classified by event type and edit destination; original commands omitted.,exec-e1ed4cd6-0d8c-4778-96ad-9533e4dcb298
Coordinator,01a0eb15-2920-7902-9583-64ec8223a4a9,2026-09-29T04:46:36.136000+00:00,2026-09-29T04:46:38.154000+00:00,Testing and verification,2.0180039804961565,event,Activity classified by event type and edit destination; original commands omitted.,exec-e1ed4cd6-0d8c-4778-96ad-9533e4dcb298
Coordinator,01a0eb15-2920-7902-9583-64ec8223a4a9,2026-09-29T04:46:38.154000+00:00,2026-09-29T04:46:42.973000+00:00,Analysis,4.819009210563463,gap assigned to next activity,Activity classified by event type and edit destination; original commands omitted.,rs_0a17f49d6cbd7e7a016abb42b3009487d296a27d4eda85514a
Coordinator,01a0eb15-2920-7902-9583-64ec8223a4a9,2026-09-29T04:46:42.973000+00:00,2026-09-29T04:46:46.136000+00:00,Analysis,3.163005910084614,event,Activity classified by event type and edit destination; original commands omitted.,rs_0a17f49d6cbd7e7a016abb42b3009487d296a27d4eda85514a
Coordinator,01a0eb15-2920-7902-9583-64ec8223a4a9,2026-09-29T04:46:46.136000+00:00,2026-09-29T04:46:50.512000+00:00,Analysis,4.376008524600365,gap assigned to next activity,Activity classified by event type and edit destination; original commands omitted.,rs_0a17f49d6cbd7e7a016abb42ba8b8887d291f488e8d0367928
Coordinator,01a0eb15-2920-7902-9583-64ec8223a4a9,2026-09-29T04:46:50.512000+00:00,2026-09-29T04:47:06.105000+00:00,Analysis,15.593029719564225,event,Activity classified by event type and edit destination; original commands omitted.,rs_0a17f49d6cbd7e7a016abb42ba8b8887d291f488e8d0367928
Coordinator,01a0eb15-2920-7902-9583-64ec8223a4a9,2026-09-29T04:47:06.105000+00:00,2026-09-29T04:47:06.109000+00:00,Communication and follow-up,0.003999956141946239,gap assigned to next activity,Activity classified by event type and edit destination; original commands omitted.,msg_0a17f49d6cbd7e7a016abb42ca1c7487d29792d67f49d6cf14
Coordinator,01a0eb15-2920-7902-9583-64ec8223a4a9,2026-09-29T04:47:06.109000+00:00,2026-09-29T04:47:12.843000+00:00,Communication and follow-up,6.734012830285538,event,Activity classified by event type and edit destination; original commands omitted.,msg_0a17f49d6cbd7e7a016abb42ca1c7487d29792d67f49d6cf14
Coordinator,01a0eb15-2920-7902-9583-64ec8223a4a9,2026-09-29T04:47:12.843000+00:00,2026-09-29T04:47:13.562000+00:00,Unattributed active time,0.719001474461941,gap assigned to next activity,Activity classified by event type and edit destination; original commands omitted.,
Backend,01a0eb27-ba42-7e11-ad54-8cff61d74da8,2026-09-29T03:14:04.496000+00:00,2026-09-29T03:14:07.949000+00:00,Analysis,3.4529740402609765,gap assigned to next activity,Activity classified by event type and edit destination; original commands omitted.,rs_0efef1dac8297075016abb2cfff1e087d2b1f70f70f5e534a3
Backend,01a0eb27-ba42-7e11-ad54-8cff61d74da8,2026-09-29T03:14:07.949000+00:00,2026-09-29T03:14:08.461000+00:00,Analysis,0.5119962598645124,event,Activity classified by event type and edit destination; original commands omitted.,rs_0efef1dac8297075016abb2cfff1e087d2b1f70f70f5e534a3
Backend,01a0eb27-ba42-7e11-ad54-8cff61d74da8,2026-09-29T03:14:08.461000+00:00,2026-09-29T03:14:08.465000+00:00,Communication and follow-up,0.0039999186265168565,gap assigned to next activity,Activity classified by event type and edit destination; original commands omitted.,msg_0efef1dac8297075016abb2d0075c087d28f1c8f20b2789ef5
Backend,01a0eb27-ba42-7e11-ad54-8cff61d74da8,2026-09-29T03:14:08.465000+00:00,2026-09-29T03:14:10.275000+00:00,Communication and follow-up,1.8099866625535186,event,Activity classified by event type and edit destination; original commands omitted.,msg_0efef1dac8297075016abb2d0075c087d28f1c8f20b2789ef5
Backend,01a0eb27-ba42-7e11-ad54-8cff61d74da8,2026-09-29T03:14:10.275000+00:00,2026-09-29T03:14:13.213000+00:00,Analysis,2.937978020239175,gap assigned to next activity,Activity classified by event type and edit destination; original commands omitted.,exec-b5cf6648-6ed4-4168-ab6e-f290a4339d76
Backend,01a0eb27-ba42-7e11-ad54-8cff61d74da8,2026-09-29T03:14:13.213000+00:00,2026-09-29T03:14:13.473000+00:00,Analysis,0.25999804855877306,event,Activity classified by event type and edit destination; original commands omitted.,exec-b5cf6648-6ed4-4168-ab6e-f290a4339d76
Backend,01a0eb27-ba42-7e11-ad54-8cff61d74da8,2026-09-29T03:14:13.473000+00:00,2026-09-29T03:14:21.220000+00:00,Analysis,7.746942117732447,gap assigned to next activity,Activity classified by event type and edit destination; original commands omitted.,exec-3a8fb81b-ab6a-4064-a0e5-a1c4121b767b
Backend,01a0eb27-ba42-7e11-ad54-8cff61d74da8,2026-09-29T03:14:21.220000+00:00,2026-09-29T03:14:21.478000+00:00,Analysis,0.25799797003711544,event,Activity classified by event type and edit destination; original commands omitted.,exec-3a8fb81b-ab6a-4064-a0e5-a1c4121b767b
Backend,01a0eb27-ba42-7e11-ad54-8cff61d74da8,2026-09-29T03:14:21.478000+00:00,2026-09-29T03:14:21.642000+00:00,Analysis,0.16399880943837658,gap assigned to next activity,Activity classified by event type and edit destination; original commands omitted.,exec-b7bbd416-cc85-4044-b3fe-29dc8598b39a
Backend,01a0eb27-ba42-7e11-ad54-8cff61d74da8,2026-09-29T03:14:21.642000+00:00,2026-09-29T03:14:21.881000+00:00,Analysis,0.2389982969569608,event,Activity classified by event type and edit destination; original commands omitted.,exec-b7bbd416-cc85-4044-b3fe-29dc8598b39a
Backend,01a0eb27-ba42-7e11-ad54-8cff61d74da8,2026-09-29T03:14:21.881000+00:00,2026-09-29T03:14:30.641000+00:00,Analysis,8.759934563217552,gap assigned to next activity,Activity classified by event type and edit destination; original commands omitted.,exec-8d5ea36a-fd83-45f1-994a-2968ed671b63
Backend,01a0eb27-ba42-7e11-ad54-8cff61d74da8,2026-09-29T03:14:30.641000+00:00,2026-09-29T03:14:30.873000+00:00,Analysis,0.2319981413395583,event,Activity classified by event type and edit destination; original commands omitted.,exec-8d5ea36a-fd83-45f1-994a-2968ed671b63
Backend,01a0eb27-ba42-7e11-ad54-8cff61d74da8,2026-09-29T03:14:30.873000+00:00,2026-09-29T03:14:34.269000+00:00,Analysis,3.395974782603714,gap assigned to next activity,Activity classified by event type and edit destination; original commands omitted.,rs_0efef1dac8297075016abb2d1a2d6c87d282a3665e2433cfe0
Backend,01a0eb27-ba42-7e11-ad54-8cff61d74da8,2026-09-29T03:14:34.269000+00:00,2026-09-29T03:14:35.519000+00:00,Analysis,1.2499906639204086,event,Activity classified by event type and edit destination; original commands omitted.,rs_0efef1dac8297075016abb2d1a2d6c87d282a3665e2433cfe0
Backend,01a0eb27-ba42-7e11-ad54-8cff61d74da8,2026-09-29T03:14:35.519000+00:00,2026-09-29T03:14:39.047000+00:00,Analysis,3.5279735277795607,gap assigned to next activity,Activity classified by event type and edit destination; original commands omitted.,exec-815e01f3-1550-435f-ae0e-575d3800ce91
Backend,01a0eb27-ba42-7e11-ad54-8cff61d74da8,2026-09-29T03:14:39.047000+00:00,2026-09-29T03:14:39.286000+00:00,Analysis,0.2389982969569608,event,Activity classified by event type and edit destination; original commands omitted.,exec-815e01f3-1550-435f-ae0e-575d3800ce91
Backend,01a0eb27-ba42-7e11-ad54-8cff61d74da8,2026-09-29T03:14:39.286000+00:00,2026-09-29T03:14:44.971000+00:00,Analysis,5.684957482289987,gap assigned to next activity,Activity classified by event type and edit destination; original commands omitted.,exec-c02b41ae-54cd-42d5-969f-2d7489b4752c
Backend,01a0eb27-ba42-7e11-ad54-8cff61d74da8,2026-09-29T03:14:44.971000+00:00,2026-09-29T03:14:45.197000+00:00,Analysis,0.2259983826081822,event,Activity classified by event type and edit destination; original commands omitted.,exec-c02b41ae-54cd-42d5-969f-2d7489b4752c
Backend,01a0eb27-ba42-7e11-ad54-8cff61d74da8,2026-09-29T03:14:45.197000+00:00,2026-09-29T03:14:50.054000+00:00,Analysis,4.856963597845071,gap assigned to next activity,Activity classified by event type and edit destination; original commands omitted.,exec-c8a9cb5e-90b3-4e68-ae37-f3d7c32885d5
Backend,01a0eb27-ba42-7e11-ad54-8cff61d74da8,2026-09-29T03:14:50.054000+00:00,2026-09-29T03:14:50.269000+00:00,Analysis,0.21499854678106126,event,Activity classified by event type and edit destination; original commands omitted.,exec-c8a9cb5e-90b3-4e68-ae37-f3d7c32885d5
Backend,01a0eb27-ba42-7e11-ad54-8cff61d74da8,2026-09-29T03:14:50.269000+00:00,2026-09-29T03:14:51.912000+00:00,Analysis,1.6429876161242563,gap assigned to next activity,Activity classified by event type and edit destination; original commands omitted.,rs_0efef1dac8297075016abb2d2be62487d29466f88081d0d44f
Backend,01a0eb27-ba42-7e11-ad54-8cff61d74da8,2026-09-29T03:14:51.912000+00:00,2026-09-29T03:14:52.525000+00:00,Analysis,0.6129955760806538,event,Activity classified by event type and edit destination; original commands omitted.,rs_0efef1dac8297075016abb2d2be62487d29466f88081d0d44f
Backend,01a0eb27-ba42-7e11-ad54-8cff61d74da8,2026-09-29T03:14:52.525000+00:00,2026-09-29T03:14:54.926000+00:00,Communication and follow-up,2.4009820901463335,gap assigned to next activity,Activity classified by event type and edit destination; original commands omitted.,call_00k6OR0VoFsJ77WpQMBoL3Fm
Backend,01a0eb27-ba42-7e11-ad54-8cff61d74da8,2026-09-29T03:14:54.926000+00:00,2026-09-29T03:15:02.550000+00:00,Analysis,7.623942891445265,gap assigned to next activity,Activity classified by event type and edit destination; original commands omitted.,exec-b5063ebf-b478-401b-ad9f-1ea57cba14d3
Backend,01a0eb27-ba42-7e11-ad54-8cff61d74da8,2026-09-29T03:15:02.550000+00:00,2026-09-29T03:15:02.775000+00:00,Analysis,0.2249984625557526,event,Activity classified by event type and edit destination; original commands omitted.,exec-b5063ebf-b478-401b-ad9f-1ea57cba14d3
Backend,01a0eb27-ba42-7e11-ad54-8cff61d74da8,2026-09-29T03:15:02.775000+00:00,2026-09-29T03:15:05.301000+00:00,Analysis,2.5259811565383745,gap assigned to next activity,Activity classified by event type and edit destination; original commands omitted.,rs_0efef1dac8297075016abb2d39476487d29e93097f1a360873
Backend,01a0eb27-ba42-7e11-ad54-8cff61d74da8,2026-09-29T03:15:05.301000+00:00,2026-09-29T03:15:05.852000+00:00,Analysis,0.5509957644940497,event,Activity classified by event type and edit destination; original commands omitted.,rs_0efef1dac8297075016abb2d39476487d29e93097f1a360873
Backend,01a0eb27-ba42-7e11-ad54-8cff61d74da8,2026-09-29T03:15:05.852000+00:00,2026-09-29T03:15:09.673000+00:00,Analysis,3.8209715606532932,gap assigned to next activity,Activity classified by event type and edit destination; original commands omitted.,exec-7f0bf96c-ff74-425d-a754-4c18d4e23fbf
Backend,01a0eb27-ba42-7e11-ad54-8cff61d74da8,2026-09-29T03:15:09.673000+00:00,2026-09-29T03:15:09.906000+00:00,Analysis,0.23299806139198792,event,Activity classified by event type and edit destination; original commands omitted.,exec-7f0bf96c-ff74-425d-a754-4c18d4e23fbf
Backend,01a0eb27-ba42-7e11-ad54-8cff61d74da8,2026-09-29T03:15:09.906000+00:00,2026-09-29T03:15:11.883000+00:00,Analysis,1.9769852321491839,gap assigned to next activity,Activity classified by event type and edit destination; original commands omitted.,rs_0efef1dac8297075016abb2d3fe19087d2ab03e6ccb769c2f0
Backend,01a0eb27-ba42-7e11-ad54-8cff61d74da8,2026-09-29T03:15:11.883000+00:00,2026-09-29T03:15:12.924000+00:00,Analysis,1.0409923527043203,event,Activity classified by event type and edit destination; original commands omitted.,rs_0efef1dac8297075016abb2d3fe19087d2ab03e6ccb769c2f0
Backend,01a0eb27-ba42-7e11-ad54-8cff61d74da8,2026-09-29T03:15:12.924000+00:00,2026-09-29T03:15:17.130000+00:00,Analysis,4.205968675604107,gap assigned to next activity,Activity classified by event type and edit destination; original commands omitted.,exec-2578d17b-a790-4d0a-ae4d-b0a7535f3c28
Backend,01a0eb27-ba42-7e11-ad54-8cff61d74da8,2026-09-29T03:15:17.130000+00:00,2026-09-29T03:15:17.357000+00:00,Analysis,0.22699830266061183,event,Activity classified by event type and edit destination; original commands omitted.,exec-2578d17b-a790-4d0a-ae4d-b0a7535f3c28
Backend,01a0eb27-ba42-7e11-ad54-8cff61d74da8,2026-09-29T03:15:17.357000+00:00,2026-09-29T03:15:21.560000+00:00,Analysis,4.202968438613222,gap assigned to next activity,Activity classified by event type and edit destination; original commands omitted.,rs_0efef1dac8297075016abb2d498ef487d2bca82d3062785381
Backend,01a0eb27-ba42-7e11-ad54-8cff61d74da8,2026-09-29T03:15:21.560000+00:00,2026-09-29T03:15:24.693000+00:00,Analysis,3.1329767354708538,event,Activity classified by event type and edit destination; original commands omitted.,rs_0efef1dac8297075016abb2d498ef487d2bca82d3062785381
Backend,01a0eb27-ba42-7e11-ad54-8cff61d74da8,2026-09-29T03:15:24.693000+00:00,2026-09-29T03:15:28.531000+00:00,Analysis,3.83797115521179,gap assigned to next activity,Activity classified by event type and edit destination; original commands omitted.,exec-ffb88c52-94a0-4594-920b-827995a5e908
Backend,01a0eb27-ba42-7e11-ad54-8cff61d74da8,2026-09-29T03:15:28.531000+00:00,2026-09-29T03:15:28.746000+00:00,Analysis,0.21499854678106126,event,Activity classified by event type and edit destination; original commands omitted.,exec-ffb88c52-94a0-4594-920b-827995a5e908
Backend,01a0eb27-ba42-7e11-ad54-8cff61d74da8,2026-09-29T03:15:28.746000+00:00,2026-09-29T03:15:30.617000+00:00,Analysis,1.870986077254096,gap assigned to next activity,Activity classified by event type and edit destination; original commands omitted.,rs_0efef1dac8297075016abb2d529d6887d29f20fb5c1b9faed7
Backend,01a0eb27-ba42-7e11-ad54-8cff61d74da8,2026-09-29T03:15:30.617000+00:00,2026-09-29T03:15:35.670000+00:00,Analysis,5.052962233129178,event,Activity classified by event type and edit destination; original commands omitted.,rs_0efef1dac8297075016abb2d529d6887d29f20fb5c1b9faed7
Backend,01a0eb27-ba42-7e11-ad54-8cff61d74da8,2026-09-29T03:15:35.670000+00:00,2026-09-29T03:15:35.676000+00:00,Communication and follow-up,0.005999997148174477,gap assigned to next activity,Activity classified by event type and edit destination; original commands omitted.,msg_0efef1dac8297075016abb2d57ab2887d2945871c910790cfb
Backend,01a0eb27-ba42-7e11-ad54-8cff61d74da8,2026-09-29T03:15:35.676000+00:00,2026-09-29T03:15:37.622000+00:00,Communication and follow-up,1.945985326355882,event,Activity classified by event type and edit destination; original commands omitted.,msg_0efef1dac8297075016abb2d57ab2887d2945871c910790cfb
Backend,01a0eb27-ba42-7e11-ad54-8cff61d74da8,2026-09-29T03:15:37.622000+00:00,2026-09-29T03:17:39.772000+00:00,Implementation,122.14908777366905,gap assigned to next activity,Activity classified by event type and edit destination; original commands omitted.,exec-31f12b39-c163-48da-9453-5efdc8adf7b7
Backend,01a0eb27-ba42-7e11-ad54-8cff61d74da8,2026-09-29T03:17:39.772000+00:00,2026-09-29T03:17:40.011000+00:00,Implementation,0.2389980585401624,event,Activity classified by event type and edit destination; original commands omitted.,exec-31f12b39-c163-48da-9453-5efdc8adf7b7
Backend,01a0eb27-ba42-7e11-ad54-8cff61d74da8,2026-09-29T03:17:40.011000+00:00,2026-09-29T03:17:41.721000+00:00,Analysis,1.7099872663898068,gap assigned to next activity,Activity classified by event type and edit destination; original commands omitted.,rs_0efef1dac8297075016abb2dd5b6cc87d2bf0aa8219e5d9eff
Backend,01a0eb27-ba42-7e11-ad54-8cff61d74da8,2026-09-29T03:17:41.721000+00:00,2026-09-29T03:17:43.401000+00:00,Analysis,1.6799875190657327,event,Activity classified by event type and edit destination; original commands omitted.,rs_0efef1dac8297075016abb2dd5b6cc87d2bf0aa8219e5d9eff
Backend,01a0eb27-ba42-7e11-ad54-8cff61d74da8,2026-09-29T03:17:43.401000+00:00,2026-09-29T03:17:47.741000+00:00,Analysis,4.339967499301611,gap assigned to next activity,Activity classified by event type and edit destination; original commands omitted.,exec-43fe2b24-643e-49b2-be36-844d9f996784
Backend,01a0eb27-ba42-7e11-ad54-8cff61d74da8,2026-09-29T03:17:47.741000+00:00,2026-09-29T03:17:47.982000+00:00,Analysis,0.2409983754786184,event,Activity classified by event type and edit destination; original commands omitted.,exec-43fe2b24-643e-49b2-be36-844d9f996784
Backend,01a0eb27-ba42-7e11-ad54-8cff61d74da8,2026-09-29T03:17:47.982000+00:00,2026-09-29T03:17:53.518000+00:00,Analysis,5.535958427305248,gap assigned to next activity,Activity classified by event type and edit destination; original commands omitted.,exec-66d12887-8c2e-4bcc-be6f-7522aebee0fd
Backend,01a0eb27-ba42-7e11-ad54-8cff61d74da8,2026-09-29T03:17:53.518000+00:00,2026-09-29T03:17:53.732000+00:00,Analysis,0.21399862672863162,event,Activity classified by event type and edit destination; original commands omitted.,exec-66d12887-8c2e-4bcc-be6f-7522aebee0fd
Backend,01a0eb27-ba42-7e11-ad54-8cff61d74da8,2026-09-29T03:17:53.732000+00:00,2026-09-29T03:17:58.178000+00:00,Analysis,4.445966654196699,gap assigned to next activity,Activity classified by event type and edit destination; original commands omitted.,rs_0efef1dac8297075016abb2de62cc087d2b4d90a5853a22916
Backend,01a0eb27-ba42-7e11-ad54-8cff61d74da8,2026-09-29T03:17:58.178000+00:00,2026-09-29T03:18:07.190000+00:00,Analysis,9.011932774523292,event,Activity classified by event type and edit destination; original commands omitted.,rs_0efef1dac8297075016abb2de62cc087d2b4d90a5853a22916
Backend,01a0eb27-ba42-7e11-ad54-8cff61d74da8,2026-09-29T03:18:07.190000+00:00,2026-09-29T03:20:22.118000+00:00,Implementation,134.92699221445963,gap assigned to next activity,Activity classified by event type and edit destination; original commands omitted.,exec-fecd6a56-72a9-4e5a-8ca4-1f40555bf2e1
Backend,01a0eb27-ba42-7e11-ad54-8cff61d74da8,2026-09-29T03:20:22.118000+00:00,2026-09-29T03:20:22.357000+00:00,Implementation,0.2389982969569608,event,Activity classified by event type and edit destination; original commands omitted.,exec-fecd6a56-72a9-4e5a-8ca4-1f40555bf2e1
Backend,01a0eb27-ba42-7e11-ad54-8cff61d74da8,2026-09-29T03:20:22.357000+00:00,2026-09-29T03:20:24.750000+00:00,Analysis,2.3929820144765013,gap assigned to next activity,Activity classified by event type and edit destination; original commands omitted.,rs_0efef1dac8297075016abb2e78befc87d280841e1247e308fd
Backend,01a0eb27-ba42-7e11-ad54-8cff61d74da8,2026-09-29T03:20:24.750000+00:00,2026-09-29T03:20:26.784000+00:00,Analysis,2.0339847282232446,event,Activity classified by event type and edit destination; original commands omitted.,rs_0efef1dac8297075016abb2e78befc87d280841e1247e308fd
Backend,01a0eb27-ba42-7e11-ad54-8cff61d74da8,2026-09-29T03:20:26.784000+00:00,2026-09-29T03:20:29.244000+00:00,Communication and follow-up,2.459981664742052,gap assigned to next activity,Activity classified by event type and edit destination; original commands omitted.,call_QAupLkjCqRWSjfprf4f2f1BC
Backend,01a0eb27-ba42-7e11-ad54-8cff61d74da8,2026-09-29T03:20:29.244000+00:00,2026-09-29T03:20:31.299000+00:00,Analysis,2.0549847182418555,gap assigned to next activity,Activity classified by event type and edit destination; original commands omitted.,rs_0efef1dac8297075016abb2e7f4b9887d2ace09137f9c882cd
Backend,01a0eb27-ba42-7e11-ad54-8cff61d74da8,2026-09-29T03:20:31.299000+00:00,2026-09-29T03:20:32.617000+00:00,Analysis,1.3179902342383887,event,Activity classified by event type and edit destination; original commands omitted.,rs_0efef1dac8297075016abb2e7f4b9887d2ace09137f9c882cd
Backend,01a0eb27-ba42-7e11-ad54-8cff61d74da8,2026-09-29T03:20:32.617000+00:00,2026-09-29T03:20:36.871000+00:00,Analysis,4.253968175955906,gap assigned to next activity,Activity classified by event type and edit destination; original commands omitted.,exec-915abc49-6271-4e5e-a589-60331a984ffa
Backend,01a0eb27-ba42-7e11-ad54-8cff61d74da8,2026-09-29T03:20:36.871000+00:00,2026-09-29T03:20:37.359000+00:00,Analysis,0.4879962712718145,event,Activity classified by event type and edit destination; original commands omitted.,exec-915abc49-6271-4e5e-a589-60331a984ffa
Backend,01a0eb27-ba42-7e11-ad54-8cff61d74da8,2026-09-29T03:20:37.359000+00:00,2026-09-29T03:20:40.535000+00:00,Analysis,3.1759763971437063,gap assigned to next activity,Activity classified by event type and edit destination; original commands omitted.,rs_0efef1dac8297075016abb2e8887d087d2a2beb7bff60d8a61
Backend,01a0eb27-ba42-7e11-ad54-8cff61d74da8,2026-09-29T03:20:40.535000+00:00,2026-09-29T03:20:49.376000+00:00,Analysis,8.840933809467511,event,Activity classified by event type and edit destination; original commands omitted.,rs_0efef1dac8297075016abb2e8887d087d2a2beb7bff60d8a61
Backend,01a0eb27-ba42-7e11-ad54-8cff61d74da8,2026-09-29T03:20:49.376000+00:00,2026-09-29T03:20:52.814000+00:00,Implementation,3.4379742858073388,gap assigned to next activity,Activity classified by event type and edit destination; original commands omitted.,exec-e8a51772-f5e3-43f9-a963-23dfadeaa050
Backend,01a0eb27-ba42-7e11-ad54-8cff61d74da8,2026-09-29T03:20:52.814000+00:00,2026-09-29T03:20:53.310000+00:00,Implementation,0.4959963469416466,event,Activity classified by event type and edit destination; original commands omitted.,exec-e8a51772-f5e3-43f9-a963-23dfadeaa050
Backend,01a0eb27-ba42-7e11-ad54-8cff61d74da8,2026-09-29T03:20:53.310000+00:00,2026-09-29T03:20:55.052000+00:00,Analysis,1.7419870922355385,gap assigned to next activity,Activity classified by event type and edit destination; original commands omitted.,rs_0efef1dac8297075016abb2e970c5087d280144fb67cd06df0
Backend,01a0eb27-ba42-7e11-ad54-8cff61d74da8,2026-09-29T03:20:55.052000+00:00,2026-09-29T03:20:55.494000+00:00,Analysis,0.4419966110248747,event,Activity classified by event type and edit destination; original commands omitted.,rs_0efef1dac8297075016abb2e970c5087d280144fb67cd06df0
Backend,01a0eb27-ba42-7e11-ad54-8cff61d74da8,2026-09-29T03:20:55.494000+00:00,2026-09-29T03:20:59.314000+00:00,Analysis,3.8199714021840654,gap assigned to next activity,Activity classified by event type and edit destination; original commands omitted.,rs_0efef1dac8297075016abb2e9b4f4c87d29a290c45f2588b8e
Backend,01a0eb27-ba42-7e11-ad54-8cff61d74da8,2026-09-29T03:20:59.314000+00:00,2026-09-29T03:21:03.686000+00:00,Analysis,4.371967563564142,event,Activity classified by event type and edit destination; original commands omitted.,rs_0efef1dac8297075016abb2e9b4f4c87d29a290c45f2588b8e
Backend,01a0eb27-ba42-7e11-ad54-8cff61d74da8,2026-09-29T03:21:03.686000+00:00,2026-09-29T03:21:06.564000+00:00,Communication and follow-up,2.8779782871742285,gap assigned to next activity,Activity classified by event type and edit destination; original commands omitted.,call_yx03ZnXS9KBHisaZ2IRcbCIA
Backend,01a0eb27-ba42-7e11-ad54-8cff61d74da8,2026-09-29T03:21:06.564000+00:00,2026-09-29T03:21:15.444000+00:00,Analysis,8.879933790930647,gap assigned to next activity,Activity classified by event type and edit destination; original commands omitted.,rs_0efef1dac8297075016abb2eab700087d2af3ad1e10a4715ef
Backend,01a0eb27-ba42-7e11-ad54-8cff61d74da8,2026-09-29T03:21:15.444000+00:00,2026-09-29T03:21:16.036000+00:00,Analysis,0.591995586062043,event,Activity classified by event type and edit destination; original commands omitted.,rs_0efef1dac8297075016abb2eab700087d2af3ad1e10a4715ef
Backend,01a0eb27-ba42-7e11-ad54-8cff61d74da8,2026-09-29T03:21:16.036000+00:00,2026-09-29T03:21:19.504000+00:00,Implementation,3.4679740331314126,gap assigned to next activity,Activity classified by event type and edit destination; original commands omitted.,exec-a2c284fd-2e06-4011-b10c-241e3e89eefe
Backend,01a0eb27-ba42-7e11-ad54-8cff61d74da8,2026-09-29T03:21:19.504000+00:00,2026-09-29T03:21:20.002000+00:00,Implementation,0.4979964254633042,event,Activity classified by event type and edit destination; original commands omitted.,exec-a2c284fd-2e06-4011-b10c-241e3e89eefe
Backend,01a0eb27-ba42-7e11-ad54-8cff61d74da8,2026-09-29T03:21:20.002000+00:00,2026-09-29T03:21:21.937000+00:00,Analysis,1.934985490528761,gap assigned to next activity,Activity classified by event type and edit destination; original commands omitted.,rs_0efef1dac8297075016abb2eb1ecbc87d2811f4d1817d7edb0
Backend,01a0eb27-ba42-7e11-ad54-8cff61d74da8,2026-09-29T03:21:21.937000+00:00,2026-09-29T03:21:23.455000+00:00,Analysis,1.5179885497322154,event,Activity classified by event type and edit destination; original commands omitted.,rs_0efef1dac8297075016abb2eb1ecbc87d2811f4d1817d7edb0
Backend,01a0eb27-ba42-7e11-ad54-8cff61d74da8,2026-09-29T03:21:23.455000+00:00,2026-09-29T03:21:27.536000+00:00,Analysis,4.080969609212066,gap assigned to next activity,Activity classified by event type and edit destination; original commands omitted.,exec-3ffe7aff-5545-4a45-a2c5-0bfb599be2f6
Backend,01a0eb27-ba42-7e11-ad54-8cff61d74da8,2026-09-29T03:21:27.536000+00:00,2026-09-29T03:21:28.042000+00:00,Analysis,0.5059962627163379,event,Activity classified by event type and edit destination; original commands omitted.,exec-3ffe7aff-5545-4a45-a2c5-0bfb599be2f6
Backend,01a0eb27-ba42-7e11-ad54-8cff61d74da8,2026-09-29T03:21:28.042000+00:00,2026-09-29T03:21:29.740000+00:00,Analysis,1.697987272093458,gap assigned to next activity,Activity classified by event type and edit destination; original commands omitted.,rs_0efef1dac8297075016abb2eb9b60c87d28138ab965ecd2401
Backend,01a0eb27-ba42-7e11-ad54-8cff61d74da8,2026-09-29T03:21:29.740000+00:00,2026-09-29T03:21:30.238000+00:00,Analysis,0.49799618704650583,event,Activity classified by event type and edit destination; original commands omitted.,rs_0efef1dac8297075016abb2eb9b60c87d28138ab965ecd2401
Backend,01a0eb27-ba42-7e11-ad54-8cff61d74da8,2026-09-29T03:21:30.238000+00:00,2026-09-29T03:21:33.773000+00:00,Implementation,3.534973683396963,gap assigned to next activity,Activity classified by event type and edit destination; original commands omitted.,exec-1563bf97-892f-4abf-8ccc-7247f941c345
Backend,01a0eb27-ba42-7e11-ad54-8cff61d74da8,2026-09-29T03:21:33.773000+00:00,2026-09-29T03:21:34.261000+00:00,Implementation,0.4879962712718145,event,Activity classified by event type and edit destination; original commands omitted.,exec-1563bf97-892f-4abf-8ccc-7247f941c345
Backend,01a0eb27-ba42-7e11-ad54-8cff61d74da8,2026-09-29T03:21:34.261000+00:00,2026-09-29T03:21:37.222000+00:00,Analysis,2.960977850362645,gap assigned to next activity,Activity classified by event type and edit destination; original commands omitted.,rs_0efef1dac8297075016abb2ec1370c87d29d91991f62258b84
Backend,01a0eb27-ba42-7e11-ad54-8cff61d74da8,2026-09-29T03:21:37.222000+00:00,2026-09-29T03:21:38.160000+00:00,Analysis,0.9379931963833197,event,Activity classified by event type and edit destination; original commands omitted.,rs_0efef1dac8297075016abb2ec1370c87d29d91991f62258b84
Backend,01a0eb27-ba42-7e11-ad54-8cff61d74da8,2026-09-29T03:21:38.160000+00:00,2026-09-29T03:21:41.100000+00:00,Implementation,2.9399778603440345,gap assigned to next activity,Activity classified by event type and edit destination; original commands omitted.,exec-bd7a6053-44ad-4c7e-80c8-ac77d48b357b
Backend,01a0eb27-ba42-7e11-ad54-8cff61d74da8,2026-09-29T03:21:41.100000+00:00,2026-09-29T03:21:41.590000+00:00,Implementation,0.4899963497934721,event,Activity classified by event type and edit destination; original commands omitted.,exec-bd7a6053-44ad-4c7e-80c8-ac77d48b357b
Backend,01a0eb27-ba42-7e11-ad54-8cff61d74da8,2026-09-29T03:21:41.590000+00:00,2026-09-29T03:21:45.020000+00:00,Analysis,3.429974448554305,gap assigned to next activity,Activity classified by event type and edit destination; original commands omitted.,rs_0efef1dac8297075016abb2ec903fc87d282fc4531cb52043e
Backend,01a0eb27-ba42-7e11-ad54-8cff61d74da8,2026-09-29T03:21:45.020000+00:00,2026-09-29T03:21:47.020000+00:00,Analysis,1.9999850622726538,event,Activity classified by event type and edit destination; original commands omitted.,rs_0efef1dac8297075016abb2ec903fc87d282fc4531cb52043e
Backend,01a0eb27-ba42-7e11-ad54-8cff61d74da8,2026-09-29T03:21:47.020000+00:00,2026-09-29T03:22:58.595000+00:00,Implementation,71.57446546376596,gap assigned to next activity,Activity classified by event type and edit destination; original commands omitted.,exec-79b0a4e7-cd05-4700-aabb-4e7611ecdc97
Backend,01a0eb27-ba42-7e11-ad54-8cff61d74da8,2026-09-29T03:22:58.595000+00:00,2026-09-29T03:22:58.920000+00:00,Implementation,0.32499762030266593,event,Activity classified by event type and edit destination; original commands omitted.,exec-79b0a4e7-cd05-4700-aabb-4e7611ecdc97
Backend,01a0eb27-ba42-7e11-ad54-8cff61d74da8,2026-09-29T03:22:58.920000+00:00,2026-09-29T03:23:00.573000+00:00,Analysis,1.6529875318989475,gap assigned to next activity,Activity classified by event type and edit destination; original commands omitted.,rs_0efef1dac8297075016abb2f148e6c87d2a4b5d522206dd953
Backend,01a0eb27-ba42-7e11-ad54-8cff61d74da8,2026-09-29T03:23:00.573000+00:00,2026-09-29T03:23:01.229000+00:00,Analysis,0.6559952377535063,event,Activity classified by event type and edit destination; original commands omitted.,rs_0efef1dac8297075016abb2f148e6c87d2a4b5d522206dd953
Backend,01a0eb27-ba42-7e11-ad54-8cff61d74da8,2026-09-29T03:23:01.229000+00:00,2026-09-29T03:23:03.687000+00:00,Testing and verification,2.457981586220394,gap assigned to next activity,Activity classified by event type and edit destination; original commands omitted.,exec-c4e53727-a281-4220-ad36-4902d758a4ca
Backend,01a0eb27-ba42-7e11-ad54-8cff61d74da8,2026-09-29T03:23:03.687000+00:00,2026-09-29T03:23:03.918000+00:00,Testing and verification,0.23099822128712869,event,Activity classified by event type and edit destination; original commands omitted.,exec-c4e53727-a281-4220-ad36-4902d758a4ca
Backend,01a0eb27-ba42-7e11-ad54-8cff61d74da8,2026-09-29T03:23:03.918000+00:00,2026-09-29T03:23:06.865000+00:00,Analysis,2.9469780159614367,gap assigned to next activity,Activity classified by event type and edit destination; original commands omitted.,rs_0efef1dac8297075016abb2f1adc3c87d289e2e42dac8b2722
Backend,01a0eb27-ba42-7e11-ad54-8cff61d74da8,2026-09-29T03:23:06.865000+00:00,2026-09-29T03:23:07.408000+00:00,Analysis,0.542995927241016,event,Activity classified by event type and edit destination; original commands omitted.,rs_0efef1dac8297075016abb2f1adc3c87d289e2e42dac8b2722
Backend,01a0eb27-ba42-7e11-ad54-8cff61d74da8,2026-09-29T03:23:07.408000+00:00,2026-09-29T03:23:10.815000+00:00,Analysis,3.406974618430835,gap assigned to next activity,Activity classified by event type and edit destination; original commands omitted.,exec-fb468125-b64e-41ba-b8f8-d016334d3b44
Backend,01a0eb27-ba42-7e11-ad54-8cff61d74da8,2026-09-29T03:23:10.815000+00:00,2026-09-29T03:23:11.077000+00:00,Analysis,0.2619978886636323,event,Activity classified by event type and edit destination; original commands omitted.,exec-fb468125-b64e-41ba-b8f8-d016334d3b44
Backend,01a0eb27-ba42-7e11-ad54-8cff61d74da8,2026-09-29T03:23:11.077000+00:00,2026-09-29T03:23:15.750000+00:00,Testing and verification,4.672965195274109,gap assigned to next activity,Activity classified by event type and edit destination; original commands omitted.,exec-f1fa55e3-121f-4733-8849-f4dabc5ce2da
Backend,01a0eb27-ba42-7e11-ad54-8cff61d74da8,2026-09-29T03:23:15.750000+00:00,2026-09-29T03:23:17.499000+00:00,Testing and verification,1.7489870094361424,event,Activity classified by event type and edit destination; original commands omitted.,exec-f1fa55e3-121f-4733-8849-f4dabc5ce2da
Backend,01a0eb27-ba42-7e11-ad54-8cff61d74da8,2026-09-29T03:23:17.499000+00:00,2026-09-29T03:23:20.519000+00:00,Analysis,3.0199774249583635,gap assigned to next activity,Activity classified by event type and edit destination; original commands omitted.,rs_0efef1dac8297075016abb2f28838c87d2b53f3e675e758f8c
Backend,01a0eb27-ba42-7e11-ad54-8cff61d74da8,2026-09-29T03:23:20.519000+00:00,2026-09-29T03:23:29.469000+00:00,Analysis,8.949933201353485,event,Activity classified by event type and edit destination; original commands omitted.,rs_0efef1dac8297075016abb2f28838c87d2b53f3e675e758f8c
Backend,01a0eb27-ba42-7e11-ad54-8cff61d74da8,2026-09-29T03:23:29.469000+00:00,2026-09-29T03:23:29.475000+00:00,Communication and follow-up,0.005999758731376092,gap assigned to next activity,Activity classified by event type and edit destination; original commands omitted.,msg_0efef1dac8297075016abb2f3177bc87d2a85349f08a8456a4
Backend,01a0eb27-ba42-7e11-ad54-8cff61d74da8,2026-09-29T03:23:29.475000+00:00,2026-09-29T03:23:31.471000+00:00,Communication and follow-up,1.9959851436461369,event,Activity classified by event type and edit destination; original commands omitted.,msg_0efef1dac8297075016abb2f3177bc87d2a85349f08a8456a4
Backend,01a0eb27-ba42-7e11-ad54-8cff61d74da8,2026-09-29T03:23:31.471000+00:00,2026-09-29T03:23:34.125000+00:00,Analysis,2.6539802215045025,gap assigned to next activity,Activity classified by event type and edit destination; original commands omitted.,exec-bf944fa2-e5d2-4684-b66d-359e50de27f3
Backend,01a0eb27-ba42-7e11-ad54-8cff61d74da8,2026-09-29T03:23:34.125000+00:00,2026-09-29T03:23:34.359000+00:00,Analysis,0.2339982198612159,event,Activity classified by event type and edit destination; original commands omitted.,exec-bf944fa2-e5d2-4684-b66d-359e50de27f3
Backend,01a0eb27-ba42-7e11-ad54-8cff61d74da8,2026-09-29T03:23:34.359000+00:00,2026-09-29T03:23:36.156000+00:00,Analysis,1.7969865097879416,gap assigned to next activity,Activity classified by event type and edit destination; original commands omitted.,rs_0efef1dac8297075016abb2f38254887d2af68c7247760051a
Backend,01a0eb27-ba42-7e11-ad54-8cff61d74da8,2026-09-29T03:23:36.156000+00:00,2026-09-29T03:23:37.486000+00:00,Analysis,1.3299902285347378,event,Activity classified by event type and edit destination; original commands omitted.,rs_0efef1dac8297075016abb2f38254887d2af68c7247760051a
Backend,01a0eb27-ba42-7e11-ad54-8cff61d74da8,2026-09-29T03:23:37.486000+00:00,2026-09-29T03:23:40.904000+00:00,Communication and follow-up,3.4179744542579558,gap assigned to next activity,Activity classified by event type and edit destination; original commands omitted.,call_DVVCUelsUffHY9RP9cJJWRiB
Backend,01a0eb27-ba42-7e11-ad54-8cff61d74da8,2026-09-29T03:23:40.904000+00:00,2026-09-29T03:23:43.346000+00:00,Analysis,2.4419816732975286,gap assigned to next activity,Activity classified by event type and edit destination; original commands omitted.,rs_0efef1dac8297075016abb2f3f573487d2997558980134e112
Backend,01a0eb27-ba42-7e11-ad54-8cff61d74da8,2026-09-29T03:23:43.346000+00:00,2026-09-29T03:23:44.073000+00:00,Analysis,0.7269945682287753,event,Activity classified by event type and edit destination; original commands omitted.,rs_0efef1dac8297075016abb2f3f573487d2997558980134e112
Backend,01a0eb27-ba42-7e11-ad54-8cff61d74da8,2026-09-29T03:23:44.073000+00:00,2026-09-29T03:23:57.329000+00:00,Implementation,13.255901034704506,gap assigned to next activity,Activity classified by event type and edit destination; original commands omitted.,exec-0d7e6c67-d9aa-4762-973d-0d63432ed926
Backend,01a0eb27-ba42-7e11-ad54-8cff61d74da8,2026-09-29T03:23:57.329000+00:00,2026-09-29T03:23:57.580000+00:00,Implementation,0.25099805283651133,event,Activity classified by event type and edit destination; original commands omitted.,exec-0d7e6c67-d9aa-4762-973d-0d63432ed926
Backend,01a0eb27-ba42-7e11-ad54-8cff61d74da8,2026-09-29T03:23:57.580000+00:00,2026-09-29T03:24:01.032000+00:00,Communication and follow-up,3.4519743586253453,gap assigned to next activity,Activity classified by event type and edit destination; original commands omitted.,call_jI2e2u2LSzP8YBVrhrwE3fMK
Backend,01a0eb27-ba42-7e11-ad54-8cff61d74da8,2026-09-29T03:24:01.032000+00:00,2026-09-29T03:24:03.224000+00:00,Analysis,2.191983540513447,gap assigned to next activity,Activity classified by event type and edit destination; original commands omitted.,rs_0efef1dac8297075016abb2f53392c87d2ae3259a1c7c20637
Backend,01a0eb27-ba42-7e11-ad54-8cff61d74da8,2026-09-29T03:24:03.224000+00:00,2026-09-29T03:24:07.152000+00:00,Analysis,3.927970635600811,event,Activity classified by event type and edit destination; original commands omitted.,rs_0efef1dac8297075016abb2f53392c87d2ae3259a1c7c20637
Backend,01a0eb27-ba42-7e11-ad54-8cff61d74da8,2026-09-29T03:24:07.152000+00:00,2026-09-29T03:26:46.986000+00:00,Implementation,159.83280633226906,gap assigned to next activity,Activity classified by event type and edit destination; original commands omitted.,exec-cffa8db2-697f-40ae-a818-0e628a88a6c6
Backend,01a0eb27-ba42-7e11-ad54-8cff61d74da8,2026-09-29T03:26:46.986000+00:00,2026-09-29T03:26:48.984000+00:00,Implementation,1.9979849837509962,event,Activity classified by event type and edit destination; original commands omitted.,exec-cffa8db2-697f-40ae-a818-0e628a88a6c6
Backend,01a0eb27-ba42-7e11-ad54-8cff61d74da8,2026-09-29T03:26:48.984000+00:00,2026-09-29T03:26:50.724000+00:00,Analysis,1.7399870137138809,gap assigned to next activity,Activity classified by event type and edit destination; original commands omitted.,rs_0efef1dac8297075016abb2ffab89487d2a819b02003837240
Backend,01a0eb27-ba42-7e11-ad54-8cff61d74da8,2026-09-29T03:26:50.724000+00:00,2026-09-29T03:27:10.747000+00:00,Analysis,20.022850452850008,event,Activity classified by event type and edit destination; original commands omitted.,rs_0efef1dac8297075016abb2ffab89487d2a819b02003837240
Backend,01a0eb27-ba42-7e11-ad54-8cff61d74da8,2026-09-29T03:27:10.747000+00:00,2026-09-29T03:27:10.752000+00:00,Analysis,0.005000077095744859,gap assigned to next activity,Activity classified by event type and edit destination; original commands omitted.,rs_0efef1dac8297075016abb300ebd3487d29586405a031c6f9a
Backend,01a0eb27-ba42-7e11-ad54-8cff61d74da8,2026-09-29T03:27:10.752000+00:00,2026-09-29T03:27:28.497000+00:00,Analysis,17.744867350574058,event,Activity classified by event type and edit destination; original commands omitted.,rs_0efef1dac8297075016abb300ebd3487d29586405a031c6f9a
Backend,01a0eb27-ba42-7e11-ad54-8cff61d74da8,2026-09-29T03:27:28.497000+00:00,2026-09-29T03:27:54.492000+00:00,Implementation,25.994805970865553,gap assigned to next activity,Activity classified by event type and edit destination; original commands omitted.,exec-fd4a8334-3fd7-45e9-8824-06530b460121
Backend,01a0eb27-ba42-7e11-ad54-8cff61d74da8,2026-09-29T03:27:54.492000+00:00,2026-09-29T03:27:56.427000+00:00,Implementation,1.934985490528761,event,Activity classified by event type and edit destination; original commands omitted.,exec-fd4a8334-3fd7-45e9-8824-06530b460121
Backend,01a0eb27-ba42-7e11-ad54-8cff61d74da8,2026-09-29T03:27:56.427000+00:00,2026-09-29T03:27:58.748000+00:00,Analysis,2.3209825255320045,gap assigned to next activity,Activity classified by event type and edit destination; original commands omitted.,rs_0efef1dac8297075016abb303ebea087d2ac0ecea832ad9d61
Backend,01a0eb27-ba42-7e11-ad54-8cff61d74da8,2026-09-29T03:27:58.748000+00:00,2026-09-29T03:28:01.628000+00:00,Analysis,2.8799786041126847,event,Activity classified by event type and edit destination; original commands omitted.,rs_0efef1dac8297075016abb303ebea087d2ac0ecea832ad9d61
Backend,01a0eb27-ba42-7e11-ad54-8cff61d74da8,2026-09-29T03:28:01.628000+00:00,2026-09-29T03:28:05.945000+00:00,Analysis,4.316967669178141,gap assigned to next activity,Activity classified by event type and edit destination; original commands omitted.,exec-beedf687-417b-4d5a-ad17-5d23ceaa3cfe
Backend,01a0eb27-ba42-7e11-ad54-8cff61d74da8,2026-09-29T03:28:05.945000+00:00,2026-09-29T03:28:06.201000+00:00,Analysis,0.2559981299322562,event,Activity classified by event type and edit destination; original commands omitted.,exec-beedf687-417b-4d5a-ad17-5d23ceaa3cfe
Backend,01a0eb27-ba42-7e11-ad54-8cff61d74da8,2026-09-29T03:28:06.201000+00:00,2026-09-29T03:28:08.222000+00:00,Analysis,2.020984813874466,gap assigned to next activity,Activity classified by event type and edit destination; original commands omitted.,rs_0efef1dac8297075016abb3048362887d2b239e2b9b8dbb4cd
Backend,01a0eb27-ba42-7e11-ad54-8cff61d74da8,2026-09-29T03:28:08.222000+00:00,2026-09-29T03:28:08.982000+00:00,Analysis,0.7599945525437349,event,Activity classified by event type and edit destination; original commands omitted.,rs_0efef1dac8297075016abb3048362887d2b239e2b9b8dbb4cd
Backend,01a0eb27-ba42-7e11-ad54-8cff61d74da8,2026-09-29T03:28:08.982000+00:00,2026-09-29T03:30:27.385000+00:00,Implementation,138.40196616479165,gap assigned to next activity,Activity classified by event type and edit destination; original commands omitted.,exec-ac81559b-f64d-420f-8210-f72737258b21
Backend,01a0eb27-ba42-7e11-ad54-8cff61d74da8,2026-09-29T03:30:27.385000+00:00,2026-09-29T03:30:29.236000+00:00,Implementation,1.8509862457047135,event,Activity classified by event type and edit destination; original commands omitted.,exec-ac81559b-f64d-420f-8210-f72737258b21
Backend,01a0eb27-ba42-7e11-ad54-8cff61d74da8,2026-09-29T03:30:29.236000+00:00,2026-09-29T03:30:34.327000+00:00,Analysis,5.090961817706286,gap assigned to next activity,Activity classified by event type and edit destination; original commands omitted.,rs_0efef1dac8297075016abb30da529c87d2bf46c1f0ca715bdd
Backend,01a0eb27-ba42-7e11-ad54-8cff61d74da8,2026-09-29T03:30:34.327000+00:00,2026-09-29T03:30:54.656000+00:00,Analysis,20.32884816165572,event,Activity classified by event type and edit destination; original commands omitted.,rs_0efef1dac8297075016abb30da529c87d2bf46c1f0ca715bdd
Backend,01a0eb27-ba42-7e11-ad54-8cff61d74da8,2026-09-29T03:30:54.656000+00:00,2026-09-29T03:30:54.661000+00:00,Analysis,0.005000077095744859,gap assigned to next activity,Activity classified by event type and edit destination; original commands omitted.,rs_0efef1dac8297075016abb30eea6a087d2aede78f2803037b4
Backend,01a0eb27-ba42-7e11-ad54-8cff61d74da8,2026-09-29T03:30:54.661000+00:00,2026-09-29T03:31:05.349000+00:00,Analysis,10.687920136545708,event,Activity classified by event type and edit destination; original commands omitted.,rs_0efef1dac8297075016abb30eea6a087d2aede78f2803037b4
Backend,01a0eb27-ba42-7e11-ad54-8cff61d74da8,2026-09-29T03:31:05.349000+00:00,2026-09-29T03:31:08.652000+00:00,Analysis,3.3029753036406064,gap assigned to next activity,Activity classified by event type and edit destination; original commands omitted.,exec-1dcb8e68-99d1-44d3-95d4-21f1cc4c22d5
Backend,01a0eb27-ba42-7e11-ad54-8cff61d74da8,2026-09-29T03:31:08.652000+00:00,2026-09-29T03:31:08.904000+00:00,Analysis,0.25199821130573935,event,Activity classified by event type and edit destination; original commands omitted.,exec-1dcb8e68-99d1-44d3-95d4-21f1cc4c22d5
Backend,01a0eb27-ba42-7e11-ad54-8cff61d74da8,2026-09-29T03:31:08.904000+00:00,2026-09-29T03:31:12.132000+00:00,Analysis,3.2279758161220222,gap assigned to next activity,Activity classified by event type and edit destination; original commands omitted.,rs_0efef1dac8297075016abb3100207c87d2b1f95eae8102b3a0
Backend,01a0eb27-ba42-7e11-ad54-8cff61d74da8,2026-09-29T03:31:12.132000+00:00,2026-09-29T03:31:13.318000+00:00,Analysis,1.1859912506457437,event,Activity classified by event type and edit destination; original commands omitted.,rs_0efef1dac8297075016abb3100207c87d2b1f95eae8102b3a0
Backend,01a0eb27-ba42-7e11-ad54-8cff61d74da8,2026-09-29T03:31:13.318000+00:00,2026-09-29T03:31:17.200000+00:00,Analysis,3.881970975353871,gap assigned to next activity,Activity classified by event type and edit destination; original commands omitted.,exec-668a1f81-b828-4a0f-b36a-fb3c136b5d56
Backend,01a0eb27-ba42-7e11-ad54-8cff61d74da8,2026-09-29T03:31:17.200000+00:00,2026-09-29T03:31:17.460000+00:00,Analysis,0.25999804855877306,event,Activity classified by event type and edit destination; original commands omitted.,exec-668a1f81-b828-4a0f-b36a-fb3c136b5d56
Backend,01a0eb27-ba42-7e11-ad54-8cff61d74da8,2026-09-29T03:31:17.460000+00:00,2026-09-29T03:31:19.964000+00:00,Analysis,2.503981246467334,gap assigned to next activity,Activity classified by event type and edit destination; original commands omitted.,rs_0efef1dac8297075016abb3107f52887d2a8c380a6d4fb8956
Backend,01a0eb27-ba42-7e11-ad54-8cff61d74da8,2026-09-29T03:31:19.964000+00:00,2026-09-29T03:31:20.625000+00:00,Analysis,0.6609950764324528,event,Activity classified by event type and edit destination; original commands omitted.,rs_0efef1dac8297075016abb3107f52887d2a8c380a6d4fb8956
Backend,01a0eb27-ba42-7e11-ad54-8cff61d74da8,2026-09-29T03:31:20.625000+00:00,2026-09-29T03:31:23.814000+00:00,Communication and follow-up,3.1889760730756866,gap assigned to next activity,Activity classified by event type and edit destination; original commands omitted.,call_MKfE5TJ5M15MosTBc6e5QlNn
Backend,01a0eb27-ba42-7e11-ad54-8cff61d74da8,2026-09-29T03:31:23.814000+00:00,2026-09-29T03:31:23.815000+00:00,Communication and follow-up,0.0010001584692280034,event,Activity classified by event type and edit destination; original commands omitted.,call_MKfE5TJ5M15MosTBc6e5QlNn
Backend,01a0eb27-ba42-7e11-ad54-8cff61d74da8,2026-09-29T03:31:23.815000+00:00,2026-09-29T03:31:25.760000+00:00,Analysis,1.9449854063034524,gap assigned to next activity,Activity classified by event type and edit destination; original commands omitted.,rs_0efef1dac8297075016abb310dc15487d2ad3b9af94334dbbd
Backend,01a0eb27-ba42-7e11-ad54-8cff61d74da8,2026-09-29T03:31:25.760000+00:00,2026-09-29T03:31:40.281000+00:00,Analysis,14.520891453078553,event,Activity classified by event type and edit destination; original commands omitted.,rs_0efef1dac8297075016abb310dc15487d2ad3b9af94334dbbd
Backend,01a0eb27-ba42-7e11-ad54-8cff61d74da8,2026-09-29T03:31:40.281000+00:00,2026-09-29T03:31:43.102000+00:00,Analysis,2.8209790295169666,gap assigned to next activity,Activity classified by event type and edit destination; original commands omitted.,exec-57da200c-30a2-4ea5-8515-17d1c214fa33
Backend,01a0eb27-ba42-7e11-ad54-8cff61d74da8,2026-09-29T03:31:43.102000+00:00,2026-09-29T03:31:43.387000+00:00,Analysis,0.2849979572039006,event,Activity classified by event type and edit destination; original commands omitted.,exec-57da200c-30a2-4ea5-8515-17d1c214fa33
Backend,01a0eb27-ba42-7e11-ad54-8cff61d74da8,2026-09-29T03:31:43.387000+00:00,2026-09-29T03:31:45.468000+00:00,Analysis,2.080984308522614,gap assigned to next activity,Activity classified by event type and edit destination; original commands omitted.,rs_0efef1dac8297075016abb3121759487d2b31971e1c8e7c0c2
Backend,01a0eb27-ba42-7e11-ad54-8cff61d74da8,2026-09-29T03:31:45.468000+00:00,2026-09-29T03:31:56.071000+00:00,Analysis,10.602920971669231,event,Activity classified by event type and edit destination; original commands omitted.,rs_0efef1dac8297075016abb3121759487d2b31971e1c8e7c0c2
Backend,01a0eb27-ba42-7e11-ad54-8cff61d74da8,2026-09-29T03:31:56.071000+00:00,2026-09-29T03:31:58.883000+00:00,Implementation,2.811978795377906,gap assigned to next activity,Activity classified by event type and edit destination; original commands omitted.,exec-be69e6a7-bc51-4304-bbaf-c15299a1dd6c
Backend,01a0eb27-ba42-7e11-ad54-8cff61d74da8,2026-09-29T03:31:58.883000+00:00,2026-09-29T03:31:59.529000+00:00,Implementation,0.645995321978815,event,Activity classified by event type and edit destination; original commands omitted.,exec-be69e6a7-bc51-4304-bbaf-c15299a1dd6c
Backend,01a0eb27-ba42-7e11-ad54-8cff61d74da8,2026-09-29T03:31:59.529000+00:00,2026-09-29T03:32:01.422000+00:00,Analysis,1.892985748908338,gap assigned to next activity,Activity classified by event type and edit destination; original commands omitted.,rs_0efef1dac8297075016abb31316a5887d2925203b4e026640b
Backend,01a0eb27-ba42-7e11-ad54-8cff61d74da8,2026-09-29T03:32:01.422000+00:00,2026-09-29T03:32:05.073000+00:00,Analysis,3.6509727540667423,event,Activity classified by event type and edit destination; original commands omitted.,rs_0efef1dac8297075016abb31316a5887d2925203b4e026640b
Backend,01a0eb27-ba42-7e11-ad54-8cff61d74da8,2026-09-29T03:32:05.073000+00:00,2026-09-29T03:33:01.344000+00:00,Implementation,56.270579866437,gap assigned to next activity,Activity classified by event type and edit destination; original commands omitted.,exec-6471d212-a763-4eff-aec2-77b83b67054c
Backend,01a0eb27-ba42-7e11-ad54-8cff61d74da8,2026-09-29T03:33:01.344000+00:00,2026-09-29T03:33:03.306000+00:00,Implementation,1.9619852392787478,event,Activity classified by event type and edit destination; original commands omitted.,exec-6471d212-a763-4eff-aec2-77b83b67054c
Backend,01a0eb27-ba42-7e11-ad54-8cff61d74da8,2026-09-29T03:33:03.306000+00:00,2026-09-29T03:33:04.968000+00:00,Analysis,1.6619875276212093,gap assigned to next activity,Activity classified by event type and edit destination; original commands omitted.,rs_0efef1dac8297075016abb3170f64c87d2961a177109ac56d2
Backend,01a0eb27-ba42-7e11-ad54-8cff61d74da8,2026-09-29T03:33:04.968000+00:00,2026-09-29T03:33:07.170000+00:00,Analysis,2.2019836947049365,event,Activity classified by event type and edit destination; original commands omitted.,rs_0efef1dac8297075016abb3170f64c87d2961a177109ac56d2
Backend,01a0eb27-ba42-7e11-ad54-8cff61d74da8,2026-09-29T03:33:07.170000+00:00,2026-09-29T03:33:13.080000+00:00,Testing and verification,5.909955706428941,gap assigned to next activity,Activity classified by event type and edit destination; original commands omitted.,exec-0b9c34ee-98c0-4ee0-90d7-b9227b63f12b
Backend,01a0eb27-ba42-7e11-ad54-8cff61d74da8,2026-09-29T03:33:13.080000+00:00,2026-09-29T03:33:13.515000+00:00,Testing and verification,0.434996932241069,event,Activity classified by event type and edit destination; original commands omitted.,exec-0b9c34ee-98c0-4ee0-90d7-b9227b63f12b
Backend,01a0eb27-ba42-7e11-ad54-8cff61d74da8,2026-09-29T03:33:13.515000+00:00,2026-09-29T03:33:17.316000+00:00,Analysis,3.8009714906871124,gap assigned to next activity,Activity classified by event type and edit destination; original commands omitted.,rs_0efef1dac8297075016abb317d4f7087d290e672c308497c4c
Backend,01a0eb27-ba42-7e11-ad54-8cff61d74da8,2026-09-29T03:33:17.316000+00:00,2026-09-29T03:33:27.329000+00:00,Analysis,10.012925225712047,event,Activity classified by event type and edit destination; original commands omitted.,rs_0efef1dac8297075016abb317d4f7087d290e672c308497c4c
Backend,01a0eb27-ba42-7e11-ad54-8cff61d74da8,2026-09-29T03:33:27.329000+00:00,2026-09-29T03:33:30.203000+00:00,Analysis,2.8739786069645104,gap assigned to next activity,Activity classified by event type and edit destination; original commands omitted.,exec-2475c71d-9d0b-460f-81e2-40e6a1656bf9
Backend,01a0eb27-ba42-7e11-ad54-8cff61d74da8,2026-09-29T03:33:30.203000+00:00,2026-09-29T03:33:30.430000+00:00,Analysis,0.22699830266061183,event,Activity classified by event type and edit destination; original commands omitted.,exec-2475c71d-9d0b-460f-81e2-40e6a1656bf9
Backend,01a0eb27-ba42-7e11-ad54-8cff61d74da8,2026-09-29T03:33:30.430000+00:00,2026-09-29T03:33:32.191000+00:00,Analysis,1.760986765315693,gap assigned to next activity,Activity classified by event type and edit destination; original commands omitted.,rs_0efef1dac8297075016abb318c2f8487d2b18ba4ca2fb2f550
Backend,01a0eb27-ba42-7e11-ad54-8cff61d74da8,2026-09-29T03:33:32.191000+00:00,2026-09-29T03:33:48.733000+00:00,Analysis,16.541876505369817,event,Activity classified by event type and edit destination; original commands omitted.,rs_0efef1dac8297075016abb318c2f8487d2b18ba4ca2fb2f550
Backend,01a0eb27-ba42-7e11-ad54-8cff61d74da8,2026-09-29T03:33:48.733000+00:00,2026-09-29T03:35:00.070000+00:00,Implementation,71.33646708686143,gap assigned to next activity,Activity classified by event type and edit destination; original commands omitted.,exec-0e90e374-617b-4908-b70c-6019c30ec171
Backend,01a0eb27-ba42-7e11-ad54-8cff61d74da8,2026-09-29T03:35:00.070000+00:00,2026-09-29T03:35:01.817000+00:00,Implementation,1.7469869309144848,event,Activity classified by event type and edit destination; original commands omitted.,exec-0e90e374-617b-4908-b70c-6019c30ec171
Backend,01a0eb27-ba42-7e11-ad54-8cff61d74da8,2026-09-29T03:35:01.817000+00:00,2026-09-29T03:35:03.559000+00:00,Analysis,1.7419870922355385,gap assigned to next activity,Activity classified by event type and edit destination; original commands omitted.,rs_0efef1dac8297075016abb31e78ca087d2add75c5ee66100c4
Backend,01a0eb27-ba42-7e11-ad54-8cff61d74da8,2026-09-29T03:35:03.559000+00:00,2026-09-29T03:35:24.117000+00:00,Analysis,20.55784654283799,event,Activity classified by event type and edit destination; original commands omitted.,rs_0efef1dac8297075016abb31e78ca087d2add75c5ee66100c4
Backend,01a0eb27-ba42-7e11-ad54-8cff61d74da8,2026-09-29T03:35:24.117000+00:00,2026-09-29T03:35:24.124000+00:00,Analysis,0.006999917200604095,gap assigned to next activity,Activity classified by event type and edit destination; original commands omitted.,rs_0efef1dac8297075016abb31fc16bc87d2bf9dd8f53ace37a5
Backend,01a0eb27-ba42-7e11-ad54-8cff61d74da8,2026-09-29T03:35:24.124000+00:00,2026-09-29T03:35:34.445000+00:00,Analysis,10.32092277462262,event,Activity classified by event type and edit destination; original commands omitted.,rs_0efef1dac8297075016abb31fc16bc87d2bf9dd8f53ace37a5
Backend,01a0eb27-ba42-7e11-ad54-8cff61d74da8,2026-09-29T03:35:34.445000+00:00,2026-09-29T03:35:34.451000+00:00,Communication and follow-up,0.005999997148174477,gap assigned to next activity,Activity classified by event type and edit destination; original commands omitted.,msg_0efef1dac8297075016abb32066f9c87d2b64e5709fd3dc146
Backend,01a0eb27-ba42-7e11-ad54-8cff61d74da8,2026-09-29T03:35:34.451000+00:00,2026-09-29T03:35:36.713000+00:00,Communication and follow-up,2.2619831893530846,event,Activity classified by event type and edit destination; original commands omitted.,msg_0efef1dac8297075016abb32066f9c87d2b64e5709fd3dc146
Backend,01a0eb27-ba42-7e11-ad54-8cff61d74da8,2026-09-29T03:35:36.713000+00:00,2026-09-29T03:35:41.311000+00:00,Analysis,4.597965707755526,gap assigned to next activity,Activity classified by event type and edit destination; original commands omitted.,exec-bfa1e0c7-122f-453e-aede-5278f65ad4c1
Backend,01a0eb27-ba42-7e11-ad54-8cff61d74da8,2026-09-29T03:35:41.311000+00:00,2026-09-29T03:35:41.602000+00:00,Analysis,0.2909977159352767,event,Activity classified by event type and edit destination; original commands omitted.,exec-bfa1e0c7-122f-453e-aede-5278f65ad4c1
Backend,01a0eb27-ba42-7e11-ad54-8cff61d74da8,2026-09-29T03:35:41.602000+00:00,2026-09-29T03:35:43.491000+00:00,Analysis,1.8889858302818212,gap assigned to next activity,Activity classified by event type and edit destination; original commands omitted.,rs_0efef1dac8297075016abb320f7c0087d2805111d220c2f1bd
Backend,01a0eb27-ba42-7e11-ad54-8cff61d74da8,2026-09-29T03:35:43.491000+00:00,2026-09-29T03:35:46.101000+00:00,Analysis,2.6099806397792205,event,Activity classified by event type and edit destination; original commands omitted.,rs_0efef1dac8297075016abb320f7c0087d2805111d220c2f1bd
Backend,01a0eb27-ba42-7e11-ad54-8cff61d74da8,2026-09-29T03:35:46.101000+00:00,2026-09-29T03:35:48.684000+00:00,Analysis,2.5829806526124353,gap assigned to next activity,Activity classified by event type and edit destination; original commands omitted.,exec-c09b7763-15ba-4493-aa24-29169ffb179f
Backend,01a0eb27-ba42-7e11-ad54-8cff61d74da8,2026-09-29T03:35:48.684000+00:00,2026-09-29T03:35:49.245000+00:00,Analysis,0.560995680268741,event,Activity classified by event type and edit destination; original commands omitted.,exec-c09b7763-15ba-4493-aa24-29169ffb179f
Backend,01a0eb27-ba42-7e11-ad54-8cff61d74da8,2026-09-29T03:35:49.245000+00:00,2026-09-29T03:35:54.731000+00:00,Analysis,5.48595908684859,gap assigned to next activity,Activity classified by event type and edit destination; original commands omitted.,rs_0efef1dac8297075016abb321aabcc87d2a85ff5e96d4e864a
Backend,01a0eb27-ba42-7e11-ad54-8cff61d74da8,2026-09-29T03:35:54.731000+00:00,2026-09-29T03:36:15.317000+00:00,Analysis,20.58584621164041,event,Activity classified by event type and edit destination; original commands omitted.,rs_0efef1dac8297075016abb321aabcc87d2a85ff5e96d4e864a
Backend,01a0eb27-ba42-7e11-ad54-8cff61d74da8,2026-09-29T03:36:15.317000+00:00,2026-09-29T03:36:15.323000+00:00,Analysis,0.005999997148174477,gap assigned to next activity,Activity classified by event type and edit destination; original commands omitted.,rs_0efef1dac8297075016abb322f47b087d296ec44ef3ec2e132
Backend,01a0eb27-ba42-7e11-ad54-8cff61d74da8,2026-09-29T03:36:15.323000+00:00,2026-09-29T03:36:20.744000+00:00,Analysis,5.4209595151046965,event,Activity classified by event type and edit destination; original commands omitted.,rs_0efef1dac8297075016abb322f47b087d296ec44ef3ec2e132
Backend,01a0eb27-ba42-7e11-ad54-8cff61d74da8,2026-09-29T03:36:20.744000+00:00,2026-09-29T03:37:01.404000+00:00,Implementation,40.6596964018331,gap assigned to next activity,Activity classified by event type and edit destination; original commands omitted.,exec-8b55f728-c6e8-4ded-ba77-dfca9b26d653
Backend,01a0eb27-ba42-7e11-ad54-8cff61d74da8,2026-09-29T03:37:01.404000+00:00,2026-09-29T03:37:03.154000+00:00,Implementation,1.7499869294885722,event,Activity classified by event type and edit destination; original commands omitted.,exec-8b55f728-c6e8-4ded-ba77-dfca9b26d653
Backend,01a0eb27-ba42-7e11-ad54-8cff61d74da8,2026-09-29T03:37:03.154000+00:00,2026-09-29T03:37:05.905000+00:00,Analysis,2.750979380677329,gap assigned to next activity,Activity classified by event type and edit destination; original commands omitted.,rs_0efef1dac8297075016abb3261e61c87d2a2d1c0bd9c25d3b4
Backend,01a0eb27-ba42-7e11-ad54-8cff61d74da8,2026-09-29T03:37:05.905000+00:00,2026-09-29T03:37:25.854000+00:00,Analysis,19.94885112380065,event,Activity classified by event type and edit destination; original commands omitted.,rs_0efef1dac8297075016abb3261e61c87d2a2d1c0bd9c25d3b4
Backend,01a0eb27-ba42-7e11-ad54-8cff61d74da8,2026-09-29T03:37:25.854000+00:00,2026-09-29T03:37:28.533000+00:00,Analysis,2.6789798917328316,gap assigned to next activity,Activity classified by event type and edit destination; original commands omitted.,rs_0efef1dac8297075016abb32787f3487d28254009b28f43ba6
Backend,01a0eb27-ba42-7e11-ad54-8cff61d74da8,2026-09-29T03:37:28.533000+00:00,2026-09-29T03:37:32.248000+00:00,Analysis,3.714972167341407,event,Activity classified by event type and edit destination; original commands omitted.,rs_0efef1dac8297075016abb32787f3487d28254009b28f43ba6
Backend,01a0eb27-ba42-7e11-ad54-8cff61d74da8,2026-09-29T03:37:32.248000+00:00,2026-09-29T03:37:35.165000+00:00,Analysis,2.916978268637363,gap assigned to next activity,Activity classified by event type and edit destination; original commands omitted.,exec-6569d4fb-3352-43bb-8009-e7738aeadd0e
Backend,01a0eb27-ba42-7e11-ad54-8cff61d74da8,2026-09-29T03:37:35.165000+00:00,2026-09-29T03:37:35.469000+00:00,Analysis,0.30399786870085366,event,Activity classified by event type and edit destination; original commands omitted.,exec-6569d4fb-3352-43bb-8009-e7738aeadd0e
Backend,01a0eb27-ba42-7e11-ad54-8cff61d74da8,2026-09-29T03:37:35.469000+00:00,2026-09-29T03:37:37.402000+00:00,Analysis,1.9329854120071033,gap assigned to next activity,Activity classified by event type and edit destination; original commands omitted.,rs_0efef1dac8297075016abb3281639c87d28c0e34e254cdfcca
Backend,01a0eb27-ba42-7e11-ad54-8cff61d74da8,2026-09-29T03:37:37.402000+00:00,2026-09-29T03:37:56.366000+00:00,Analysis,18.963858347117963,event,Activity classified by event type and edit destination; original commands omitted.,rs_0efef1dac8297075016abb3281639c87d28c0e34e254cdfcca
Backend,01a0eb27-ba42-7e11-ad54-8cff61d74da8,2026-09-29T03:37:56.366000+00:00,2026-09-29T03:39:02.363000+00:00,Implementation,65.99650705642348,gap assigned to next activity,Activity classified by event type and edit destination; original commands omitted.,exec-297114d9-c82d-4b66-8a16-904cdbce1378
Backend,01a0eb27-ba42-7e11-ad54-8cff61d74da8,2026-09-29T03:39:02.363000+00:00,2026-09-29T03:39:04.112000+00:00,Implementation,1.7489870094361424,event,Activity classified by event type and edit destination; original commands omitted.,exec-297114d9-c82d-4b66-8a16-904cdbce1378
Backend,01a0eb27-ba42-7e11-ad54-8cff61d74da8,2026-09-29T03:39:04.112000+00:00,2026-09-29T03:39:09.421000+00:00,Analysis,5.308960363061435,gap assigned to next activity,Activity classified by event type and edit destination; original commands omitted.,rs_0efef1dac8297075016abb32dd686087d29106bb6dddbfbef5
Backend,01a0eb27-ba42-7e11-ad54-8cff61d74da8,2026-09-29T03:39:09.421000+00:00,2026-09-29T03:39:28.076000+00:00,Analysis,18.654860639738164,event,Activity classified by event type and edit destination; original commands omitted.,rs_0efef1dac8297075016abb32dd686087d29106bb6dddbfbef5
Backend,01a0eb27-ba42-7e11-ad54-8cff61d74da8,2026-09-29T03:39:28.076000+00:00,2026-09-29T03:39:28.080000+00:00,Analysis,0.0039999186265168565,gap assigned to next activity,Activity classified by event type and edit destination; original commands omitted.,rs_0efef1dac8297075016abb32f00ee887d290e68ca6acefa64a
Backend,01a0eb27-ba42-7e11-ad54-8cff61d74da8,2026-09-29T03:39:28.080000+00:00,2026-09-29T03:39:44.727000+00:00,Analysis,16.646875740212476,event,Activity classified by event type and edit destination; original commands omitted.,rs_0efef1dac8297075016abb32f00ee887d290e68ca6acefa64a
Backend,01a0eb27-ba42-7e11-ad54-8cff61d74da8,2026-09-29T03:39:44.727000+00:00,2026-09-29T03:39:52.722000+00:00,Implementation,7.9949401719948705,gap assigned to next activity,Activity classified by event type and edit destination; original commands omitted.,exec-deb7f8ff-cd51-45a2-953a-4deee7819052
Backend,01a0eb27-ba42-7e11-ad54-8cff61d74da8,2026-09-29T03:39:52.722000+00:00,2026-09-29T03:39:54.540000+00:00,Implementation,1.8179864998065522,event,Activity classified by event type and edit destination; original commands omitted.,exec-deb7f8ff-cd51-45a2-953a-4deee7819052
Backend,01a0eb27-ba42-7e11-ad54-8cff61d74da8,2026-09-29T03:39:54.540000+00:00,2026-09-29T03:39:56.502000+00:00,Analysis,1.961985477695546,gap assigned to next activity,Activity classified by event type and edit destination; original commands omitted.,rs_0efef1dac8297075016abb330c7c6887d29b3bb137390160d2
Backend,01a0eb27-ba42-7e11-ad54-8cff61d74da8,2026-09-29T03:39:56.502000+00:00,2026-09-29T03:40:14.756000+00:00,Analysis,18.25386361186448,event,Activity classified by event type and edit destination; original commands omitted.,rs_0efef1dac8297075016abb330c7c6887d29b3bb137390160d2
Backend,01a0eb27-ba42-7e11-ad54-8cff61d74da8,2026-09-29T03:40:14.756000+00:00,2026-09-29T03:40:19.935000+00:00,Analysis,5.178961219573649,gap assigned to next activity,Activity classified by event type and edit destination; original commands omitted.,rs_0efef1dac8297075016abb3323ed6887d2b8f680bc4d1bf8b8
Backend,01a0eb27-ba42-7e11-ad54-8cff61d74da8,2026-09-29T03:40:19.935000+00:00,2026-09-29T03:40:20.812000+00:00,Analysis,0.8769935432659437,event,Activity classified by event type and edit destination; original commands omitted.,rs_0efef1dac8297075016abb3323ed6887d2b8f680bc4d1bf8b8
Backend,01a0eb27-ba42-7e11-ad54-8cff61d74da8,2026-09-29T03:40:20.812000+00:00,2026-09-29T03:40:30.285000+00:00,Implementation,9.47292929704512,gap assigned to next activity,Activity classified by event type and edit destination; original commands omitted.,exec-bcbf3507-aada-446b-9f14-0370fe9d6bf0
Backend,01a0eb27-ba42-7e11-ad54-8cff61d74da8,2026-09-29T03:40:30.285000+00:00,2026-09-29T03:40:30.592000+00:00,Implementation,0.30699762885814247,event,Activity classified by event type and edit destination; original commands omitted.,exec-bcbf3507-aada-446b-9f14-0370fe9d6bf0
Backend,01a0eb27-ba42-7e11-ad54-8cff61d74da8,2026-09-29T03:40:30.592000+00:00,2026-09-29T03:40:35.448000+00:00,Communication and follow-up,4.855963677792641,gap assigned to next activity,Activity classified by event type and edit destination; original commands omitted.,call_rYhUJ73Z3kXsim5RaVt1qG4P
Backend,01a0eb27-ba42-7e11-ad54-8cff61d74da8,2026-09-29T03:40:35.448000+00:00,2026-09-29T03:40:37.329000+00:00,Analysis,1.8809859930287873,gap assigned to next activity,Activity classified by event type and edit destination; original commands omitted.,rs_0efef1dac8297075016abb3335530487d297390055861f88a8
Backend,01a0eb27-ba42-7e11-ad54-8cff61d74da8,2026-09-29T03:40:37.329000+00:00,2026-09-29T03:40:43.922000+00:00,Analysis,6.592950692932434,event,Activity classified by event type and edit destination; original commands omitted.,rs_0efef1dac8297075016abb3335530487d297390055861f88a8
Backend,01a0eb27-ba42-7e11-ad54-8cff61d74da8,2026-09-29T03:40:43.922000+00:00,2026-09-29T03:40:43.927000+00:00,Communication and follow-up,0.005000077095744859,gap assigned to next activity,Activity classified by event type and edit destination; original commands omitted.,msg_0efef1dac8297075016abb333beab487d2902ac46a0acf32ef
Backend,01a0eb27-ba42-7e11-ad54-8cff61d74da8,2026-09-29T03:40:43.927000+00:00,2026-09-29T03:40:50.934000+00:00,Communication and follow-up,7.0069476351548925,event,Activity classified by event type and edit destination; original commands omitted.,msg_0efef1dac8297075016abb333beab487d2902ac46a0acf32ef
Backend,01a0eb27-ba42-7e11-ad54-8cff61d74da8,2026-09-29T03:40:50.934000+00:00,2026-09-29T03:40:51.161000+00:00,Unattributed active time,0.22699830266061183,gap assigned to next activity,Activity classified by event type and edit destination; original commands omitted.,
Backend,01a0eb45-46e5-7e12-ad31-2a5098d40478,2026-09-29T03:46:21.042000+00:00,2026-09-29T03:46:23.235000+00:00,Analysis,2.193041384709231,gap assigned to next activity,Activity classified by event type and edit destination; original commands omitted.,rs_0efef1dac8297075016abb348f39f087d29bcc1b15ff98f6c2
Backend,01a0eb45-46e5-7e12-ad31-2a5098d40478,2026-09-29T03:46:23.235000+00:00,2026-09-29T03:46:23.892000+00:00,Analysis,0.6570125112800448,event,Activity classified by event type and edit destination; original commands omitted.,rs_0efef1dac8297075016abb348f39f087d29bcc1b15ff98f6c2
Backend,01a0eb45-46e5-7e12-ad31-2a5098d40478,2026-09-29T03:46:23.892000+00:00,2026-09-29T03:46:23.897000+00:00,Communication and follow-up,0.00500020916476758,gap assigned to next activity,Activity classified by event type and edit destination; original commands omitted.,msg_0efef1dac8297075016abb348fe3f087d2a0773ea00a95d02c
Backend,01a0eb45-46e5-7e12-ad31-2a5098d40478,2026-09-29T03:46:23.897000+00:00,2026-09-29T03:46:25.784000+00:00,Communication and follow-up,1.8870355934644711,event,Activity classified by event type and edit destination; original commands omitted.,msg_0efef1dac8297075016abb348fe3f087d2a0773ea00a95d02c
Backend,01a0eb45-46e5-7e12-ad31-2a5098d40478,2026-09-29T03:46:25.784000+00:00,2026-09-29T03:46:29.652000+00:00,Analysis,3.868073307211045,gap assigned to next activity,Activity classified by event type and edit destination; original commands omitted.,exec-d58f93a7-174f-4958-9fe4-430f3de27072
Backend,01a0eb45-46e5-7e12-ad31-2a5098d40478,2026-09-29T03:46:29.652000+00:00,2026-09-29T03:46:29.892000+00:00,Analysis,0.24000455617764083,event,Activity classified by event type and edit destination; original commands omitted.,exec-d58f93a7-174f-4958-9fe4-430f3de27072
Backend,01a0eb45-46e5-7e12-ad31-2a5098d40478,2026-09-29T03:46:29.892000+00:00,2026-09-29T03:46:31.657000+00:00,Analysis,1.7650335416597682,gap assigned to next activity,Activity classified by event type and edit destination; original commands omitted.,rs_0efef1dac8297075016abb3497a45887d29804dfe8c3033f51
Backend,01a0eb45-46e5-7e12-ad31-2a5098d40478,2026-09-29T03:46:31.657000+00:00,2026-09-29T03:46:35.198000+00:00,Analysis,3.5410669712665954,event,Activity classified by event type and edit destination; original commands omitted.,rs_0efef1dac8297075016abb3497a45887d29804dfe8c3033f51
Backend,01a0eb45-46e5-7e12-ad31-2a5098d40478,2026-09-29T03:46:35.198000+00:00,2026-09-29T03:46:37.700000+00:00,Analysis,2.5020474921913283,gap assigned to next activity,Activity classified by event type and edit destination; original commands omitted.,exec-84b36d5e-b32f-4f61-b6e5-e009f8d2414c
Backend,01a0eb45-46e5-7e12-ad31-2a5098d40478,2026-09-29T03:46:37.700000+00:00,2026-09-29T03:46:37.947000+00:00,Analysis,0.2470046582698388,event,Activity classified by event type and edit destination; original commands omitted.,exec-84b36d5e-b32f-4f61-b6e5-e009f8d2414c
Backend,01a0eb45-46e5-7e12-ad31-2a5098d40478,2026-09-29T03:46:37.947000+00:00,2026-09-29T03:46:49.035000+00:00,Analysis,11.088210113930053,gap assigned to next activity,Activity classified by event type and edit destination; original commands omitted.,rs_0efef1dac8297075016abb34a9072087d2852d27be3beb35c5
Backend,01a0eb45-46e5-7e12-ad31-2a5098d40478,2026-09-29T03:46:49.035000+00:00,2026-09-29T03:47:03.297000+00:00,Analysis,14.26227002962644,event,Activity classified by event type and edit destination; original commands omitted.,rs_0efef1dac8297075016abb34a9072087d2852d27be3beb35c5
Backend,01a0eb45-46e5-7e12-ad31-2a5098d40478,2026-09-29T03:47:03.297000+00:00,2026-09-29T03:47:05.866000+00:00,Analysis,2.5690486737221625,gap assigned to next activity,Activity classified by event type and edit destination; original commands omitted.,exec-0ded2d23-65e8-4566-9aa3-6079f832822a
Backend,01a0eb45-46e5-7e12-ad31-2a5098d40478,2026-09-29T03:47:05.866000+00:00,2026-09-29T03:47:06.096000+00:00,Analysis,0.23000437627120143,event,Activity classified by event type and edit destination; original commands omitted.,exec-0ded2d23-65e8-4566-9aa3-6079f832822a
Backend,01a0eb45-46e5-7e12-ad31-2a5098d40478,2026-09-29T03:47:06.096000+00:00,2026-09-29T03:47:08.248000+00:00,Analysis,2.1520407186197583,gap assigned to next activity,Activity classified by event type and edit destination; original commands omitted.,rs_0efef1dac8297075016abb34bc3df887d2ab024e5edc4868c9
Backend,01a0eb45-46e5-7e12-ad31-2a5098d40478,2026-09-29T03:47:08.248000+00:00,2026-09-29T03:47:19.802000+00:00,Analysis,11.554219022100938,event,Activity classified by event type and edit destination; original commands omitted.,rs_0efef1dac8297075016abb34bc3df887d2ab024e5edc4868c9
Backend,01a0eb45-46e5-7e12-ad31-2a5098d40478,2026-09-29T03:47:19.802000+00:00,2026-09-29T03:47:27.103000+00:00,Analysis,7.301138192434237,gap assigned to next activity,Activity classified by event type and edit destination; original commands omitted.,exec-5a8e25ac-417f-4c90-a587-80b5a307b048
Backend,01a0eb45-46e5-7e12-ad31-2a5098d40478,2026-09-29T03:47:27.103000+00:00,2026-09-29T03:47:27.372000+00:00,Analysis,0.2690051494332437,event,Activity classified by event type and edit destination; original commands omitted.,exec-5a8e25ac-417f-4c90-a587-80b5a307b048
Backend,01a0eb45-46e5-7e12-ad31-2a5098d40478,2026-09-29T03:47:27.372000+00:00,2026-09-29T03:47:31.341000+00:00,Analysis,3.9690752911622496,gap assigned to next activity,Activity classified by event type and edit destination; original commands omitted.,rs_0efef1dac8297075016abb34d3550487d2ad3a40db39ba0d58
Backend,01a0eb45-46e5-7e12-ad31-2a5098d40478,2026-09-29T03:47:31.341000+00:00,2026-09-29T03:47:32.448000+00:00,Analysis,1.1070208454929125,event,Activity classified by event type and edit destination; original commands omitted.,rs_0efef1dac8297075016abb34d3550487d2ad3a40db39ba0d58
Backend,01a0eb45-46e5-7e12-ad31-2a5098d40478,2026-09-29T03:47:32.448000+00:00,2026-09-29T03:47:35.695000+00:00,Analysis,3.247061491278801,gap assigned to next activity,Activity classified by event type and edit destination; original commands omitted.,exec-9decf599-d40e-4371-a73d-751efe6e1d7b
Backend,01a0eb45-46e5-7e12-ad31-2a5098d40478,2026-09-29T03:47:35.695000+00:00,2026-09-29T03:47:36.002000+00:00,Analysis,0.3070059761315708,event,Activity classified by event type and edit destination; original commands omitted.,exec-9decf599-d40e-4371-a73d-751efe6e1d7b
Backend,01a0eb45-46e5-7e12-ad31-2a5098d40478,2026-09-29T03:47:36.002000+00:00,2026-09-29T03:47:38.003000+00:00,Analysis,2.0010378351363567,gap assigned to next activity,Activity classified by event type and edit destination; original commands omitted.,rs_0efef1dac8297075016abb34d9fe8487d2815b7bbd063455db
Backend,01a0eb45-46e5-7e12-ad31-2a5098d40478,2026-09-29T03:47:38.003000+00:00,2026-09-29T03:47:43.891000+00:00,Analysis,5.8881115556965655,event,Activity classified by event type and edit destination; original commands omitted.,rs_0efef1dac8297075016abb34d9fe8487d2815b7bbd063455db
Backend,01a0eb45-46e5-7e12-ad31-2a5098d40478,2026-09-29T03:47:43.891000+00:00,2026-09-29T03:47:47.956000+00:00,Communication and follow-up,4.065077065948687,gap assigned to next activity,Activity classified by event type and edit destination; original commands omitted.,call_JBGdF5a58kTQCZdXdjR3Po6r
Backend,01a0eb45-46e5-7e12-ad31-2a5098d40478,2026-09-29T03:47:47.956000+00:00,2026-09-29T03:47:50.155000+00:00,Analysis,2.199041540337714,gap assigned to next activity,Activity classified by event type and edit destination; original commands omitted.,rs_0efef1dac8297075016abb34e6257487d2af452d5bbb478bc0
Backend,01a0eb45-46e5-7e12-ad31-2a5098d40478,2026-09-29T03:47:50.155000+00:00,2026-09-29T03:48:00.631000+00:00,Analysis,10.476198531440533,event,Activity classified by event type and edit destination; original commands omitted.,rs_0efef1dac8297075016abb34e6257487d2af452d5bbb478bc0
Backend,01a0eb45-46e5-7e12-ad31-2a5098d40478,2026-09-29T03:48:00.631000+00:00,2026-09-29T03:48:04.141000+00:00,Analysis,3.510066485083562,gap assigned to next activity,Activity classified by event type and edit destination; original commands omitted.,exec-4762ced6-8fbd-4fdf-ab97-4a5e62f4c16f
Backend,01a0eb45-46e5-7e12-ad31-2a5098d40478,2026-09-29T03:48:04.141000+00:00,2026-09-29T03:48:04.418000+00:00,Analysis,0.2770051979891569,event,Activity classified by event type and edit destination; original commands omitted.,exec-4762ced6-8fbd-4fdf-ab97-4a5e62f4c16f
Backend,01a0eb45-46e5-7e12-ad31-2a5098d40478,2026-09-29T03:48:04.418000+00:00,2026-09-29T03:48:08.201000+00:00,Analysis,3.7830716587947624,gap assigned to next activity,Activity classified by event type and edit destination; original commands omitted.,rs_0efef1dac8297075016abb34f830cc87d287fe9fe197042099
Backend,01a0eb45-46e5-7e12-ad31-2a5098d40478,2026-09-29T03:48:08.201000+00:00,2026-09-29T03:48:28.347000+00:00,Analysis,20.14638156104505,event,Activity classified by event type and edit destination; original commands omitted.,rs_0efef1dac8297075016abb34f830cc87d287fe9fe197042099
Backend,01a0eb45-46e5-7e12-ad31-2a5098d40478,2026-09-29T03:48:28.347000+00:00,2026-09-29T03:48:31.406000+00:00,Analysis,3.0590579659838832,gap assigned to next activity,Activity classified by event type and edit destination; original commands omitted.,rs_0efef1dac8297075016abb350f64dc87d2847efdc7390d1afc
Backend,01a0eb45-46e5-7e12-ad31-2a5098d40478,2026-09-29T03:48:31.406000+00:00,2026-09-29T03:48:32.773000+00:00,Analysis,1.367025999906528,event,Activity classified by event type and edit destination; original commands omitted.,rs_0efef1dac8297075016abb350f64dc87d2847efdc7390d1afc
Backend,01a0eb45-46e5-7e12-ad31-2a5098d40478,2026-09-29T03:48:32.773000+00:00,2026-09-29T03:50:19.357000+00:00,Testing and verification,106.58601927377073,gap assigned to next activity,Activity classified by event type and edit destination; original commands omitted.,exec-83e361d9-e08b-4f36-af66-7d09108c6ffd
Backend,01a0eb45-46e5-7e12-ad31-2a5098d40478,2026-09-29T03:50:19.357000+00:00,2026-09-29T03:50:19.664000+00:00,Testing and verification,0.30700573770847506,event,Activity classified by event type and edit destination; original commands omitted.,exec-83e361d9-e08b-4f36-af66-7d09108c6ffd
Backend,01a0eb45-46e5-7e12-ad31-2a5098d40478,2026-09-29T03:50:19.664000+00:00,2026-09-29T03:50:22.943000+00:00,Analysis,3.2790621623486453,gap assigned to next activity,Activity classified by event type and edit destination; original commands omitted.,rs_0efef1dac8297075016abb357eee4487d2b81e52b3f3803984
Backend,01a0eb45-46e5-7e12-ad31-2a5098d40478,2026-09-29T03:50:22.943000+00:00,2026-09-29T03:50:23.906000+00:00,Analysis,0.9630180641017089,event,Activity classified by event type and edit destination; original commands omitted.,rs_0efef1dac8297075016abb357eee4487d2b81e52b3f3803984
Backend,01a0eb45-46e5-7e12-ad31-2a5098d40478,2026-09-29T03:50:23.906000+00:00,2026-09-29T03:50:27.333000+00:00,Analysis,3.4270649680178056,gap assigned to next activity,Activity classified by event type and edit destination; original commands omitted.,exec-ca20173f-2f98-48fc-a009-70962dc3cdd4
Backend,01a0eb45-46e5-7e12-ad31-2a5098d40478,2026-09-29T03:50:27.333000+00:00,2026-09-29T03:50:27.563000+00:00,Analysis,0.23000437627120143,event,Activity classified by event type and edit destination; original commands omitted.,exec-ca20173f-2f98-48fc-a009-70962dc3cdd4
Backend,01a0eb45-46e5-7e12-ad31-2a5098d40478,2026-09-29T03:50:27.563000+00:00,2026-09-29T03:50:31.374000+00:00,Analysis,3.81107230558665,gap assigned to next activity,Activity classified by event type and edit destination; original commands omitted.,rs_0efef1dac8297075016abb35875c0c87d2a40f66ba601e9335
Backend,01a0eb45-46e5-7e12-ad31-2a5098d40478,2026-09-29T03:50:31.374000+00:00,2026-09-29T03:50:49.553000+00:00,Analysis,18.179344289905966,event,Activity classified by event type and edit destination; original commands omitted.,rs_0efef1dac8297075016abb35875c0c87d2a40f66ba601e9335
Backend,01a0eb45-46e5-7e12-ad31-2a5098d40478,2026-09-29T03:50:49.553000+00:00,2026-09-29T03:52:11.798000+00:00,Testing and verification,82.24655820092072,gap assigned to next activity,Activity classified by event type and edit destination; original commands omitted.,exec-967eedf5-be02-48f5-a32a-1b4ebaa21171
Backend,01a0eb45-46e5-7e12-ad31-2a5098d40478,2026-09-29T03:52:11.798000+00:00,2026-09-29T03:52:15.545000+00:00,Testing and verification,3.7470709634469617,event,Activity classified by event type and edit destination; original commands omitted.,exec-967eedf5-be02-48f5-a32a-1b4ebaa21171
Backend,01a0eb45-46e5-7e12-ad31-2a5098d40478,2026-09-29T03:52:15.545000+00:00,2026-09-29T03:52:16.283000+00:00,Analysis,0.738013896995275,event,Activity classified by event type and edit destination; original commands omitted.,rs_0efef1dac8297075016abb35ef86bc87d2ab5264139fc75112
Backend,01a0eb45-46e5-7e12-ad31-2a5098d40478,2026-09-29T03:52:16.283000+00:00,2026-09-29T03:52:16.849000+00:00,Analysis,0.5660107072352795,event,Activity classified by event type and edit destination; original commands omitted.,rs_0efef1dac8297075016abb35ef86bc87d2ab5264139fc75112
Backend,01a0eb45-46e5-7e12-ad31-2a5098d40478,2026-09-29T03:52:16.849000+00:00,2026-09-29T03:52:22.089000+00:00,Analysis,5.240099277859245,gap assigned to next activity,Activity classified by event type and edit destination; original commands omitted.,rs_0efef1dac8297075016abb35f6136c87d2b201983bfd6e64c7
Backend,01a0eb45-46e5-7e12-ad31-2a5098d40478,2026-09-29T03:52:22.089000+00:00,2026-09-29T03:52:23.241000+00:00,Analysis,1.1520217742834375,event,Activity classified by event type and edit destination; original commands omitted.,rs_0efef1dac8297075016abb35f6136c87d2b201983bfd6e64c7
Backend,01a0eb45-46e5-7e12-ad31-2a5098d40478,2026-09-29T03:52:23.241000+00:00,2026-09-29T03:52:26.905000+00:00,Analysis,3.664069446381205,gap assigned to next activity,Activity classified by event type and edit destination; original commands omitted.,exec-7ddeb08b-586e-466b-a6ac-3daacbd9871f
Backend,01a0eb45-46e5-7e12-ad31-2a5098d40478,2026-09-29T03:52:26.905000+00:00,2026-09-29T03:52:27.150000+00:00,Analysis,0.2450047653424084,event,Activity classified by event type and edit destination; original commands omitted.,exec-7ddeb08b-586e-466b-a6ac-3daacbd9871f
Backend,01a0eb45-46e5-7e12-ad31-2a5098d40478,2026-09-29T03:52:27.150000+00:00,2026-09-29T03:52:29.143000+00:00,Analysis,1.9930375481573477,gap assigned to next activity,Activity classified by event type and edit destination; original commands omitted.,rs_0efef1dac8297075016abb35fd20e887d28f9c92e8cc1e3abd
Backend,01a0eb45-46e5-7e12-ad31-2a5098d40478,2026-09-29T03:52:29.143000+00:00,2026-09-29T03:52:31.366000+00:00,Analysis,2.223042162851645,event,Activity classified by event type and edit destination; original commands omitted.,rs_0efef1dac8297075016abb35fd20e887d28f9c92e8cc1e3abd
Backend,01a0eb45-46e5-7e12-ad31-2a5098d40478,2026-09-29T03:52:31.366000+00:00,2026-09-29T03:52:51.485000+00:00,Documentation,20.11938109913997,gap assigned to next activity,Activity classified by event type and edit destination; original commands omitted.,exec-605e5df5-711e-40ca-bae1-c139238348dc
Backend,01a0eb45-46e5-7e12-ad31-2a5098d40478,2026-09-29T03:52:51.485000+00:00,2026-09-29T03:52:51.778000+00:00,Documentation,0.29300577194717486,event,Activity classified by event type and edit destination; original commands omitted.,exec-605e5df5-711e-40ca-bae1-c139238348dc
Backend,01a0eb45-46e5-7e12-ad31-2a5098d40478,2026-09-29T03:52:51.778000+00:00,2026-09-29T03:53:02.831000+00:00,Testing and verification,11.053209365045968,gap assigned to next activity,Activity classified by event type and edit destination; original commands omitted.,exec-a3384715-e9e5-4ef3-89e9-dfada2339583
Backend,01a0eb45-46e5-7e12-ad31-2a5098d40478,2026-09-29T03:53:02.831000+00:00,2026-09-29T03:53:05.565000+00:00,Testing and verification,2.73405176138996,event,Activity classified by event type and edit destination; original commands omitted.,exec-a3384715-e9e5-4ef3-89e9-dfada2339583
Backend,01a0eb45-46e5-7e12-ad31-2a5098d40478,2026-09-29T03:53:05.565000+00:00,2026-09-29T03:53:08.572000+00:00,Communication and follow-up,3.0070569351011605,gap assigned to next activity,Activity classified by event type and edit destination; original commands omitted.,call_MrAo84myMtkg6GSluMGxEj4B
Backend,01a0eb45-46e5-7e12-ad31-2a5098d40478,2026-09-29T03:53:08.572000+00:00,2026-09-29T03:53:12.604000+00:00,Analysis,4.032076448415127,gap assigned to next activity,Activity classified by event type and edit destination; original commands omitted.,rs_0efef1dac8297075016abb3628972487d2bccaca8bb510829e
Backend,01a0eb45-46e5-7e12-ad31-2a5098d40478,2026-09-29T03:53:12.604000+00:00,2026-09-29T03:53:26.325000+00:00,Analysis,13.721259891368808,event,Activity classified by event type and edit destination; original commands omitted.,rs_0efef1dac8297075016abb3628972487d2bccaca8bb510829e
Backend,01a0eb45-46e5-7e12-ad31-2a5098d40478,2026-09-29T03:53:26.325000+00:00,2026-09-29T03:53:26.330000+00:00,Communication and follow-up,0.004999970741671796,gap assigned to next activity,Activity classified by event type and edit destination; original commands omitted.,msg_0efef1dac8297075016abb3636502487d2b1b8a675aa6ddcdf
Backend,01a0eb45-46e5-7e12-ad31-2a5098d40478,2026-09-29T03:53:26.330000+00:00,2026-09-29T03:53:28.341000+00:00,Communication and follow-up,2.011038253465892,event,Activity classified by event type and edit destination; original commands omitted.,msg_0efef1dac8297075016abb3636502487d2b1b8a675aa6ddcdf
Backend,01a0eb45-46e5-7e12-ad31-2a5098d40478,2026-09-29T03:53:28.341000+00:00,2026-09-29T03:53:31.475000+00:00,Analysis,3.134059196070631,gap assigned to next activity,Activity classified by event type and edit destination; original commands omitted.,exec-c541c40c-750c-44ae-ac09-22bc5c130239
Backend,01a0eb45-46e5-7e12-ad31-2a5098d40478,2026-09-29T03:53:31.475000+00:00,2026-09-29T03:53:31.726000+00:00,Analysis,0.25100492097089117,event,Activity classified by event type and edit destination; original commands omitted.,exec-c541c40c-750c-44ae-ac09-22bc5c130239
Backend,01a0eb45-46e5-7e12-ad31-2a5098d40478,2026-09-29T03:53:31.726000+00:00,2026-09-29T03:53:39.106000+00:00,Analysis,7.380139685222037,gap assigned to next activity,Activity classified by event type and edit destination; original commands omitted.,rs_0efef1dac8297075016abb364314c887d293bf40657309e27a
Backend,01a0eb45-46e5-7e12-ad31-2a5098d40478,2026-09-29T03:53:39.106000+00:00,2026-09-29T03:53:56.110000+00:00,Analysis,17.00432207799541,event,Activity classified by event type and edit destination; original commands omitted.,rs_0efef1dac8297075016abb364314c887d293bf40657309e27a
Backend,01a0eb45-46e5-7e12-ad31-2a5098d40478,2026-09-29T03:53:56.110000+00:00,2026-09-29T03:53:56.116000+00:00,Analysis,0.006000155628482782,gap assigned to next activity,Activity classified by event type and edit destination; original commands omitted.,rs_0efef1dac8297075016abb3654188087d2affb2bea42b93a94
Backend,01a0eb45-46e5-7e12-ad31-2a5098d40478,2026-09-29T03:53:56.116000+00:00,2026-09-29T03:54:02.034000+00:00,Analysis,5.918112095415883,event,Activity classified by event type and edit destination; original commands omitted.,rs_0efef1dac8297075016abb3654188087d2affb2bea42b93a94
Backend,01a0eb45-46e5-7e12-ad31-2a5098d40478,2026-09-29T03:54:02.034000+00:00,2026-09-29T03:54:04+00:00,Analysis,1.9660373246753668,gap assigned to next activity,Activity classified by event type and edit destination; original commands omitted.,exec-c427e836-2f13-4e10-aa55-b9db83847a1b
Backend,01a0eb45-46e5-7e12-ad31-2a5098d40478,2026-09-29T03:54:04+00:00,2026-09-29T03:54:04.269000+00:00,Analysis,0.2690051494332437,event,Activity classified by event type and edit destination; original commands omitted.,exec-c427e836-2f13-4e10-aa55-b9db83847a1b
Backend,01a0eb45-46e5-7e12-ad31-2a5098d40478,2026-09-29T03:54:04.269000+00:00,2026-09-29T03:54:06.444000+00:00,Analysis,2.1750411562468783,gap assigned to next activity,Activity classified by event type and edit destination; original commands omitted.,rs_0efef1dac8297075016abb365e6e3887d2958322e53b1b88c5
Backend,01a0eb45-46e5-7e12-ad31-2a5098d40478,2026-09-29T03:54:06.444000+00:00,2026-09-29T03:54:16.829000+00:00,Analysis,10.385196727395767,event,Activity classified by event type and edit destination; original commands omitted.,rs_0efef1dac8297075016abb365e6e3887d2958322e53b1b88c5
Backend,01a0eb45-46e5-7e12-ad31-2a5098d40478,2026-09-29T03:54:16.829000+00:00,2026-09-29T03:54:19.983000+00:00,Analysis,3.1540597943066055,gap assigned to next activity,Activity classified by event type and edit destination; original commands omitted.,exec-ae80c654-d1fa-4178-b659-8abb492bb027
Backend,01a0eb45-46e5-7e12-ad31-2a5098d40478,2026-09-29T03:54:19.983000+00:00,2026-09-29T03:54:20.228000+00:00,Analysis,0.24500452691931263,event,Activity classified by event type and edit destination; original commands omitted.,exec-ae80c654-d1fa-4178-b659-8abb492bb027
Backend,01a0eb45-46e5-7e12-ad31-2a5098d40478,2026-09-29T03:54:20.228000+00:00,2026-09-29T03:54:23.262000+00:00,Analysis,3.034057635429333,gap assigned to next activity,Activity classified by event type and edit destination; original commands omitted.,rs_0efef1dac8297075016abb366f3f3087d2bbe532ca5166c9d0
Backend,01a0eb45-46e5-7e12-ad31-2a5098d40478,2026-09-29T03:54:23.262000+00:00,2026-09-29T03:54:42.425000+00:00,Analysis,19.163362898707366,event,Activity classified by event type and edit destination; original commands omitted.,rs_0efef1dac8297075016abb366f3f3087d2bbe532ca5166c9d0
Backend,01a0eb45-46e5-7e12-ad31-2a5098d40478,2026-09-29T03:54:42.425000+00:00,2026-09-29T03:56:18.526000+00:00,Testing and verification,96.102820640238,gap assigned to next activity,Activity classified by event type and edit destination; original commands omitted.,exec-e28c78ea-8628-40ee-8d42-a41e847da174
Backend,01a0eb45-46e5-7e12-ad31-2a5098d40478,2026-09-29T03:56:18.526000+00:00,2026-09-29T03:56:18.769000+00:00,Testing and verification,0.2430046339918822,event,Activity classified by event type and edit destination; original commands omitted.,exec-e28c78ea-8628-40ee-8d42-a41e847da174
Backend,01a0eb45-46e5-7e12-ad31-2a5098d40478,2026-09-29T03:56:18.769000+00:00,2026-09-29T03:56:18.773000+00:00,Context compaction,0.004000024277956594,gap assigned to next activity,Activity classified by event type and edit destination; original commands omitted.,01a0eb4e-65d5-7c01-80a1-2ef8cfa99dda
Backend,01a0eb45-46e5-7e12-ad31-2a5098d40478,2026-09-29T03:56:18.773000+00:00,2026-09-29T03:58:16.489000+00:00,Context compaction,117.7182301316045,event,Activity classified by event type and edit destination; original commands omitted.,01a0eb4e-65d5-7c01-80a1-2ef8cfa99dda
Backend,01a0eb45-46e5-7e12-ad31-2a5098d40478,2026-09-29T03:58:16.489000+00:00,2026-09-29T03:58:21.676000+00:00,Analysis,5.187098300512806,gap assigned to next activity,Activity classified by event type and edit destination; original commands omitted.,exec-be032195-d6cd-4448-9ab1-85154cac2582
Backend,01a0eb45-46e5-7e12-ad31-2a5098d40478,2026-09-29T03:58:21.676000+00:00,2026-09-29T03:58:21.950000+00:00,Analysis,0.2740051201749155,event,Activity classified by event type and edit destination; original commands omitted.,exec-be032195-d6cd-4448-9ab1-85154cac2582
Backend,01a0eb45-46e5-7e12-ad31-2a5098d40478,2026-09-29T03:58:21.950000+00:00,2026-09-29T03:58:30.184000+00:00,Communication and follow-up,8.234155955239725,gap assigned to next activity,Activity classified by event type and edit destination; original commands omitted.,call_wvLD5NKdzAxC14TyhBEbj4JR
Backend,01a0eb45-46e5-7e12-ad31-2a5098d40478,2026-09-29T03:58:30.184000+00:00,2026-09-29T03:58:34.386000+00:00,Communication and follow-up,4.202079506824597,gap assigned to next activity,Activity classified by event type and edit destination; original commands omitted.,msg_0efef1dac8297075016abb376a67ac87d29de3ae5d716dc1d2
Backend,01a0eb45-46e5-7e12-ad31-2a5098d40478,2026-09-29T03:58:34.386000+00:00,2026-09-29T03:58:36.773000+00:00,Communication and follow-up,2.3870453040557273,event,Activity classified by event type and edit destination; original commands omitted.,msg_0efef1dac8297075016abb376a67ac87d29de3ae5d716dc1d2
Backend,01a0eb45-46e5-7e12-ad31-2a5098d40478,2026-09-29T03:58:36.773000+00:00,2026-09-29T03:58:44.148000+00:00,Analysis,7.375139714480365,gap assigned to next activity,Activity classified by event type and edit destination; original commands omitted.,exec-fd37fc62-b6bb-409c-a1d0-5877cebe7c56
Backend,01a0eb45-46e5-7e12-ad31-2a5098d40478,2026-09-29T03:58:44.148000+00:00,2026-09-29T03:58:44.155000+00:00,Analysis,0.007000102092197985,event,Activity classified by event type and edit destination; original commands omitted.,exec-fd37fc62-b6bb-409c-a1d0-5877cebe7c56
Backend,01a0eb45-46e5-7e12-ad31-2a5098d40478,2026-09-29T03:58:44.155000+00:00,2026-09-29T03:58:44.163000+00:00,Analysis,0.008000286979008972,event,Activity classified by event type and edit destination; original commands omitted.,exec-fd37fc62-b6bb-409c-a1d0-5877cebe7c56
Backend,01a0eb45-46e5-7e12-ad31-2a5098d40478,2026-09-29T03:58:44.163000+00:00,2026-09-29T03:58:44.440000+00:00,Analysis,0.2770051979891569,event,Activity classified by event type and edit destination; original commands omitted.,exec-3c699d55-50c6-4fe1-bcfe-36506b672203
Backend,01a0eb45-46e5-7e12-ad31-2a5098d40478,2026-09-29T03:58:44.440000+00:00,2026-09-29T03:58:44.455000+00:00,Analysis,0.015000150648111173,event,Activity classified by event type and edit destination; original commands omitted.,exec-3c699d55-50c6-4fe1-bcfe-36506b672203
Backend,01a0eb45-46e5-7e12-ad31-2a5098d40478,2026-09-29T03:58:44.455000+00:00,2026-09-29T03:58:48.405000+00:00,Testing and verification,3.950074877813086,event,Activity classified by event type and edit destination; original commands omitted.,exec-79d16f87-0897-4bf4-8012-ffdca6398472
Backend,01a0eb45-46e5-7e12-ad31-2a5098d40478,2026-09-29T03:58:48.405000+00:00,2026-09-29T03:58:48.495000+00:00,Analysis,0.09000161915795439,gap assigned to next activity,Activity classified by event type and edit destination; original commands omitted.,rs_0efef1dac8297075016abb377882f087d2a6a0849471d4dbcf
Backend,01a0eb45-46e5-7e12-ad31-2a5098d40478,2026-09-29T03:58:48.495000+00:00,2026-09-29T03:58:50.091000+00:00,Analysis,1.5960304297140142,event,Activity classified by event type and edit destination; original commands omitted.,rs_0efef1dac8297075016abb377882f087d2a6a0849471d4dbcf
Backend,01a0eb45-46e5-7e12-ad31-2a5098d40478,2026-09-29T03:58:50.091000+00:00,2026-09-29T03:58:55.902000+00:00,Analysis,5.811109955836196,gap assigned to next activity,Activity classified by event type and edit destination; original commands omitted.,exec-e091e525-e259-4203-9d2d-352d74d0bb43
Backend,01a0eb45-46e5-7e12-ad31-2a5098d40478,2026-09-29T03:58:55.902000+00:00,2026-09-29T03:58:56.139000+00:00,Analysis,0.2370044783633994,event,Activity classified by event type and edit destination; original commands omitted.,exec-e091e525-e259-4203-9d2d-352d74d0bb43
Backend,01a0eb45-46e5-7e12-ad31-2a5098d40478,2026-09-29T03:58:56.139000+00:00,2026-09-29T03:58:57.623000+00:00,Analysis,1.484028080969559,gap assigned to next activity,Activity classified by event type and edit destination; original commands omitted.,rs_0efef1dac8297075016abb3781a40c87d2bff751ee2a0f992f
Backend,01a0eb45-46e5-7e12-ad31-2a5098d40478,2026-09-29T03:58:57.623000+00:00,2026-09-29T03:58:59.153000+00:00,Analysis,1.5300291946468951,event,Activity classified by event type and edit destination; original commands omitted.,rs_0efef1dac8297075016abb3781a40c87d2bff751ee2a0f992f
Backend,01a0eb45-46e5-7e12-ad31-2a5098d40478,2026-09-29T03:58:59.153000+00:00,2026-09-29T03:59:10.202000+00:00,Analysis,11.049209102344914,gap assigned to next activity,Activity classified by event type and edit destination; original commands omitted.,exec-6722678a-a725-4901-a94d-a72bd1c5e5ed
Backend,01a0eb45-46e5-7e12-ad31-2a5098d40478,2026-09-29T03:59:10.202000+00:00,2026-09-29T03:59:10.446000+00:00,Analysis,0.24400481887869319,event,Activity classified by event type and edit destination; original commands omitted.,exec-6722678a-a725-4901-a94d-a72bd1c5e5ed
Backend,01a0eb45-46e5-7e12-ad31-2a5098d40478,2026-09-29T03:59:10.446000+00:00,2026-09-29T03:59:16.830000+00:00,Testing and verification,6.384120765163673,gap assigned to next activity,Activity classified by event type and edit destination; original commands omitted.,exec-ccae680f-ff13-4b56-b93f-e9d4f0714c7e
Backend,01a0eb45-46e5-7e12-ad31-2a5098d40478,2026-09-29T03:59:16.830000+00:00,2026-09-29T03:59:19.218000+00:00,Testing and verification,2.3880452505194425,event,Activity classified by event type and edit destination; original commands omitted.,exec-ccae680f-ff13-4b56-b93f-e9d4f0714c7e
Backend,01a0eb45-46e5-7e12-ad31-2a5098d40478,2026-09-29T03:59:19.218000+00:00,2026-09-29T03:59:20.188000+00:00,Analysis,0.9700184046170026,event,Activity classified by event type and edit destination; original commands omitted.,rs_0efef1dac8297075016abb37973ce087d2b7f3e1b89c3ec578
Backend,01a0eb45-46e5-7e12-ad31-2a5098d40478,2026-09-29T03:59:20.188000+00:00,2026-09-29T03:59:20.467000+00:00,Analysis,0.27900532933968314,event,Activity classified by event type and edit destination; original commands omitted.,rs_0efef1dac8297075016abb37973ce087d2b7f3e1b89c3ec578
Backend,01a0eb45-46e5-7e12-ad31-2a5098d40478,2026-09-29T03:59:20.467000+00:00,2026-09-29T03:59:27.834000+00:00,Analysis,7.367139665924452,gap assigned to next activity,Activity classified by event type and edit destination; original commands omitted.,exec-aaf4c36b-54dc-474d-a3c2-242ddec7f1ad
Backend,01a0eb45-46e5-7e12-ad31-2a5098d40478,2026-09-29T03:59:27.834000+00:00,2026-09-29T03:59:28.087000+00:00,Analysis,0.2530045754752258,event,Activity classified by event type and edit destination; original commands omitted.,exec-aaf4c36b-54dc-474d-a3c2-242ddec7f1ad
Backend,01a0eb45-46e5-7e12-ad31-2a5098d40478,2026-09-29T03:59:28.087000+00:00,2026-09-29T03:59:28.249000+00:00,Testing and verification,0.162003248276652,gap assigned to next activity,Activity classified by event type and edit destination; original commands omitted.,exec-c8b8d910-c273-4d63-b2f5-19930df03d31
Backend,01a0eb45-46e5-7e12-ad31-2a5098d40478,2026-09-29T03:59:28.249000+00:00,2026-09-29T03:59:31.033000+00:00,Testing and verification,2.784052660922157,event,Activity classified by event type and edit destination; original commands omitted.,exec-c8b8d910-c273-4d63-b2f5-19930df03d31
Backend,01a0eb45-46e5-7e12-ad31-2a5098d40478,2026-09-29T03:59:31.033000+00:00,2026-09-29T03:59:32.848000+00:00,Analysis,1.8150344411919652,gap assigned to next activity,Activity classified by event type and edit destination; original commands omitted.,rs_0efef1dac8297075016abb37a4de3087d2a57514ea5667ca98
Backend,01a0eb45-46e5-7e12-ad31-2a5098d40478,2026-09-29T03:59:32.848000+00:00,2026-09-29T03:59:36.001000+00:00,Analysis,3.1530596094197945,event,Activity classified by event type and edit destination; original commands omitted.,rs_0efef1dac8297075016abb37a4de3087d2a57514ea5667ca98
Backend,01a0eb45-46e5-7e12-ad31-2a5098d40478,2026-09-29T03:59:36.001000+00:00,2026-09-29T03:59:39.976000+00:00,Analysis,3.9750754467907323,gap assigned to next activity,Activity classified by event type and edit destination; original commands omitted.,rs_0efef1dac8297075016abb37abff0087d29d396aeba9e84428
Backend,01a0eb45-46e5-7e12-ad31-2a5098d40478,2026-09-29T03:59:39.976000+00:00,2026-09-29T03:59:40.960000+00:00,Analysis,0.9840186088013986,event,Activity classified by event type and edit destination; original commands omitted.,rs_0efef1dac8297075016abb37abff0087d29d396aeba9e84428
Backend,01a0eb45-46e5-7e12-ad31-2a5098d40478,2026-09-29T03:59:40.960000+00:00,2026-09-29T03:59:43.699000+00:00,Communication and follow-up,2.7390517321316317,gap assigned to next activity,Activity classified by event type and edit destination; original commands omitted.,call_A9uiFFL7pRRdJbMdLpah76zy
Backend,01a0eb45-46e5-7e12-ad31-2a5098d40478,2026-09-29T03:59:43.699000+00:00,2026-09-29T04:00:30.331000+00:00,Testing and verification,46.63288362019625,gap assigned to next activity,Activity classified by event type and edit destination; original commands omitted.,exec-a91fc76b-8196-4bfa-9083-2241ce62a912
Backend,01a0eb45-46e5-7e12-ad31-2a5098d40478,2026-09-29T04:00:30.331000+00:00,2026-09-29T04:00:30.592000+00:00,Testing and verification,0.26100486245423477,event,Activity classified by event type and edit destination; original commands omitted.,exec-a91fc76b-8196-4bfa-9083-2241ce62a912
Backend,01a0eb45-46e5-7e12-ad31-2a5098d40478,2026-09-29T04:00:30.592000+00:00,2026-09-29T04:00:34.336000+00:00,Analysis,3.7440708856327203,gap assigned to next activity,Activity classified by event type and edit destination; original commands omitted.,rs_0efef1dac8297075016abb37e25a9487d2bc42321cde265f89
Backend,01a0eb45-46e5-7e12-ad31-2a5098d40478,2026-09-29T04:00:34.336000+00:00,2026-09-29T04:00:39.656000+00:00,Analysis,5.320100717110759,event,Activity classified by event type and edit destination; original commands omitted.,rs_0efef1dac8297075016abb37e25a9487d2bc42321cde265f89
Backend,01a0eb45-46e5-7e12-ad31-2a5098d40478,2026-09-29T04:00:39.656000+00:00,2026-09-29T04:00:43.795000+00:00,Analysis,4.139078587994815,gap assigned to next activity,Activity classified by event type and edit destination; original commands omitted.,exec-4224de32-ce41-42d2-96b9-ec2fbf8638e2
Backend,01a0eb45-46e5-7e12-ad31-2a5098d40478,2026-09-29T04:00:43.795000+00:00,2026-09-29T04:00:44.043000+00:00,Analysis,0.248004604733554,event,Activity classified by event type and edit destination; original commands omitted.,exec-4224de32-ce41-42d2-96b9-ec2fbf8638e2
Backend,01a0eb45-46e5-7e12-ad31-2a5098d40478,2026-09-29T04:00:44.043000+00:00,2026-09-29T04:00:45.784000+00:00,Analysis,1.7410329191458371,gap assigned to next activity,Activity classified by event type and edit destination; original commands omitted.,rs_0efef1dac8297075016abb37edce0487d2a47c7c04772e8428
Backend,01a0eb45-46e5-7e12-ad31-2a5098d40478,2026-09-29T04:00:45.784000+00:00,2026-09-29T04:00:48.041000+00:00,Analysis,2.25704272684892,event,Activity classified by event type and edit destination; original commands omitted.,rs_0efef1dac8297075016abb37edce0487d2a47c7c04772e8428
Backend,01a0eb45-46e5-7e12-ad31-2a5098d40478,2026-09-29T04:00:48.041000+00:00,2026-09-29T04:00:52.673000+00:00,Analysis,4.632087958070778,gap assigned to next activity,Activity classified by event type and edit destination; original commands omitted.,exec-98048709-a031-4a0d-bcc3-3ac484541881
Backend,01a0eb45-46e5-7e12-ad31-2a5098d40478,2026-09-29T04:00:52.673000+00:00,2026-09-29T04:00:52.912000+00:00,Analysis,0.23900437129082983,event,Activity classified by event type and edit destination; original commands omitted.,exec-98048709-a031-4a0d-bcc3-3ac484541881
Backend,01a0eb45-46e5-7e12-ad31-2a5098d40478,2026-09-29T04:00:52.912000+00:00,2026-09-29T04:00:55.311000+00:00,Analysis,2.399045615312693,gap assigned to next activity,Activity classified by event type and edit destination; original commands omitted.,rs_0efef1dac8297075016abb37f754f887d2ace33aa60491289e
Backend,01a0eb45-46e5-7e12-ad31-2a5098d40478,2026-09-29T04:00:55.311000+00:00,2026-09-29T04:00:57.780000+00:00,Analysis,2.469046636234673,event,Activity classified by event type and edit destination; original commands omitted.,rs_0efef1dac8297075016abb37f754f887d2ace33aa60491289e
Backend,01a0eb45-46e5-7e12-ad31-2a5098d40478,2026-09-29T04:00:57.780000+00:00,2026-09-29T04:01:01.075000+00:00,Analysis,3.2950624978835674,gap assigned to next activity,Activity classified by event type and edit destination; original commands omitted.,exec-1dfd303f-0d11-4b57-9ef0-dae5d6b53d33
Backend,01a0eb45-46e5-7e12-ad31-2a5098d40478,2026-09-29T04:01:01.075000+00:00,2026-09-29T04:01:01.317000+00:00,Analysis,0.2420044491050712,event,Activity classified by event type and edit destination; original commands omitted.,exec-1dfd303f-0d11-4b57-9ef0-dae5d6b53d33
Backend,01a0eb45-46e5-7e12-ad31-2a5098d40478,2026-09-29T04:01:01.317000+00:00,2026-09-29T04:01:02.984000+00:00,Analysis,1.667031635522805,gap assigned to next activity,Activity classified by event type and edit destination; original commands omitted.,rs_0efef1dac8297075016abb37ff012487d28703805cce993540
Backend,01a0eb45-46e5-7e12-ad31-2a5098d40478,2026-09-29T04:01:02.984000+00:00,2026-09-29T04:01:03.942000+00:00,Analysis,0.9580180933600371,event,Activity classified by event type and edit destination; original commands omitted.,rs_0efef1dac8297075016abb37ff012487d28703805cce993540
Backend,01a0eb45-46e5-7e12-ad31-2a5098d40478,2026-09-29T04:01:03.942000+00:00,2026-09-29T04:01:03.946000+00:00,Communication and follow-up,0.004000262701052377,gap assigned to next activity,Activity classified by event type and edit destination; original commands omitted.,msg_0efef1dac8297075016abb37fff67887d2b0ff974ab605a6c4
Backend,01a0eb45-46e5-7e12-ad31-2a5098d40478,2026-09-29T04:01:03.946000+00:00,2026-09-29T04:01:06.218000+00:00,Communication and follow-up,2.272042877497031,event,Activity classified by event type and edit destination; original commands omitted.,msg_0efef1dac8297075016abb37fff67887d2b0ff974ab605a6c4
Backend,01a0eb45-46e5-7e12-ad31-2a5098d40478,2026-09-29T04:01:06.218000+00:00,2026-09-29T04:02:18.796000+00:00,Testing and verification,72.57937501070734,gap assigned to next activity,Activity classified by event type and edit destination; original commands omitted.,exec-c3619bb8-53d1-4604-9f0e-942eb60b5bf7
Backend,01a0eb45-46e5-7e12-ad31-2a5098d40478,2026-09-29T04:02:18.796000+00:00,2026-09-29T04:02:19.126000+00:00,Testing and verification,0.33000617533559523,event,Activity classified by event type and edit destination; original commands omitted.,exec-c3619bb8-53d1-4604-9f0e-942eb60b5bf7
Backend,01a0eb45-46e5-7e12-ad31-2a5098d40478,2026-09-29T04:02:19.126000+00:00,2026-09-29T04:02:20.936000+00:00,Analysis,1.8100344704502933,gap assigned to next activity,Activity classified by event type and edit destination; original commands omitted.,rs_0efef1dac8297075016abb384cf4e887d288eef7dd40166553
Backend,01a0eb45-46e5-7e12-ad31-2a5098d40478,2026-09-29T04:02:20.936000+00:00,2026-09-29T04:02:22.218000+00:00,Analysis,1.2820241130671495,event,Activity classified by event type and edit destination; original commands omitted.,rs_0efef1dac8297075016abb384cf4e887d288eef7dd40166553
Backend,01a0eb45-46e5-7e12-ad31-2a5098d40478,2026-09-29T04:02:22.218000+00:00,2026-09-29T04:02:31.030000+00:00,Analysis,8.81216697373197,gap assigned to next activity,Activity classified by event type and edit destination; original commands omitted.,exec-0fb30a71-22e5-440b-a7a5-6c31bc735051
Backend,01a0eb45-46e5-7e12-ad31-2a5098d40478,2026-09-29T04:02:31.030000+00:00,2026-09-29T04:02:31.284000+00:00,Analysis,0.2540047603620368,event,Activity classified by event type and edit destination; original commands omitted.,exec-0fb30a71-22e5-440b-a7a5-6c31bc735051
Backend,01a0eb45-46e5-7e12-ad31-2a5098d40478,2026-09-29T04:02:31.284000+00:00,2026-09-29T04:02:34.900000+00:00,Technical diagnosis,3.6160686781995346,gap assigned to next activity,Activity classified by event type and edit destination; original commands omitted.,exec-1a44ba41-2e50-4e8e-b4e8-c906f52ee8bd
Backend,01a0eb45-46e5-7e12-ad31-2a5098d40478,2026-09-29T04:02:34.900000+00:00,2026-09-29T04:02:38.730000+00:00,Technical diagnosis,3.830072480512718,event,Activity classified by event type and edit destination; original commands omitted.,exec-1a44ba41-2e50-4e8e-b4e8-c906f52ee8bd
Backend,01a0eb45-46e5-7e12-ad31-2a5098d40478,2026-09-29T04:02:38.730000+00:00,2026-09-29T04:02:41.060000+00:00,Analysis,2.330044064008237,event,Activity classified by event type and edit destination; original commands omitted.,rs_0efef1dac8297075016abb385ec01c87d29d02d85ecbeed604
Backend,01a0eb45-46e5-7e12-ad31-2a5098d40478,2026-09-29T04:02:41.060000+00:00,2026-09-29T04:02:45.509000+00:00,Technical diagnosis,4.449084403517531,event,Activity classified by event type and edit destination; original commands omitted.,exec-1a44ba41-2e50-4e8e-b4e8-c906f52ee8bd
Backend,01a0eb45-46e5-7e12-ad31-2a5098d40478,2026-09-29T04:02:45.509000+00:00,2026-09-29T04:02:45.794000+00:00,Analysis,0.28500524654507015,event,Activity classified by event type and edit destination; original commands omitted.,exec-07355fed-7899-4d3d-81de-7036aeffdcf2
Backend,01a0eb45-46e5-7e12-ad31-2a5098d40478,2026-09-29T04:02:45.794000+00:00,2026-09-29T04:02:47.425000+00:00,Technical diagnosis,1.631030940175004,event,Activity classified by event type and edit destination; original commands omitted.,exec-1a44ba41-2e50-4e8e-b4e8-c906f52ee8bd
Backend,01a0eb45-46e5-7e12-ad31-2a5098d40478,2026-09-29T04:02:47.425000+00:00,2026-09-29T04:02:49.682000+00:00,Analysis,2.25704272684892,event,Activity classified by event type and edit destination; original commands omitted.,rs_0efef1dac8297075016abb3867705887d2800619ea3b1d24ec
Backend,01a0eb45-46e5-7e12-ad31-2a5098d40478,2026-09-29T04:02:49.682000+00:00,2026-09-29T04:02:53.963000+00:00,Technical diagnosis,4.281081238035492,event,Activity classified by event type and edit destination; original commands omitted.,exec-1a44ba41-2e50-4e8e-b4e8-c906f52ee8bd
Backend,01a0eb45-46e5-7e12-ad31-2a5098d40478,2026-09-29T04:02:53.963000+00:00,2026-09-29T04:02:54.212000+00:00,Analysis,0.24900455119726922,event,Activity classified by event type and edit destination; original commands omitted.,exec-e9ca99be-a108-4ecf-baac-f5254a4a8934
Backend,01a0eb45-46e5-7e12-ad31-2a5098d40478,2026-09-29T04:02:54.212000+00:00,2026-09-29T04:03:02.131000+00:00,Technical diagnosis,7.919150168975336,event,Activity classified by event type and edit destination; original commands omitted.,exec-1a44ba41-2e50-4e8e-b4e8-c906f52ee8bd
Backend,01a0eb45-46e5-7e12-ad31-2a5098d40478,2026-09-29T04:03:02.131000+00:00,2026-09-29T04:03:14.292000+00:00,Analysis,12.16123039542569,event,Activity classified by event type and edit destination; original commands omitted.,rs_0efef1dac8297075016abb3876271887d2bca1db8c224e8d76
Backend,01a0eb45-46e5-7e12-ad31-2a5098d40478,2026-09-29T04:03:14.292000+00:00,2026-09-29T04:03:17.457000+00:00,Technical diagnosis,3.16505992067676,event,Activity classified by event type and edit destination; original commands omitted.,exec-1a44ba41-2e50-4e8e-b4e8-c906f52ee8bd
Backend,01a0eb45-46e5-7e12-ad31-2a5098d40478,2026-09-29T04:03:17.457000+00:00,2026-09-29T04:03:17.717000+00:00,Analysis,0.26000491599051956,event,Activity classified by event type and edit destination; original commands omitted.,exec-03c59547-19ee-411c-9393-446417a3a13e
Backend,01a0eb45-46e5-7e12-ad31-2a5098d40478,2026-09-29T04:03:17.717000+00:00,2026-09-29T04:03:20.030000+00:00,Technical diagnosis,2.3130437820095993,event,Activity classified by event type and edit destination; original commands omitted.,exec-1a44ba41-2e50-4e8e-b4e8-c906f52ee8bd
Backend,01a0eb45-46e5-7e12-ad31-2a5098d40478,2026-09-29T04:03:20.030000+00:00,2026-09-29T04:03:22.507000+00:00,Technical diagnosis,2.4770469232136816,event,Activity classified by event type and edit destination; original commands omitted.,rs_0efef1dac8297075016abb38880d4087d284d86d582968a04c
Backend,01a0eb45-46e5-7e12-ad31-2a5098d40478,2026-09-29T04:03:22.507000+00:00,2026-09-29T04:03:23.864000+00:00,Technical diagnosis,1.3570258200000884,event,Activity classified by event type and edit destination; original commands omitted.,rs_0efef1dac8297075016abb38880d4087d284d86d582968a04c
Backend,01a0eb45-46e5-7e12-ad31-2a5098d40478,2026-09-29T04:03:23.864000+00:00,2026-09-29T04:03:27.052000+00:00,Technical diagnosis,3.18806035830388,gap assigned to next activity,Activity classified by event type and edit destination; original commands omitted.,exec-d3351b84-d6cb-4f8d-8e20-3e7648a52595
Backend,01a0eb45-46e5-7e12-ad31-2a5098d40478,2026-09-29T04:03:27.052000+00:00,2026-09-29T04:03:27.269000+00:00,Technical diagnosis,0.21700411855052068,event,Activity classified by event type and edit destination; original commands omitted.,exec-d3351b84-d6cb-4f8d-8e20-3e7648a52595
Backend,01a0eb45-46e5-7e12-ad31-2a5098d40478,2026-09-29T04:03:27.269000+00:00,2026-09-29T04:03:29.634000+00:00,Analysis,2.3650448128923225,gap assigned to next activity,Activity classified by event type and edit destination; original commands omitted.,rs_0efef1dac8297075016abb3891a71087d2a1c529f8b1102cfa
Backend,01a0eb45-46e5-7e12-ad31-2a5098d40478,2026-09-29T04:03:29.634000+00:00,2026-09-29T04:03:30.508000+00:00,Analysis,0.8740163914074697,event,Activity classified by event type and edit destination; original commands omitted.,rs_0efef1dac8297075016abb3891a71087d2a1c529f8b1102cfa
Backend,01a0eb45-46e5-7e12-ad31-2a5098d40478,2026-09-29T04:03:30.508000+00:00,2026-09-29T04:03:35.944000+00:00,Analysis,5.436103090133171,gap assigned to next activity,Activity classified by event type and edit destination; original commands omitted.,exec-a10bcb9a-b227-4e55-aeff-d4ff6af8b55b
Backend,01a0eb45-46e5-7e12-ad31-2a5098d40478,2026-09-29T04:03:35.944000+00:00,2026-09-29T04:03:36.252000+00:00,Analysis,0.30800592259528603,event,Activity classified by event type and edit destination; original commands omitted.,exec-a10bcb9a-b227-4e55-aeff-d4ff6af8b55b
Backend,01a0eb45-46e5-7e12-ad31-2a5098d40478,2026-09-29T04:03:36.252000+00:00,2026-09-29T04:03:37.650000+00:00,Analysis,1.3980264860895613,gap assigned to next activity,Activity classified by event type and edit destination; original commands omitted.,rs_0efef1dac8297075016abb3899abdc87d2b02edc68d674b17b
Backend,01a0eb45-46e5-7e12-ad31-2a5098d40478,2026-09-29T04:03:37.650000+00:00,2026-09-29T04:03:40.580000+00:00,Analysis,2.930055335240791,event,Activity classified by event type and edit destination; original commands omitted.,rs_0efef1dac8297075016abb3899abdc87d2b02edc68d674b17b
Backend,01a0eb45-46e5-7e12-ad31-2a5098d40478,2026-09-29T04:03:40.580000+00:00,2026-09-29T04:03:43.452000+00:00,Communication and follow-up,2.872054387152681,gap assigned to next activity,Activity classified by event type and edit destination; original commands omitted.,call_VLupdDOOgEmnVXp7a1tIeUFs
Backend,01a0eb45-46e5-7e12-ad31-2a5098d40478,2026-09-29T04:03:43.452000+00:00,2026-09-29T04:03:44.990000+00:00,Analysis,1.5380292432028082,gap assigned to next activity,Activity classified by event type and edit destination; original commands omitted.,rs_0efef1dac8297075016abb38a0e29c87d2bad490f6745e08b6
Backend,01a0eb45-46e5-7e12-ad31-2a5098d40478,2026-09-29T04:03:44.990000+00:00,2026-09-29T04:03:45.827000+00:00,Analysis,0.8370157495959536,event,Activity classified by event type and edit destination; original commands omitted.,rs_0efef1dac8297075016abb38a0e29c87d2bad490f6745e08b6
Backend,01a0eb45-46e5-7e12-ad31-2a5098d40478,2026-09-29T04:03:45.827000+00:00,2026-09-29T04:03:55.886000+00:00,Analysis,10.059190576338128,gap assigned to next activity,Activity classified by event type and edit destination; original commands omitted.,exec-7a6b3ea9-3390-43f1-b62b-1103be8f49d8
Backend,01a0eb45-46e5-7e12-ad31-2a5098d40478,2026-09-29T04:03:55.886000+00:00,2026-09-29T04:03:56.164000+00:00,Analysis,0.27800538287596793,event,Activity classified by event type and edit destination; original commands omitted.,exec-7a6b3ea9-3390-43f1-b62b-1103be8f49d8
Backend,01a0eb45-46e5-7e12-ad31-2a5098d40478,2026-09-29T04:03:56.164000+00:00,2026-09-29T04:03:59.638000+00:00,Technical diagnosis,3.474065789735761,gap assigned to next activity,Activity classified by event type and edit destination; original commands omitted.,exec-c0731c61-4072-4746-b557-0e9fb453e085
Backend,01a0eb45-46e5-7e12-ad31-2a5098d40478,2026-09-29T04:03:59.638000+00:00,2026-09-29T04:04:02.376000+00:00,Technical diagnosis,2.7380517856679165,event,Activity classified by event type and edit destination; original commands omitted.,exec-c0731c61-4072-4746-b557-0e9fb453e085
Backend,01a0eb45-46e5-7e12-ad31-2a5098d40478,2026-09-29T04:04:02.376000+00:00,2026-09-29T04:04:04.733000+00:00,Analysis,2.3570447643364094,event,Activity classified by event type and edit destination; original commands omitted.,rs_0efef1dac8297075016abb38b2564887d286449911ac391cee
Backend,01a0eb45-46e5-7e12-ad31-2a5098d40478,2026-09-29T04:04:04.733000+00:00,2026-09-29T04:04:49.858000+00:00,Technical diagnosis,45.12585486317648,event,Activity classified by event type and edit destination; original commands omitted.,exec-c0731c61-4072-4746-b557-0e9fb453e085
Backend,01a0eb45-46e5-7e12-ad31-2a5098d40478,2026-09-29T04:04:49.858000+00:00,2026-09-29T04:04:56.599000+00:00,Testing and verification,6.741127640827441,gap assigned to next activity,Activity classified by event type and edit destination; original commands omitted.,exec-68af8dbd-d383-401f-9736-29dc6266b07b
Backend,01a0eb45-46e5-7e12-ad31-2a5098d40478,2026-09-29T04:04:56.599000+00:00,2026-09-29T04:04:59.335000+00:00,Testing and verification,2.736051892740486,event,Activity classified by event type and edit destination; original commands omitted.,exec-68af8dbd-d383-401f-9736-29dc6266b07b
Backend,01a0eb45-46e5-7e12-ad31-2a5098d40478,2026-09-29T04:04:59.335000+00:00,2026-09-29T04:04:59.878000+00:00,Analysis,0.5430102696081592,gap assigned to next activity,Activity classified by event type and edit destination; original commands omitted.,rs_0efef1dac8297075016abb38ebe67c87d2ab1f2aa398d3cebd
Backend,01a0eb45-46e5-7e12-ad31-2a5098d40478,2026-09-29T04:04:59.878000+00:00,2026-09-29T04:05:03.623000+00:00,Analysis,3.7450708320964354,event,Activity classified by event type and edit destination; original commands omitted.,rs_0efef1dac8297075016abb38ebe67c87d2ab1f2aa398d3cebd
Backend,01a0eb45-46e5-7e12-ad31-2a5098d40478,2026-09-29T04:05:03.623000+00:00,2026-09-29T04:05:06.053000+00:00,Communication and follow-up,2.4300461014957264,gap assigned to next activity,Activity classified by event type and edit destination; original commands omitted.,call_is3EF9axgx77erOGQ9xvhGw7
Backend,01a0eb45-46e5-7e12-ad31-2a5098d40478,2026-09-29T04:05:06.053000+00:00,2026-09-29T04:05:13.775000+00:00,Analysis,7.722146410237694,gap assigned to next activity,Activity classified by event type and edit destination; original commands omitted.,exec-3fdbeea8-ce34-4942-aded-632920f9564f
Backend,01a0eb45-46e5-7e12-ad31-2a5098d40478,2026-09-29T04:05:13.775000+00:00,2026-09-29T04:05:14.074000+00:00,Analysis,0.2990054507294661,event,Activity classified by event type and edit destination; original commands omitted.,exec-3fdbeea8-ce34-4942-aded-632920f9564f
Backend,01a0eb45-46e5-7e12-ad31-2a5098d40478,2026-09-29T04:05:14.074000+00:00,2026-09-29T04:05:15.582000+00:00,Analysis,1.50802870348349,gap assigned to next activity,Activity classified by event type and edit destination; original commands omitted.,rs_0efef1dac8297075016abb38fb997c87d28f02c145dbf0492d
Backend,01a0eb45-46e5-7e12-ad31-2a5098d40478,2026-09-29T04:05:15.582000+00:00,2026-09-29T04:05:24.854000+00:00,Analysis,9.272175726274373,event,Activity classified by event type and edit destination; original commands omitted.,rs_0efef1dac8297075016abb38fb997c87d28f02c145dbf0492d
Backend,01a0eb45-46e5-7e12-ad31-2a5098d40478,2026-09-29T04:05:24.854000+00:00,2026-09-29T04:05:29.279000+00:00,Analysis,4.4250837810036,gap assigned to next activity,Activity classified by event type and edit destination; original commands omitted.,exec-c48e3973-1c5f-423d-8f77-b534e6b43f72
Backend,01a0eb45-46e5-7e12-ad31-2a5098d40478,2026-09-29T04:05:29.279000+00:00,2026-09-29T04:05:29.492000+00:00,Analysis,0.2130040942725641,event,Activity classified by event type and edit destination; original commands omitted.,exec-c48e3973-1c5f-423d-8f77-b534e6b43f72
Backend,01a0eb45-46e5-7e12-ad31-2a5098d40478,2026-09-29T04:05:29.492000+00:00,2026-09-29T04:05:31.355000+00:00,Analysis,1.863035209373636,gap assigned to next activity,Activity classified by event type and edit destination; original commands omitted.,rs_0efef1dac8297075016abb390b606c87d28c5953144eb93c09
Backend,01a0eb45-46e5-7e12-ad31-2a5098d40478,2026-09-29T04:05:31.355000+00:00,2026-09-29T04:05:44.782000+00:00,Analysis,13.427254411381014,event,Activity classified by event type and edit destination; original commands omitted.,rs_0efef1dac8297075016abb390b606c87d28c5953144eb93c09
Backend,01a0eb45-46e5-7e12-ad31-2a5098d40478,2026-09-29T04:05:44.782000+00:00,2026-09-29T04:05:48.742000+00:00,Analysis,3.9600750577195254,gap assigned to next activity,Activity classified by event type and edit destination; original commands omitted.,exec-c5f52b35-2b3a-4154-bf61-73e7ed0d2b5f
Backend,01a0eb45-46e5-7e12-ad31-2a5098d40478,2026-09-29T04:05:48.742000+00:00,2026-09-29T04:05:48.982000+00:00,Analysis,0.24000455617764083,event,Activity classified by event type and edit destination; original commands omitted.,exec-c5f52b35-2b3a-4154-bf61-73e7ed0d2b5f
Backend,01a0eb45-46e5-7e12-ad31-2a5098d40478,2026-09-29T04:05:48.982000+00:00,2026-09-29T04:05:50.553000+00:00,Analysis,1.571029622313272,gap assigned to next activity,Activity classified by event type and edit destination; original commands omitted.,rs_0efef1dac8297075016abb391e930087d2bfbe20174e5d5877
Backend,01a0eb45-46e5-7e12-ad31-2a5098d40478,2026-09-29T04:05:50.553000+00:00,2026-09-29T04:05:58.010000+00:00,Analysis,7.457141285082407,event,Activity classified by event type and edit destination; original commands omitted.,rs_0efef1dac8297075016abb391e930087d2bfbe20174e5d5877
Backend,01a0eb45-46e5-7e12-ad31-2a5098d40478,2026-09-29T04:05:58.010000+00:00,2026-09-29T04:06:01.311000+00:00,Analysis,3.30106265351205,gap assigned to next activity,Activity classified by event type and edit destination; original commands omitted.,exec-f7cd6d27-79dc-41f6-aaca-5449658d5db3
Backend,01a0eb45-46e5-7e12-ad31-2a5098d40478,2026-09-29T04:06:01.311000+00:00,2026-09-29T04:06:01.564000+00:00,Analysis,0.2530045754752258,event,Activity classified by event type and edit destination; original commands omitted.,exec-f7cd6d27-79dc-41f6-aaca-5449658d5db3
Backend,01a0eb45-46e5-7e12-ad31-2a5098d40478,2026-09-29T04:06:01.564000+00:00,2026-09-29T04:06:03.546000+00:00,Analysis,1.982037660210289,gap assigned to next activity,Activity classified by event type and edit destination; original commands omitted.,rs_0efef1dac8297075016abb392b916087d2953d7b972a924b3b
Backend,01a0eb45-46e5-7e12-ad31-2a5098d40478,2026-09-29T04:06:03.546000+00:00,2026-09-29T04:06:08.119000+00:00,Analysis,4.57308658667276,event,Activity classified by event type and edit destination; original commands omitted.,rs_0efef1dac8297075016abb392b916087d2953d7b972a924b3b
Backend,01a0eb45-46e5-7e12-ad31-2a5098d40478,2026-09-29T04:06:08.119000+00:00,2026-09-29T04:06:17.822000+00:00,Analysis,9.703183885561172,gap assigned to next activity,Activity classified by event type and edit destination; original commands omitted.,exec-e0d2b89a-b950-4106-a44c-ba8b116e9c20
Backend,01a0eb45-46e5-7e12-ad31-2a5098d40478,2026-09-29T04:06:17.822000+00:00,2026-09-29T04:06:18.175000+00:00,Analysis,0.35300661296271535,event,Activity classified by event type and edit destination; original commands omitted.,exec-e0d2b89a-b950-4106-a44c-ba8b116e9c20
Backend,01a0eb45-46e5-7e12-ad31-2a5098d40478,2026-09-29T04:06:18.175000+00:00,2026-09-29T04:06:21.709000+00:00,Technical diagnosis,3.534067107597493,gap assigned to next activity,Activity classified by event type and edit destination; original commands omitted.,exec-62a13db2-fc52-4e1e-a11b-4705ebbe852b
Backend,01a0eb45-46e5-7e12-ad31-2a5098d40478,2026-09-29T04:06:21.709000+00:00,2026-09-29T04:06:25.043000+00:00,Technical diagnosis,3.334063032622514,event,Activity classified by event type and edit destination; original commands omitted.,exec-62a13db2-fc52-4e1e-a11b-4705ebbe852b
Backend,01a0eb45-46e5-7e12-ad31-2a5098d40478,2026-09-29T04:06:25.043000+00:00,2026-09-29T04:06:25.064000+00:00,Technical diagnosis,0.021000306276593956,event,Activity classified by event type and edit destination; original commands omitted.,rs_0efef1dac8297075016abb3940f7f887d2b6b75a80f95b25f0
Backend,01a0eb45-46e5-7e12-ad31-2a5098d40478,2026-09-29T04:06:25.064000+00:00,2026-09-29T04:06:28.006000+00:00,Technical diagnosis,2.9420558849208525,event,Activity classified by event type and edit destination; original commands omitted.,rs_0efef1dac8297075016abb3940f7f887d2b6b75a80f95b25f0
Backend,01a0eb45-46e5-7e12-ad31-2a5098d40478,2026-09-29T04:06:28.006000+00:00,2026-09-29T04:06:31.016000+00:00,Technical diagnosis,3.010057012915402,gap assigned to next activity,Activity classified by event type and edit destination; original commands omitted.,exec-53a6e420-49c9-4c78-bc4a-0beea1c895d9
Backend,01a0eb45-46e5-7e12-ad31-2a5098d40478,2026-09-29T04:06:31.016000+00:00,2026-09-29T04:06:31.294000+00:00,Technical diagnosis,0.2780051444528721,event,Activity classified by event type and edit destination; original commands omitted.,exec-53a6e420-49c9-4c78-bc4a-0beea1c895d9
Backend,01a0eb45-46e5-7e12-ad31-2a5098d40478,2026-09-29T04:06:31.294000+00:00,2026-09-29T04:06:32.823000+00:00,Analysis,1.529029009760084,gap assigned to next activity,Activity classified by event type and edit destination; original commands omitted.,rs_0efef1dac8297075016abb3948d80c87d2a4ff762499af8600
Backend,01a0eb45-46e5-7e12-ad31-2a5098d40478,2026-09-29T04:06:32.823000+00:00,2026-09-29T04:06:35.704000+00:00,Analysis,2.881054620595405,event,Activity classified by event type and edit destination; original commands omitted.,rs_0efef1dac8297075016abb3948d80c87d2a4ff762499af8600
Backend,01a0eb45-46e5-7e12-ad31-2a5098d40478,2026-09-29T04:06:35.704000+00:00,2026-09-29T04:07:03.935000+00:00,Testing and verification,28.2315347641519,gap assigned to next activity,Activity classified by event type and edit destination; original commands omitted.,exec-60f2e4d2-2dfd-404c-8b9b-091b64dfed6c
Backend,01a0eb45-46e5-7e12-ad31-2a5098d40478,2026-09-29T04:07:03.935000+00:00,2026-09-29T04:07:04.420000+00:00,Testing and verification,0.4850093215200492,event,Activity classified by event type and edit destination; original commands omitted.,exec-60f2e4d2-2dfd-404c-8b9b-091b64dfed6c
Backend,01a0eb45-46e5-7e12-ad31-2a5098d40478,2026-09-29T04:07:04.420000+00:00,2026-09-29T04:07:05.775000+00:00,Analysis,1.3550256886495624,gap assigned to next activity,Activity classified by event type and edit destination; original commands omitted.,rs_0efef1dac8297075016abb3969cad487d2bba6e0460c7dbbf6
Backend,01a0eb45-46e5-7e12-ad31-2a5098d40478,2026-09-29T04:07:05.775000+00:00,2026-09-29T04:07:14.886000+00:00,Analysis,9.111172424461435,event,Activity classified by event type and edit destination; original commands omitted.,rs_0efef1dac8297075016abb3969cad487d2bba6e0460c7dbbf6
Backend,01a0eb45-46e5-7e12-ad31-2a5098d40478,2026-09-29T04:07:14.886000+00:00,2026-09-29T04:07:14.888000+00:00,Communication and follow-up,0.0020001313505261884,gap assigned to next activity,Activity classified by event type and edit destination; original commands omitted.,msg_0efef1dac8297075016abb3972e93087d2a654b39dc2e61e73
Backend,01a0eb45-46e5-7e12-ad31-2a5098d40478,2026-09-29T04:07:14.888000+00:00,2026-09-29T04:07:16.993000+00:00,Communication and follow-up,2.1050398969018027,event,Activity classified by event type and edit destination; original commands omitted.,msg_0efef1dac8297075016abb3972e93087d2a654b39dc2e61e73
Backend,01a0eb45-46e5-7e12-ad31-2a5098d40478,2026-09-29T04:07:16.993000+00:00,2026-09-29T04:07:26.631000+00:00,Analysis,9.638182596957769,gap assigned to next activity,Activity classified by event type and edit destination; original commands omitted.,exec-49e6f2b0-b98d-410d-9a89-27fdbbe24d39
Backend,01a0eb45-46e5-7e12-ad31-2a5098d40478,2026-09-29T04:07:26.631000+00:00,2026-09-29T04:07:26.922000+00:00,Analysis,0.2910054021735529,event,Activity classified by event type and edit destination; original commands omitted.,exec-49e6f2b0-b98d-410d-9a89-27fdbbe24d39
Backend,01a0eb45-46e5-7e12-ad31-2a5098d40478,2026-09-29T04:07:26.922000+00:00,2026-09-29T04:07:29.318000+00:00,Technical diagnosis,2.3960455374984515,gap assigned to next activity,Activity classified by event type and edit destination; original commands omitted.,exec-b75292da-3020-44df-88cb-fa24d3dc28cd
Backend,01a0eb45-46e5-7e12-ad31-2a5098d40478,2026-09-29T04:07:29.318000+00:00,2026-09-29T04:07:32.034000+00:00,Technical diagnosis,2.7160512945045117,event,Activity classified by event type and edit destination; original commands omitted.,exec-b75292da-3020-44df-88cb-fa24d3dc28cd
Backend,01a0eb45-46e5-7e12-ad31-2a5098d40478,2026-09-29T04:07:32.034000+00:00,2026-09-29T04:07:33.061000+00:00,Analysis,1.0270196446644932,event,Activity classified by event type and edit destination; original commands omitted.,rs_0efef1dac8297075016abb39840e6887d286c477f75a6017e4
Backend,01a0eb45-46e5-7e12-ad31-2a5098d40478,2026-09-29T04:07:33.061000+00:00,2026-09-29T04:07:34.269000+00:00,Technical diagnosis,1.2080228294441173,event,Activity classified by event type and edit destination; original commands omitted.,exec-b75292da-3020-44df-88cb-fa24d3dc28cd
Backend,01a0eb45-46e5-7e12-ad31-2a5098d40478,2026-09-29T04:07:34.269000+00:00,2026-09-29T04:08:23.895000+00:00,Testing and verification,49.62694005915363,gap assigned to next activity,Activity classified by event type and edit destination; original commands omitted.,exec-09d3d358-045c-4cd4-9c65-bb3c45cdceb9
Backend,01a0eb45-46e5-7e12-ad31-2a5098d40478,2026-09-29T04:08:23.895000+00:00,2026-09-29T04:08:27.065000+00:00,Testing and verification,3.1700601298415276,event,Activity classified by event type and edit destination; original commands omitted.,exec-09d3d358-045c-4cd4-9c65-bb3c45cdceb9
Backend,01a0eb45-46e5-7e12-ad31-2a5098d40478,2026-09-29T04:08:27.065000+00:00,2026-09-29T04:08:29.476000+00:00,Communication and follow-up,2.411045688146563,gap assigned to next activity,Activity classified by event type and edit destination; original commands omitted.,call_Rq13AMwCHTJ5p4Qeolbqk9jt
Backend,01a0eb45-46e5-7e12-ad31-2a5098d40478,2026-09-29T04:08:29.476000+00:00,2026-09-29T04:08:31.265000+00:00,Technical diagnosis,1.7890339257506036,gap assigned to next activity,Activity classified by event type and edit destination; original commands omitted.,rs_0efef1dac8297075016abb39bf499c87d29cafcb4e389f1339
Backend,01a0eb45-46e5-7e12-ad31-2a5098d40478,2026-09-29T04:08:31.265000+00:00,2026-09-29T04:08:34.203000+00:00,Technical diagnosis,2.9380556222198,event,Activity classified by event type and edit destination; original commands omitted.,rs_0efef1dac8297075016abb39bf499c87d29cafcb4e389f1339
Backend,01a0eb45-46e5-7e12-ad31-2a5098d40478,2026-09-29T04:08:34.203000+00:00,2026-09-29T04:08:44.597000+00:00,Technical diagnosis,10.394196722415396,gap assigned to next activity,Activity classified by event type and edit destination; original commands omitted.,exec-300c1d48-d04a-4d00-9acf-45454ba8123f
Backend,01a0eb45-46e5-7e12-ad31-2a5098d40478,2026-09-29T04:08:44.597000+00:00,2026-09-29T04:08:44.962000+00:00,Technical diagnosis,0.3650069242196809,event,Activity classified by event type and edit destination; original commands omitted.,exec-300c1d48-d04a-4d00-9acf-45454ba8123f
Backend,01a0eb45-46e5-7e12-ad31-2a5098d40478,2026-09-29T04:08:44.962000+00:00,2026-09-29T04:08:48.093000+00:00,Technical diagnosis,3.131059356679485,gap assigned to next activity,Activity classified by event type and edit destination; original commands omitted.,exec-90ff168a-eb0a-490e-9379-6a8ff8501ec0
Backend,01a0eb45-46e5-7e12-ad31-2a5098d40478,2026-09-29T04:08:48.093000+00:00,2026-09-29T04:08:50.460000+00:00,Technical diagnosis,2.3670449442428487,event,Activity classified by event type and edit destination; original commands omitted.,exec-90ff168a-eb0a-490e-9379-6a8ff8501ec0
Backend,01a0eb45-46e5-7e12-ad31-2a5098d40478,2026-09-29T04:08:50.460000+00:00,2026-09-29T04:08:51.663000+00:00,Technical diagnosis,1.2030228587024454,event,Activity classified by event type and edit destination; original commands omitted.,rs_0efef1dac8297075016abb39d27ad087d2a5330b6a655f6ef2
Backend,01a0eb45-46e5-7e12-ad31-2a5098d40478,2026-09-29T04:08:51.663000+00:00,2026-09-29T04:08:52.306000+00:00,Technical diagnosis,0.643012068672553,event,Activity classified by event type and edit destination; original commands omitted.,rs_0efef1dac8297075016abb39d27ad087d2a5330b6a655f6ef2
Backend,01a0eb45-46e5-7e12-ad31-2a5098d40478,2026-09-29T04:08:52.306000+00:00,2026-09-29T04:08:55.381000+00:00,Technical diagnosis,3.0750583015188053,gap assigned to next activity,Activity classified by event type and edit destination; original commands omitted.,exec-dba8d687-d25d-4a19-a463-cfdeaf4458cc
Backend,01a0eb45-46e5-7e12-ad31-2a5098d40478,2026-09-29T04:08:55.381000+00:00,2026-09-29T04:08:55.713000+00:00,Technical diagnosis,0.3320063066861214,event,Activity classified by event type and edit destination; original commands omitted.,exec-dba8d687-d25d-4a19-a463-cfdeaf4458cc
Backend,01a0eb45-46e5-7e12-ad31-2a5098d40478,2026-09-29T04:08:55.713000+00:00,2026-09-29T04:08:57.269000+00:00,Analysis,1.5560294716651608,gap assigned to next activity,Activity classified by event type and edit destination; original commands omitted.,rs_0efef1dac8297075016abb39d9494c87d29d0e14442ca01399
Backend,01a0eb45-46e5-7e12-ad31-2a5098d40478,2026-09-29T04:08:57.269000+00:00,2026-09-29T04:08:58.925000+00:00,Analysis,1.6560312707295546,event,Activity classified by event type and edit destination; original commands omitted.,rs_0efef1dac8297075016abb39d9494c87d29d0e14442ca01399
Backend,01a0eb45-46e5-7e12-ad31-2a5098d40478,2026-09-29T04:08:58.925000+00:00,2026-09-29T04:09:24.467000+00:00,Testing and verification,25.542483931552464,gap assigned to next activity,Activity classified by event type and edit destination; original commands omitted.,exec-c3caaaab-9bea-4a22-b121-2eda5a830f20
Backend,01a0eb45-46e5-7e12-ad31-2a5098d40478,2026-09-29T04:09:24.467000+00:00,2026-09-29T04:09:27.496000+00:00,Testing and verification,3.0290574262645653,event,Activity classified by event type and edit destination; original commands omitted.,exec-c3caaaab-9bea-4a22-b121-2eda5a830f20
Backend,01a0eb45-46e5-7e12-ad31-2a5098d40478,2026-09-29T04:09:27.496000+00:00,2026-09-29T04:09:28.009000+00:00,Technical diagnosis,0.5130097298888412,gap assigned to next activity,Activity classified by event type and edit destination; original commands omitted.,exec-4358f34f-6ccb-4e2f-bd38-d6634a68db60
Backend,01a0eb45-46e5-7e12-ad31-2a5098d40478,2026-09-29T04:09:28.009000+00:00,2026-09-29T04:09:30.340000+00:00,Technical diagnosis,2.331044010471952,event,Activity classified by event type and edit destination; original commands omitted.,exec-4358f34f-6ccb-4e2f-bd38-d6634a68db60
Backend,01a0eb45-46e5-7e12-ad31-2a5098d40478,2026-09-29T04:09:30.340000+00:00,2026-09-29T04:09:31.414000+00:00,Analysis,1.0740204663824489,event,Activity classified by event type and edit destination; original commands omitted.,rs_0efef1dac8297075016abb39fa5cb487d299cc6a9fa8fcf888
Backend,01a0eb45-46e5-7e12-ad31-2a5098d40478,2026-09-29T04:09:31.414000+00:00,2026-09-29T04:09:37.046000+00:00,Technical diagnosis,5.632106663984002,event,Activity classified by event type and edit destination; original commands omitted.,exec-4358f34f-6ccb-4e2f-bd38-d6634a68db60
Backend,01a0eb45-46e5-7e12-ad31-2a5098d40478,2026-09-29T04:09:37.046000+00:00,2026-09-29T04:09:40.391000+00:00,Analysis,3.3450633974157644,gap assigned to next activity,Activity classified by event type and edit destination; original commands omitted.,exec-9d50ec8a-cd00-4013-a57a-110c019c1303
Backend,01a0eb45-46e5-7e12-ad31-2a5098d40478,2026-09-29T04:09:40.391000+00:00,2026-09-29T04:09:40.845000+00:00,Analysis,0.4540085969139201,event,Activity classified by event type and edit destination; original commands omitted.,exec-9d50ec8a-cd00-4013-a57a-110c019c1303
Backend,01a0eb45-46e5-7e12-ad31-2a5098d40478,2026-09-29T04:09:40.845000+00:00,2026-09-29T04:09:42.334000+00:00,Analysis,1.4890282901343266,gap assigned to next activity,Activity classified by event type and edit destination; original commands omitted.,rs_0efef1dac8297075016abb3a065a5887d2b7a1cd01d1ba4836
Backend,01a0eb45-46e5-7e12-ad31-2a5098d40478,2026-09-29T04:09:42.334000+00:00,2026-09-29T04:09:46.037000+00:00,Analysis,3.7030699811201515,event,Activity classified by event type and edit destination; original commands omitted.,rs_0efef1dac8297075016abb3a065a5887d2b7a1cd01d1ba4836
Backend,01a0eb45-46e5-7e12-ad31-2a5098d40478,2026-09-29T04:09:46.037000+00:00,2026-09-29T04:09:49.959000+00:00,Analysis,3.9220744694442944,gap assigned to next activity,Activity classified by event type and edit destination; original commands omitted.,exec-77022c59-c596-41d4-a33a-ccb4addda8bf
Backend,01a0eb45-46e5-7e12-ad31-2a5098d40478,2026-09-29T04:09:49.959000+00:00,2026-09-29T04:09:50.229000+00:00,Analysis,0.2700050958969589,event,Activity classified by event type and edit destination; original commands omitted.,exec-77022c59-c596-41d4-a33a-ccb4addda8bf
Backend,01a0eb45-46e5-7e12-ad31-2a5098d40478,2026-09-29T04:09:50.229000+00:00,2026-09-29T04:09:51.545000+00:00,Analysis,1.31602491548752,gap assigned to next activity,Activity classified by event type and edit destination; original commands omitted.,rs_0efef1dac8297075016abb3a0f8e3487d2bbeea47df893639e
Backend,01a0eb45-46e5-7e12-ad31-2a5098d40478,2026-09-29T04:09:51.545000+00:00,2026-09-29T04:09:54.268000+00:00,Analysis,2.7230513965967096,event,Activity classified by event type and edit destination; original commands omitted.,rs_0efef1dac8297075016abb3a0f8e3487d2bbeea47df893639e
Backend,01a0eb45-46e5-7e12-ad31-2a5098d40478,2026-09-29T04:09:54.268000+00:00,2026-09-29T04:09:57.500000+00:00,Analysis,3.2320613406306897,gap assigned to next activity,Activity classified by event type and edit destination; original commands omitted.,exec-37037350-7d4e-4be6-80eb-683c1625f912
Backend,01a0eb45-46e5-7e12-ad31-2a5098d40478,2026-09-29T04:09:57.500000+00:00,2026-09-29T04:09:57.775000+00:00,Analysis,0.27500530506172655,event,Activity classified by event type and edit destination; original commands omitted.,exec-37037350-7d4e-4be6-80eb-683c1625f912
Backend,01a0eb45-46e5-7e12-ad31-2a5098d40478,2026-09-29T04:09:57.775000+00:00,2026-09-29T04:09:59.085000+00:00,Analysis,1.3100247598590373,gap assigned to next activity,Activity classified by event type and edit destination; original commands omitted.,rs_0efef1dac8297075016abb3a17145087d28733cd5bd7e06aae
Backend,01a0eb45-46e5-7e12-ad31-2a5098d40478,2026-09-29T04:09:59.085000+00:00,2026-09-29T04:10:01.908000+00:00,Analysis,2.823053434084199,event,Activity classified by event type and edit destination; original commands omitted.,rs_0efef1dac8297075016abb3a17145087d28733cd5bd7e06aae
Backend,01a0eb45-46e5-7e12-ad31-2a5098d40478,2026-09-29T04:10:01.908000+00:00,2026-09-29T04:10:05.717000+00:00,Analysis,3.8090721742361238,gap assigned to next activity,Activity classified by event type and edit destination; original commands omitted.,exec-5e42d3cf-3de3-4b53-a83c-d4eee4079be2
Backend,01a0eb45-46e5-7e12-ad31-2a5098d40478,2026-09-29T04:10:05.717000+00:00,2026-09-29T04:10:05.997000+00:00,Analysis,0.28000527580339835,event,Activity classified by event type and edit destination; original commands omitted.,exec-5e42d3cf-3de3-4b53-a83c-d4eee4079be2
Backend,01a0eb45-46e5-7e12-ad31-2a5098d40478,2026-09-29T04:10:05.997000+00:00,2026-09-29T04:10:07.935000+00:00,Analysis,1.938036677883479,gap assigned to next activity,Activity classified by event type and edit destination; original commands omitted.,rs_0efef1dac8297075016abb3a1ff2e087d282e75ef6b9f9367a
Backend,01a0eb45-46e5-7e12-ad31-2a5098d40478,2026-09-29T04:10:07.935000+00:00,2026-09-29T04:10:09.746000+00:00,Analysis,1.8110344169140087,event,Activity classified by event type and edit destination; original commands omitted.,rs_0efef1dac8297075016abb3a1ff2e087d282e75ef6b9f9367a
Backend,01a0eb45-46e5-7e12-ad31-2a5098d40478,2026-09-29T04:10:09.746000+00:00,2026-09-29T04:10:34.501000+00:00,Testing and verification,24.75546884306561,gap assigned to next activity,Activity classified by event type and edit destination; original commands omitted.,exec-b0808038-db1f-41d1-bbfc-04ba1d4b8507
Backend,01a0eb45-46e5-7e12-ad31-2a5098d40478,2026-09-29T04:10:34.501000+00:00,2026-09-29T04:10:36.995000+00:00,Testing and verification,2.4940472052123193,event,Activity classified by event type and edit destination; original commands omitted.,exec-b0808038-db1f-41d1-bbfc-04ba1d4b8507
Backend,01a0eb45-46e5-7e12-ad31-2a5098d40478,2026-09-29T04:10:36.995000+00:00,2026-09-29T04:10:38.596000+00:00,Analysis,1.601030400455686,event,Activity classified by event type and edit destination; original commands omitted.,rs_0efef1dac8297075016abb3a3d04b887d2ba14e251e368df0b
Backend,01a0eb45-46e5-7e12-ad31-2a5098d40478,2026-09-29T04:10:38.596000+00:00,2026-09-29T04:10:50.424000+00:00,Analysis,11.828224142275854,event,Activity classified by event type and edit destination; original commands omitted.,rs_0efef1dac8297075016abb3a3d04b887d2ba14e251e368df0b
Backend,01a0eb45-46e5-7e12-ad31-2a5098d40478,2026-09-29T04:10:50.424000+00:00,2026-09-29T04:10:55.787000+00:00,Communication and follow-up,5.363101514550759,gap assigned to next activity,Activity classified by event type and edit destination; original commands omitted.,call_41I0G7nU8shjOUCSptPUkpFO
Backend,01a0eb45-46e5-7e12-ad31-2a5098d40478,2026-09-29T04:10:55.787000+00:00,2026-09-29T04:10:57.551000+00:00,Analysis,1.764033595196053,gap assigned to next activity,Activity classified by event type and edit destination; original commands omitted.,rs_0efef1dac8297075016abb3a51933487d28424aef1c87c7b1c
Backend,01a0eb45-46e5-7e12-ad31-2a5098d40478,2026-09-29T04:10:57.551000+00:00,2026-09-29T04:11:00.987000+00:00,Analysis,3.4360649630374343,event,Activity classified by event type and edit destination; original commands omitted.,rs_0efef1dac8297075016abb3a51933487d28424aef1c87c7b1c
Backend,01a0eb45-46e5-7e12-ad31-2a5098d40478,2026-09-29T04:11:00.987000+00:00,2026-09-29T04:11:08.068000+00:00,Testing and verification,7.081134234492572,gap assigned to next activity,Activity classified by event type and edit destination; original commands omitted.,exec-de406bc9-3cc8-4ce8-92c6-fb7fbae18e6f
Backend,01a0eb45-46e5-7e12-ad31-2a5098d40478,2026-09-29T04:11:08.068000+00:00,2026-09-29T04:11:10.203000+00:00,Testing and verification,2.135040436621121,event,Activity classified by event type and edit destination; original commands omitted.,exec-de406bc9-3cc8-4ce8-92c6-fb7fbae18e6f
Backend,01a0eb45-46e5-7e12-ad31-2a5098d40478,2026-09-29T04:11:10.203000+00:00,2026-09-29T04:11:10.518000+00:00,Analysis,0.31500578626438824,gap assigned to next activity,Activity classified by event type and edit destination; original commands omitted.,rs_0efef1dac8297075016abb3a5e8ad487d29bf153baab331813
Backend,01a0eb45-46e5-7e12-ad31-2a5098d40478,2026-09-29T04:11:10.518000+00:00,2026-09-29T04:11:12.128000+00:00,Analysis,1.61003063389841,event,Activity classified by event type and edit destination; original commands omitted.,rs_0efef1dac8297075016abb3a5e8ad487d29bf153baab331813
Backend,01a0eb45-46e5-7e12-ad31-2a5098d40478,2026-09-29T04:11:12.128000+00:00,2026-09-29T04:11:12.132000+00:00,Communication and follow-up,0.004000024277956594,gap assigned to next activity,Activity classified by event type and edit destination; original commands omitted.,msg_0efef1dac8297075016abb3a60287c87d2b0b5ae10da6b58e2
Backend,01a0eb45-46e5-7e12-ad31-2a5098d40478,2026-09-29T04:11:12.132000+00:00,2026-09-29T04:11:14.527000+00:00,Communication and follow-up,2.3950453526116404,event,Activity classified by event type and edit destination; original commands omitted.,msg_0efef1dac8297075016abb3a60287c87d2b0b5ae10da6b58e2
Backend,01a0eb45-46e5-7e12-ad31-2a5098d40478,2026-09-29T04:11:14.527000+00:00,2026-09-29T04:11:19.405000+00:00,Analysis,4.878092431453805,gap assigned to next activity,Activity classified by event type and edit destination; original commands omitted.,exec-5a35c746-7630-4870-87cd-0fab3ba55c1d
Backend,01a0eb45-46e5-7e12-ad31-2a5098d40478,2026-09-29T04:11:19.405000+00:00,2026-09-29T04:11:19.693000+00:00,Analysis,0.2880055627824073,event,Activity classified by event type and edit destination; original commands omitted.,exec-5a35c746-7630-4870-87cd-0fab3ba55c1d
Backend,01a0eb45-46e5-7e12-ad31-2a5098d40478,2026-09-29T04:11:19.693000+00:00,2026-09-29T04:11:21.133000+00:00,Analysis,1.440027098642749,gap assigned to next activity,Activity classified by event type and edit destination; original commands omitted.,rs_0efef1dac8297075016abb3a6916c087d2bb6ef1abba74d4b2
Backend,01a0eb45-46e5-7e12-ad31-2a5098d40478,2026-09-29T04:11:21.133000+00:00,2026-09-29T04:11:29.765000+00:00,Analysis,8.63216373541606,event,Activity classified by event type and edit destination; original commands omitted.,rs_0efef1dac8297075016abb3a6916c087d2bb6ef1abba74d4b2
Backend,01a0eb45-46e5-7e12-ad31-2a5098d40478,2026-09-29T04:11:29.765000+00:00,2026-09-29T04:11:32.412000+00:00,Analysis,2.647049981623151,gap assigned to next activity,Activity classified by event type and edit destination; original commands omitted.,exec-e9aac87c-fcda-4861-b462-3bf7a1f6da51
Backend,01a0eb45-46e5-7e12-ad31-2a5098d40478,2026-09-29T04:11:32.412000+00:00,2026-09-29T04:11:32.685000+00:00,Analysis,0.2730051737112003,event,Activity classified by event type and edit destination; original commands omitted.,exec-e9aac87c-fcda-4861-b462-3bf7a1f6da51
Backend,01a0eb45-46e5-7e12-ad31-2a5098d40478,2026-09-29T04:11:32.685000+00:00,2026-09-29T04:11:34.158000+00:00,Analysis,1.4730279545994045,gap assigned to next activity,Activity classified by event type and edit destination; original commands omitted.,rs_0efef1dac8297075016abb3a762ec887d2b3f63c8039504619
Backend,01a0eb45-46e5-7e12-ad31-2a5098d40478,2026-09-29T04:11:34.158000+00:00,2026-09-29T04:11:40.310000+00:00,Analysis,6.152116495965042,event,Activity classified by event type and edit destination; original commands omitted.,rs_0efef1dac8297075016abb3a762ec887d2b3f63c8039504619
Backend,01a0eb45-46e5-7e12-ad31-2a5098d40478,2026-09-29T04:11:40.310000+00:00,2026-09-29T04:11:45.410000+00:00,Analysis,5.1000967591690936,gap assigned to next activity,Activity classified by event type and edit destination; original commands omitted.,rs_0efef1dac8297075016abb3a816f5887d29970c1d6e4d5f321
Backend,01a0eb45-46e5-7e12-ad31-2a5098d40478,2026-09-29T04:11:45.410000+00:00,2026-09-29T04:11:48.253000+00:00,Analysis,2.8430537938970777,event,Activity classified by event type and edit destination; original commands omitted.,rs_0efef1dac8297075016abb3a816f5887d29970c1d6e4d5f321
Backend,01a0eb45-46e5-7e12-ad31-2a5098d40478,2026-09-29T04:11:48.253000+00:00,2026-09-29T04:11:55.831000+00:00,Documentation,7.57814362884649,gap assigned to next activity,Activity classified by event type and edit destination; original commands omitted.,exec-78e88ab9-f268-4ad5-bda2-9a5f3ae9877b
Backend,01a0eb45-46e5-7e12-ad31-2a5098d40478,2026-09-29T04:11:55.831000+00:00,2026-09-29T04:11:58.133000+00:00,Documentation,2.302043417216349,event,Activity classified by event type and edit destination; original commands omitted.,exec-78e88ab9-f268-4ad5-bda2-9a5f3ae9877b
Backend,01a0eb45-46e5-7e12-ad31-2a5098d40478,2026-09-29T04:11:58.133000+00:00,2026-09-29T04:11:58.841000+00:00,Analysis,0.7080135956990526,event,Activity classified by event type and edit destination; original commands omitted.,rs_0efef1dac8297075016abb3a8e288887d294fe1ab7431ec70b
Backend,01a0eb45-46e5-7e12-ad31-2a5098d40478,2026-09-29T04:11:58.841000+00:00,2026-09-29T04:11:59.234000+00:00,Documentation,0.39300733258847287,event,Activity classified by event type and edit destination; original commands omitted.,exec-78e88ab9-f268-4ad5-bda2-9a5f3ae9877b
Backend,01a0eb45-46e5-7e12-ad31-2a5098d40478,2026-09-29T04:11:59.234000+00:00,2026-09-29T04:12:23.726000+00:00,Documentation,24.492464087683945,gap assigned to next activity,Activity classified by event type and edit destination; original commands omitted.,exec-2d50b783-809e-46bf-aae4-83af89191bbd
Backend,01a0eb45-46e5-7e12-ad31-2a5098d40478,2026-09-29T04:12:23.726000+00:00,2026-09-29T04:12:24.037000+00:00,Documentation,0.31100576198643165,event,Activity classified by event type and edit destination; original commands omitted.,exec-2d50b783-809e-46bf-aae4-83af89191bbd
Backend,01a0eb45-46e5-7e12-ad31-2a5098d40478,2026-09-29T04:12:24.037000+00:00,2026-09-29T04:12:29.329000+00:00,Communication and follow-up,5.292100308741968,gap assigned to next activity,Activity classified by event type and edit destination; original commands omitted.,call_pyzUOvHRvwfj28dg8qRprxq8
Backend,01a0eb45-46e5-7e12-ad31-2a5098d40478,2026-09-29T04:12:29.329000+00:00,2026-09-29T04:12:30.824000+00:00,Analysis,1.4950282073397136,gap assigned to next activity,Activity classified by event type and edit destination; original commands omitted.,rs_0efef1dac8297075016abb3aaed95887d2875054a2bbd12e4e
Backend,01a0eb45-46e5-7e12-ad31-2a5098d40478,2026-09-29T04:12:30.824000+00:00,2026-09-29T04:12:40.305000+00:00,Analysis,9.481179796268979,event,Activity classified by event type and edit destination; original commands omitted.,rs_0efef1dac8297075016abb3aaed95887d2875054a2bbd12e4e
Backend,01a0eb45-46e5-7e12-ad31-2a5098d40478,2026-09-29T04:12:40.305000+00:00,2026-09-29T04:12:40.307000+00:00,Communication and follow-up,0.001999892927430405,gap assigned to next activity,Activity classified by event type and edit destination; original commands omitted.,msg_0efef1dac8297075016abb3ab8536087d29242337dc0e8a243
Backend,01a0eb45-46e5-7e12-ad31-2a5098d40478,2026-09-29T04:12:40.307000+00:00,2026-09-29T04:12:44.305000+00:00,Communication and follow-up,3.9980758844178528,event,Activity classified by event type and edit destination; original commands omitted.,msg_0efef1dac8297075016abb3ab8536087d29242337dc0e8a243
Backend,01a0eb45-46e5-7e12-ad31-2a5098d40478,2026-09-29T04:12:44.305000+00:00,2026-09-29T04:12:44.636000+00:00,Unattributed active time,0.3310061217993104,gap assigned to next activity,Activity classified by event type and edit destination; original commands omitted.,
Backend,01a0eb60-8bee-7b11-a531-d9cd27feeade,2026-09-29T04:16:08.198000+00:00,2026-09-29T04:16:11.330000+00:00,Analysis,3.13240781333003,gap assigned to next activity,Activity classified by event type and edit destination; original commands omitted.,rs_0efef1dac8297075016abb3b8b593487d29bf4caff4bb5718e
Backend,01a0eb60-8bee-7b11-a531-d9cd27feeade,2026-09-29T04:16:11.330000+00:00,2026-09-29T04:16:16.584000+00:00,Analysis,5.25468435412082,event,Activity classified by event type and edit destination; original commands omitted.,rs_0efef1dac8297075016abb3b8b593487d29bf4caff4bb5718e
Backend,01a0eb60-8bee-7b11-a531-d9cd27feeade,2026-09-29T04:16:16.584000+00:00,2026-09-29T04:16:16.586000+00:00,Communication and follow-up,0.002000115459314485,gap assigned to next activity,Activity classified by event type and edit destination; original commands omitted.,msg_0efef1dac8297075016abb3b909c3c87d2a18d676c91b2d3ba
Backend,01a0eb60-8bee-7b11-a531-d9cd27feeade,2026-09-29T04:16:16.586000+00:00,2026-09-29T04:16:18.150000+00:00,Communication and follow-up,1.5642037912057007,event,Activity classified by event type and edit destination; original commands omitted.,msg_0efef1dac8297075016abb3b909c3c87d2a18d676c91b2d3ba
Backend,01a0eb60-8bee-7b11-a531-d9cd27feeade,2026-09-29T04:16:18.150000+00:00,2026-09-29T04:16:22.651000+00:00,Analysis,4.5015860402750345,gap assigned to next activity,Activity classified by event type and edit destination; original commands omitted.,exec-1b85ceae-aef9-4e56-9947-4cc97d87fcab
Backend,01a0eb60-8bee-7b11-a531-d9cd27feeade,2026-09-29T04:16:22.651000+00:00,2026-09-29T04:16:22.937000+00:00,Analysis,0.2860372557993963,event,Activity classified by event type and edit destination; original commands omitted.,exec-1b85ceae-aef9-4e56-9947-4cc97d87fcab
Backend,01a0eb60-8bee-7b11-a531-d9cd27feeade,2026-09-29T04:16:22.937000+00:00,2026-09-29T04:16:24.286000+00:00,Technical diagnosis,1.3491756416541056,gap assigned to next activity,Activity classified by event type and edit destination; original commands omitted.,rs_0efef1dac8297075016abb3b984fb487d2b1afca68bd2ce5b1
Backend,01a0eb60-8bee-7b11-a531-d9cd27feeade,2026-09-29T04:16:24.286000+00:00,2026-09-29T04:16:24.817000+00:00,Technical diagnosis,0.5310690448377132,event,Activity classified by event type and edit destination; original commands omitted.,rs_0efef1dac8297075016abb3b984fb487d2b1afca68bd2ce5b1
Backend,01a0eb60-8bee-7b11-a531-d9cd27feeade,2026-09-29T04:16:24.817000+00:00,2026-09-29T04:16:31.557000+00:00,Technical diagnosis,6.740877681172616,gap assigned to next activity,Activity classified by event type and edit destination; original commands omitted.,exec-e3a8304a-a5e3-4879-b0cc-9d12aa32443b
Backend,01a0eb60-8bee-7b11-a531-d9cd27feeade,2026-09-29T04:16:31.557000+00:00,2026-09-29T04:16:31.833000+00:00,Technical diagnosis,0.2760359631539472,event,Activity classified by event type and edit destination; original commands omitted.,exec-e3a8304a-a5e3-4879-b0cc-9d12aa32443b
Backend,01a0eb60-8bee-7b11-a531-d9cd27feeade,2026-09-29T04:16:31.833000+00:00,2026-09-29T04:16:33.643000+00:00,Analysis,1.8102356379736748,gap assigned to next activity,Activity classified by event type and edit destination; original commands omitted.,rs_0efef1dac8297075016abb3ba1aa0087d285c4777786e1edb1
Backend,01a0eb60-8bee-7b11-a531-d9cd27feeade,2026-09-29T04:16:33.643000+00:00,2026-09-29T04:16:49.193000+00:00,Analysis,15.552025085999837,event,Activity classified by event type and edit destination; original commands omitted.,rs_0efef1dac8297075016abb3ba1aa0087d285c4777786e1edb1
Backend,01a0eb60-8bee-7b11-a531-d9cd27feeade,2026-09-29T04:16:49.193000+00:00,2026-09-29T04:16:49.197000+00:00,Analysis,0.0040004693682545445,gap assigned to next activity,Activity classified by event type and edit destination; original commands omitted.,rs_0efef1dac8297075016abb3bb136cc87d2afcde01b002e54fc
Backend,01a0eb60-8bee-7b11-a531-d9cd27feeade,2026-09-29T04:16:49.197000+00:00,2026-09-29T04:16:56.060000+00:00,Analysis,6.863893604556603,event,Activity classified by event type and edit destination; original commands omitted.,rs_0efef1dac8297075016abb3bb136cc87d2afcde01b002e54fc
Backend,01a0eb60-8bee-7b11-a531-d9cd27feeade,2026-09-29T04:16:56.060000+00:00,2026-09-29T04:17:01.771000+00:00,Analysis,5.711743642622509,gap assigned to next activity,Activity classified by event type and edit destination; original commands omitted.,exec-e2d374bf-95d9-4647-bfe9-0fef307291de
Backend,01a0eb60-8bee-7b11-a531-d9cd27feeade,2026-09-29T04:17:01.771000+00:00,2026-09-29T04:17:02.045000+00:00,Analysis,0.2740358476946327,event,Activity classified by event type and edit destination; original commands omitted.,exec-e2d374bf-95d9-4647-bfe9-0fef307291de
Backend,01a0eb60-8bee-7b11-a531-d9cd27feeade,2026-09-29T04:17:02.045000+00:00,2026-09-29T04:17:04.945000+00:00,Technical diagnosis,2.900377490126134,gap assigned to next activity,Activity classified by event type and edit destination; original commands omitted.,rs_0efef1dac8297075016abb3bc0f76c87d28760d63a5ad62492
Backend,01a0eb60-8bee-7b11-a531-d9cd27feeade,2026-09-29T04:17:04.945000+00:00,2026-09-29T04:17:11.768000+00:00,Technical diagnosis,6.8238884339748065,event,Activity classified by event type and edit destination; original commands omitted.,rs_0efef1dac8297075016abb3bc0f76c87d28760d63a5ad62492
Backend,01a0eb60-8bee-7b11-a531-d9cd27feeade,2026-09-29T04:17:11.768000+00:00,2026-09-29T04:17:15.403000+00:00,Technical diagnosis,3.635473572589962,gap assigned to next activity,Activity classified by event type and edit destination; original commands omitted.,exec-e06477a9-7cb2-4c05-8f51-5bd86c602ba0
Backend,01a0eb60-8bee-7b11-a531-d9cd27feeade,2026-09-29T04:17:15.403000+00:00,2026-09-29T04:17:15.715000+00:00,Technical diagnosis,0.31204042591786363,event,Activity classified by event type and edit destination; original commands omitted.,exec-e06477a9-7cb2-4c05-8f51-5bd86c602ba0
Backend,01a0eb60-8bee-7b11-a531-d9cd27feeade,2026-09-29T04:17:15.715000+00:00,2026-09-29T04:17:17.692000+00:00,Analysis,1.9772574397573386,gap assigned to next activity,Activity classified by event type and edit destination; original commands omitted.,rs_0efef1dac8297075016abb3bcdb14087d2bafe8359f8d9cb05
Backend,01a0eb60-8bee-7b11-a531-d9cd27feeade,2026-09-29T04:17:17.692000+00:00,2026-09-29T04:17:29.476000+00:00,Analysis,11.785534651289378,event,Activity classified by event type and edit destination; original commands omitted.,rs_0efef1dac8297075016abb3bcdb14087d2bafe8359f8d9cb05
Backend,01a0eb60-8bee-7b11-a531-d9cd27feeade,2026-09-29T04:17:29.476000+00:00,2026-09-29T04:18:52.876000+00:00,Testing and verification,83.4108600667712,gap assigned to next activity,Activity classified by event type and edit destination; original commands omitted.,exec-e88744fb-2349-4738-98da-1b8280df77b7
Backend,01a0eb60-8bee-7b11-a531-d9cd27feeade,2026-09-29T04:18:52.876000+00:00,2026-09-29T04:18:53.158000+00:00,Testing and verification,0.2820367864311418,event,Activity classified by event type and edit destination; original commands omitted.,exec-e88744fb-2349-4738-98da-1b8280df77b7
Backend,01a0eb60-8bee-7b11-a531-d9cd27feeade,2026-09-29T04:18:53.158000+00:00,2026-09-29T04:18:57.527000+00:00,Technical diagnosis,4.369568881975255,gap assigned to next activity,Activity classified by event type and edit destination; original commands omitted.,rs_0efef1dac8297075016abb3c31891c87d288c7a7a3a4307a39
Backend,01a0eb60-8bee-7b11-a531-d9cd27feeade,2026-09-29T04:18:57.527000+00:00,2026-09-29T04:18:58.698000+00:00,Technical diagnosis,1.1711524894953353,event,Activity classified by event type and edit destination; original commands omitted.,rs_0efef1dac8297075016abb3c31891c87d288c7a7a3a4307a39
Backend,01a0eb60-8bee-7b11-a531-d9cd27feeade,2026-09-29T04:18:58.698000+00:00,2026-09-29T04:19:09.458000+00:00,Technical diagnosis,10.761401139837183,gap assigned to next activity,Activity classified by event type and edit destination; original commands omitted.,exec-9a9d2a58-508a-4be5-98e6-cbf903f82adb
Backend,01a0eb60-8bee-7b11-a531-d9cd27feeade,2026-09-29T04:19:09.458000+00:00,2026-09-29T04:19:12.259000+00:00,Technical diagnosis,2.8013648598509255,event,Activity classified by event type and edit destination; original commands omitted.,exec-9a9d2a58-508a-4be5-98e6-cbf903f82adb
Backend,01a0eb60-8bee-7b11-a531-d9cd27feeade,2026-09-29T04:19:12.259000+00:00,2026-09-29T04:19:22.444000+00:00,Analysis,10.186326216599793,event,Activity classified by event type and edit destination; original commands omitted.,rs_0efef1dac8297075016abb3c4051b887d29ad38efc59e57bf9
Backend,01a0eb60-8bee-7b11-a531-d9cd27feeade,2026-09-29T04:19:22.444000+00:00,2026-09-29T04:19:27.954000+00:00,Technical diagnosis,5.510717493534243,event,Activity classified by event type and edit destination; original commands omitted.,exec-9a9d2a58-508a-4be5-98e6-cbf903f82adb
Backend,01a0eb60-8bee-7b11-a531-d9cd27feeade,2026-09-29T04:19:27.954000+00:00,2026-09-29T04:19:30.052000+00:00,Testing and verification,2.098273247682011,gap assigned to next activity,Activity classified by event type and edit destination; original commands omitted.,exec-c68f024e-f1a4-450c-8fab-7d068213d3bd
Backend,01a0eb60-8bee-7b11-a531-d9cd27feeade,2026-09-29T04:19:30.052000+00:00,2026-09-29T04:19:31.004000+00:00,Testing and verification,0.9521238705754859,event,Activity classified by event type and edit destination; original commands omitted.,exec-c68f024e-f1a4-450c-8fab-7d068213d3bd
Backend,01a0eb60-8bee-7b11-a531-d9cd27feeade,2026-09-29T04:19:31.004000+00:00,2026-09-29T04:19:33.247000+00:00,Technical diagnosis,2.2432921102658367,gap assigned to next activity,Activity classified by event type and edit destination; original commands omitted.,rs_0efef1dac8297075016abb3c554a8c87d2b26eab03f7837b0e
Backend,01a0eb60-8bee-7b11-a531-d9cd27feeade,2026-09-29T04:19:33.247000+00:00,2026-09-29T04:19:34.022000+00:00,Technical diagnosis,0.7751010145959984,event,Activity classified by event type and edit destination; original commands omitted.,rs_0efef1dac8297075016abb3c554a8c87d2b26eab03f7837b0e
Backend,01a0eb60-8bee-7b11-a531-d9cd27feeade,2026-09-29T04:19:34.022000+00:00,2026-09-29T04:19:45.957000+00:00,Technical diagnosis,11.936554098700773,gap assigned to next activity,Activity classified by event type and edit destination; original commands omitted.,exec-0195642d-eb4a-4772-816d-8dca54cdda88
Backend,01a0eb60-8bee-7b11-a531-d9cd27feeade,2026-09-29T04:19:45.957000+00:00,2026-09-29T04:19:46.207000+00:00,Technical diagnosis,0.25003255458585427,event,Activity classified by event type and edit destination; original commands omitted.,exec-0195642d-eb4a-4772-816d-8dca54cdda88
Backend,01a0eb60-8bee-7b11-a531-d9cd27feeade,2026-09-29T04:19:46.207000+00:00,2026-09-29T04:19:48.717000+00:00,Analysis,2.510326838503992,gap assigned to next activity,Activity classified by event type and edit destination; original commands omitted.,rs_0efef1dac8297075016abb3c64c6c887d2bffdaa49b4f35f54
Backend,01a0eb60-8bee-7b11-a531-d9cd27feeade,2026-09-29T04:19:48.717000+00:00,2026-09-29T04:19:52.234000+00:00,Analysis,3.5174579378542608,event,Activity classified by event type and edit destination; original commands omitted.,rs_0efef1dac8297075016abb3c64c6c887d2bffdaa49b4f35f54
Backend,01a0eb60-8bee-7b11-a531-d9cd27feeade,2026-09-29T04:19:52.234000+00:00,2026-09-29T04:19:55.027000+00:00,Communication and follow-up,2.7933636826647907,gap assigned to next activity,Activity classified by event type and edit destination; original commands omitted.,call_BsUFstTFCNnLNdvOglgsv6Nq
Backend,01a0eb60-8bee-7b11-a531-d9cd27feeade,2026-09-29T04:19:55.027000+00:00,2026-09-29T04:19:57.015000+00:00,Analysis,1.9882590285820705,gap assigned to next activity,Activity classified by event type and edit destination; original commands omitted.,rs_0efef1dac8297075016abb3c6d12c887d2a2e901b4f7e9a64d
Backend,01a0eb60-8bee-7b11-a531-d9cd27feeade,2026-09-29T04:19:57.015000+00:00,2026-09-29T04:20:04.997000+00:00,Analysis,7.983039276915753,event,Activity classified by event type and edit destination; original commands omitted.,rs_0efef1dac8297075016abb3c6d12c887d2a2e901b4f7e9a64d
Backend,01a0eb60-8bee-7b11-a531-d9cd27feeade,2026-09-29T04:20:04.997000+00:00,2026-09-29T04:20:05.004000+00:00,Communication and follow-up,0.007000881006851846,gap assigned to next activity,Activity classified by event type and edit destination; original commands omitted.,msg_0efef1dac8297075016abb3c750ad487d2a30589c6bbc37443
Backend,01a0eb60-8bee-7b11-a531-d9cd27feeade,2026-09-29T04:20:05.004000+00:00,2026-09-29T04:20:07.423000+00:00,Communication and follow-up,2.4193151469652925,event,Activity classified by event type and edit destination; original commands omitted.,msg_0efef1dac8297075016abb3c750ad487d2a30589c6bbc37443
Backend,01a0eb60-8bee-7b11-a531-d9cd27feeade,2026-09-29T04:20:07.423000+00:00,2026-09-29T04:20:20.973000+00:00,Documentation,13.551764410863376,gap assigned to next activity,Activity classified by event type and edit destination; original commands omitted.,exec-415d5328-fa0b-48a9-a111-b2c4104dc831
Backend,01a0eb60-8bee-7b11-a531-d9cd27feeade,2026-09-29T04:20:20.973000+00:00,2026-09-29T04:20:24.442000+00:00,Documentation,3.4694515900863294,event,Activity classified by event type and edit destination; original commands omitted.,exec-415d5328-fa0b-48a9-a111-b2c4104dc831
Backend,01a0eb60-8bee-7b11-a531-d9cd27feeade,2026-09-29T04:20:24.442000+00:00,2026-09-29T04:20:25.194000+00:00,Analysis,0.7520980176665029,gap assigned to next activity,Activity classified by event type and edit destination; original commands omitted.,rs_0efef1dac8297075016abb3c89400087d2aa192354f0a45e1e
Backend,01a0eb60-8bee-7b11-a531-d9cd27feeade,2026-09-29T04:20:25.194000+00:00,2026-09-29T04:20:25.809000+00:00,Analysis,0.6150800938191865,event,Activity classified by event type and edit destination; original commands omitted.,rs_0efef1dac8297075016abb3c89400087d2aa192354f0a45e1e
Backend,01a0eb60-8bee-7b11-a531-d9cd27feeade,2026-09-29T04:20:25.809000+00:00,2026-09-29T04:20:32.320000+00:00,Communication and follow-up,6.511847769607318,gap assigned to next activity,Activity classified by event type and edit destination; original commands omitted.,call_KOgqPLJnTxWh7GRfsKwnFF0b
Backend,01a0eb60-8bee-7b11-a531-d9cd27feeade,2026-09-29T04:20:32.320000+00:00,2026-09-29T04:20:34.097000+00:00,Analysis,1.77723134839873,gap assigned to next activity,Activity classified by event type and edit destination; original commands omitted.,rs_0efef1dac8297075016abb3c92287487d2b828e0a05c190e38
Backend,01a0eb60-8bee-7b11-a531-d9cd27feeade,2026-09-29T04:20:34.097000+00:00,2026-09-29T04:20:34.661000+00:00,Analysis,0.5640735728622835,event,Activity classified by event type and edit destination; original commands omitted.,rs_0efef1dac8297075016abb3c92287487d2b828e0a05c190e38
Backend,01a0eb60-8bee-7b11-a531-d9cd27feeade,2026-09-29T04:20:34.661000+00:00,2026-09-29T04:20:34.665000+00:00,Communication and follow-up,0.0040004693682545445,gap assigned to next activity,Activity classified by event type and edit destination; original commands omitted.,msg_0efef1dac8297075016abb3c92b99887d2923cad74022313c0
Backend,01a0eb60-8bee-7b11-a531-d9cd27feeade,2026-09-29T04:20:34.665000+00:00,2026-09-29T04:20:36.753000+00:00,Communication and follow-up,2.088271955036562,event,Activity classified by event type and edit destination; original commands omitted.,msg_0efef1dac8297075016abb3c92b99887d2923cad74022313c0
Backend,01a0eb60-8bee-7b11-a531-d9cd27feeade,2026-09-29T04:20:36.753000+00:00,2026-09-29T04:20:36.977000+00:00,Unattributed active time,0.22402914601776136,gap assigned to next activity,Activity classified by event type and edit destination; original commands omitted.,
Backend,01a0eb6e-2fe5-7f43-ac29-6908561b4ef2,2026-09-29T04:31:02.127000+00:00,2026-09-29T04:31:05.988000+00:00,Analysis,3.8610254740904684,gap assigned to next activity,Activity classified by event type and edit destination; original commands omitted.,rs_0efef1dac8297075016abb3f0a0e3887d284f15b267df94c7f
Backend,01a0eb6e-2fe5-7f43-ac29-6908561b4ef2,2026-09-29T04:31:05.988000+00:00,2026-09-29T04:31:07.134000+00:00,Analysis,1.1460077605913555,event,Activity classified by event type and edit destination; original commands omitted.,rs_0efef1dac8297075016abb3f0a0e3887d284f15b267df94c7f
Backend,01a0eb6e-2fe5-7f43-ac29-6908561b4ef2,2026-09-29T04:31:07.134000+00:00,2026-09-29T04:31:07.136000+00:00,Communication and follow-up,0.0019998683280182134,gap assigned to next activity,Activity classified by event type and edit destination; original commands omitted.,msg_0efef1dac8297075016abb3f0b1bbc87d28957544e5225ea48
Backend,01a0eb6e-2fe5-7f43-ac29-6908561b4ef2,2026-09-29T04:31:07.136000+00:00,2026-09-29T04:31:08.652000+00:00,Communication and follow-up,1.5160101043329912,event,Activity classified by event type and edit destination; original commands omitted.,msg_0efef1dac8297075016abb3f0b1bbc87d28957544e5225ea48
Backend,01a0eb6e-2fe5-7f43-ac29-6908561b4ef2,2026-09-29T04:31:08.652000+00:00,2026-09-29T04:31:14.595000+00:00,Analysis,5.943039561940829,gap assigned to next activity,Activity classified by event type and edit destination; original commands omitted.,exec-e822125b-60d6-4184-b5dc-1ee113ae66ff
Backend,01a0eb6e-2fe5-7f43-ac29-6908561b4ef2,2026-09-29T04:31:14.595000+00:00,2026-09-29T04:31:14.901000+00:00,Analysis,0.30600202726195425,event,Activity classified by event type and edit destination; original commands omitted.,exec-e822125b-60d6-4184-b5dc-1ee113ae66ff
Backend,01a0eb6e-2fe5-7f43-ac29-6908561b4ef2,2026-09-29T04:31:14.901000+00:00,2026-09-29T04:31:17.338000+00:00,Analysis,2.4370162270310445,gap assigned to next activity,Activity classified by event type and edit destination; original commands omitted.,rs_0efef1dac8297075016abb3f1567fc87d2be1f7c28b3656406
Backend,01a0eb6e-2fe5-7f43-ac29-6908561b4ef2,2026-09-29T04:31:17.338000+00:00,2026-09-29T04:31:17.899000+00:00,Analysis,0.5610035974368346,event,Activity classified by event type and edit destination; original commands omitted.,rs_0efef1dac8297075016abb3f1567fc87d2be1f7c28b3656406
Backend,01a0eb6e-2fe5-7f43-ac29-6908561b4ef2,2026-09-29T04:31:17.899000+00:00,2026-09-29T04:31:22.760000+00:00,Analysis,4.861032356249318,gap assigned to next activity,Activity classified by event type and edit destination; original commands omitted.,exec-08e4b3e7-0216-49b1-b169-d234859b139c
Backend,01a0eb6e-2fe5-7f43-ac29-6908561b4ef2,2026-09-29T04:31:22.760000+00:00,2026-09-29T04:31:23.063000+00:00,Analysis,0.30300198634976383,event,Activity classified by event type and edit destination; original commands omitted.,exec-08e4b3e7-0216-49b1-b169-d234859b139c
Backend,01a0eb6e-2fe5-7f43-ac29-6908561b4ef2,2026-09-29T04:31:23.063000+00:00,2026-09-29T04:31:24.846000+00:00,Analysis,1.7830118381566333,gap assigned to next activity,Activity classified by event type and edit destination; original commands omitted.,rs_0efef1dac8297075016abb3f1cdcd487d2931745fcb2614239
Backend,01a0eb6e-2fe5-7f43-ac29-6908561b4ef2,2026-09-29T04:31:24.846000+00:00,2026-09-29T04:31:40.731000+00:00,Analysis,15.885105526252232,event,Activity classified by event type and edit destination; original commands omitted.,rs_0efef1dac8297075016abb3f1cdcd487d2931745fcb2614239
Backend,01a0eb6e-2fe5-7f43-ac29-6908561b4ef2,2026-09-29T04:31:40.731000+00:00,2026-09-29T04:31:40.736000+00:00,Analysis,0.005000147660371718,gap assigned to next activity,Activity classified by event type and edit destination; original commands omitted.,rs_0efef1dac8297075016abb3f2ccc0087d2a1e30aa4d7c0ee63
Backend,01a0eb6e-2fe5-7f43-ac29-6908561b4ef2,2026-09-29T04:31:40.736000+00:00,2026-09-29T04:31:56.859000+00:00,Analysis,16.123107023538143,event,Activity classified by event type and edit destination; original commands omitted.,rs_0efef1dac8297075016abb3f2ccc0087d2a1e30aa4d7c0ee63
Backend,01a0eb6e-2fe5-7f43-ac29-6908561b4ef2,2026-09-29T04:31:56.859000+00:00,2026-09-29T04:32:21.913000+00:00,Implementation,25.054166591466434,gap assigned to next activity,Activity classified by event type and edit destination; original commands omitted.,exec-71f26aab-17ba-46f4-af21-991ba78deecf
Backend,01a0eb6e-2fe5-7f43-ac29-6908561b4ef2,2026-09-29T04:32:21.913000+00:00,2026-09-29T04:32:25.046000+00:00,Implementation,3.1330207118357953,event,Activity classified by event type and edit destination; original commands omitted.,exec-71f26aab-17ba-46f4-af21-991ba78deecf
Backend,01a0eb6e-2fe5-7f43-ac29-6908561b4ef2,2026-09-29T04:32:25.046000+00:00,2026-09-29T04:32:25.907000+00:00,Analysis,0.8610057812945711,event,Activity classified by event type and edit destination; original commands omitted.,rs_0efef1dac8297075016abb3f591c8087d28ee059c82199d4f2
Backend,01a0eb6e-2fe5-7f43-ac29-6908561b4ef2,2026-09-29T04:32:25.907000+00:00,2026-09-29T04:32:26.715000+00:00,Analysis,0.8080052174593159,event,Activity classified by event type and edit destination; original commands omitted.,rs_0efef1dac8297075016abb3f591c8087d28ee059c82199d4f2
Backend,01a0eb6e-2fe5-7f43-ac29-6908561b4ef2,2026-09-29T04:32:26.715000+00:00,2026-09-29T04:32:32.078000+00:00,Analysis,5.363035784866843,gap assigned to next activity,Activity classified by event type and edit destination; original commands omitted.,exec-fd9a5c30-be1a-4860-80e0-c9b590a179d5
Backend,01a0eb6e-2fe5-7f43-ac29-6908561b4ef2,2026-09-29T04:32:32.078000+00:00,2026-09-29T04:32:32.358000+00:00,Analysis,0.28000183163641273,event,Activity classified by event type and edit destination; original commands omitted.,exec-fd9a5c30-be1a-4860-80e0-c9b590a179d5
Backend,01a0eb6e-2fe5-7f43-ac29-6908561b4ef2,2026-09-29T04:32:32.358000+00:00,2026-09-29T04:32:35.386000+00:00,Analysis,3.02801999516962,gap assigned to next activity,Activity classified by event type and edit destination; original commands omitted.,rs_0efef1dac8297075016abb3f63746487d2b2a52dfd90b823c8
Backend,01a0eb6e-2fe5-7f43-ac29-6908561b4ef2,2026-09-29T04:32:35.386000+00:00,2026-09-29T04:32:51.056000+00:00,Analysis,15.670104183679674,event,Activity classified by event type and edit destination; original commands omitted.,rs_0efef1dac8297075016abb3f63746487d2b2a52dfd90b823c8
Backend,01a0eb6e-2fe5-7f43-ac29-6908561b4ef2,2026-09-29T04:32:51.056000+00:00,2026-09-29T04:33:11.320000+00:00,Testing and verification,20.264134567685186,gap assigned to next activity,Activity classified by event type and edit destination; original commands omitted.,exec-f522fa9c-700e-4141-a590-9e4a1806287b
Backend,01a0eb6e-2fe5-7f43-ac29-6908561b4ef2,2026-09-29T04:33:11.320000+00:00,2026-09-29T04:33:14.408000+00:00,Testing and verification,3.088020574993265,event,Activity classified by event type and edit destination; original commands omitted.,exec-f522fa9c-700e-4141-a590-9e4a1806287b
Backend,01a0eb6e-2fe5-7f43-ac29-6908561b4ef2,2026-09-29T04:33:14.408000+00:00,2026-09-29T04:33:15.058000+00:00,Technical diagnosis,0.6500044137982116,gap assigned to next activity,Activity classified by event type and edit destination; original commands omitted.,exec-bc9aa501-d573-4587-94ca-94dfc9627fc8
Backend,01a0eb6e-2fe5-7f43-ac29-6908561b4ef2,2026-09-29T04:33:15.058000+00:00,2026-09-29T04:33:19.874000+00:00,Technical diagnosis,4.816031980986625,event,Activity classified by event type and edit destination; original commands omitted.,exec-bc9aa501-d573-4587-94ca-94dfc9627fc8
Backend,01a0eb6e-2fe5-7f43-ac29-6908561b4ef2,2026-09-29T04:33:19.874000+00:00,2026-09-29T04:33:34.260000+00:00,Technical diagnosis,14.386095494808211,gap assigned to next activity,Activity classified by event type and edit destination; original commands omitted.,exec-86eaf1af-7758-46ee-8774-f377be3a1bfc
Backend,01a0eb6e-2fe5-7f43-ac29-6908561b4ef2,2026-09-29T04:33:34.260000+00:00,2026-09-29T04:33:35.426000+00:00,Technical diagnosis,1.1660078743925162,event,Activity classified by event type and edit destination; original commands omitted.,exec-86eaf1af-7758-46ee-8774-f377be3a1bfc
Backend,01a0eb6e-2fe5-7f43-ac29-6908561b4ef2,2026-09-29T04:33:35.426000+00:00,2026-09-29T04:33:36.492000+00:00,Testing and verification,1.0660070669665496,event,Activity classified by event type and edit destination; original commands omitted.,exec-2e336bb1-5f7c-4b1a-8bbb-ca80f187545c
Backend,01a0eb6e-2fe5-7f43-ac29-6908561b4ef2,2026-09-29T04:33:36.492000+00:00,2026-09-29T04:33:38.893000+00:00,Technical diagnosis,2.4010157360847595,event,Activity classified by event type and edit destination; original commands omitted.,exec-86eaf1af-7758-46ee-8774-f377be3a1bfc
Backend,01a0eb6e-2fe5-7f43-ac29-6908561b4ef2,2026-09-29T04:33:38.893000+00:00,2026-09-29T04:33:39.521000+00:00,Technical diagnosis,0.6280041932488696,event,Activity classified by event type and edit destination; original commands omitted.,rs_0efef1dac8297075016abb3fa2f4cc87d2b0af8c9577b1180d
Backend,01a0eb6e-2fe5-7f43-ac29-6908561b4ef2,2026-09-29T04:33:39.521000+00:00,2026-09-29T04:33:45.677000+00:00,Technical diagnosis,6.1560410361853695,event,Activity classified by event type and edit destination; original commands omitted.,exec-86eaf1af-7758-46ee-8774-f377be3a1bfc
Backend,01a0eb6e-2fe5-7f43-ac29-6908561b4ef2,2026-09-29T04:33:45.677000+00:00,2026-09-29T04:33:45.986000+00:00,Technical diagnosis,0.30900206817414466,event,Activity classified by event type and edit destination; original commands omitted.,exec-49ae44bf-0884-41a9-98c1-7208cda0b6b9
Backend,01a0eb6e-2fe5-7f43-ac29-6908561b4ef2,2026-09-29T04:33:45.986000+00:00,2026-09-29T04:33:49.130000+00:00,Technical diagnosis,3.1440209413205475,event,Activity classified by event type and edit destination; original commands omitted.,exec-86eaf1af-7758-46ee-8774-f377be3a1bfc
Backend,01a0eb6e-2fe5-7f43-ac29-6908561b4ef2,2026-09-29T04:33:49.130000+00:00,2026-09-29T04:33:53.957000+00:00,Analysis,4.8270319720512145,event,Activity classified by event type and edit destination; original commands omitted.,rs_0efef1dac8297075016abb3fad1e6487d2b8f28f608e3efe65
Backend,01a0eb6e-2fe5-7f43-ac29-6908561b4ef2,2026-09-29T04:33:53.957000+00:00,2026-09-29T04:33:57.423000+00:00,Technical diagnosis,3.466023107307463,event,Activity classified by event type and edit destination; original commands omitted.,exec-86eaf1af-7758-46ee-8774-f377be3a1bfc
Backend,01a0eb6e-2fe5-7f43-ac29-6908561b4ef2,2026-09-29T04:33:57.423000+00:00,2026-09-29T04:33:59.333000+00:00,Technical diagnosis,1.9100125369519874,event,Activity classified by event type and edit destination; original commands omitted.,exec-86eaf1af-7758-46ee-8774-f377be3a1bfc
Backend,01a0eb6e-2fe5-7f43-ac29-6908561b4ef2,2026-09-29T04:33:59.333000+00:00,2026-09-29T04:34:12.884000+00:00,Analysis,13.551090147559345,event,Activity classified by event type and edit destination; original commands omitted.,rs_0efef1dac8297075016abb3fb765ec87d2a9f72ef84713747b
Backend,01a0eb6e-2fe5-7f43-ac29-6908561b4ef2,2026-09-29T04:34:12.884000+00:00,2026-09-29T04:34:24.113000+00:00,Technical diagnosis,11.229074455674892,event,Activity classified by event type and edit destination; original commands omitted.,exec-86eaf1af-7758-46ee-8774-f377be3a1bfc
Backend,01a0eb6e-2fe5-7f43-ac29-6908561b4ef2,2026-09-29T04:34:24.113000+00:00,2026-09-29T04:34:24.404000+00:00,Testing and verification,0.2910020611211653,event,Activity classified by event type and edit destination; original commands omitted.,exec-ebe6706c-32e3-413a-afa4-fb24415c802f
Backend,01a0eb6e-2fe5-7f43-ac29-6908561b4ef2,2026-09-29T04:34:24.404000+00:00,2026-09-29T04:34:26.207000+00:00,Technical diagnosis,1.8030119519577938,event,Activity classified by event type and edit destination; original commands omitted.,exec-86eaf1af-7758-46ee-8774-f377be3a1bfc
Backend,01a0eb6e-2fe5-7f43-ac29-6908561b4ef2,2026-09-29T04:34:26.207000+00:00,2026-09-29T04:34:29.516000+00:00,Technical diagnosis,3.309021999390205,event,Activity classified by event type and edit destination; original commands omitted.,rs_0efef1dac8297075016abb3fd23f6c87d2a66e5b06c849c0cd
Backend,01a0eb6e-2fe5-7f43-ac29-6908561b4ef2,2026-09-29T04:34:29.516000+00:00,2026-09-29T04:34:29.518000+00:00,Technical diagnosis,0.0019998683280182134,event,Activity classified by event type and edit destination; original commands omitted.,exec-86eaf1af-7758-46ee-8774-f377be3a1bfc
Backend,01a0eb6e-2fe5-7f43-ac29-6908561b4ef2,2026-09-29T04:34:29.518000+00:00,2026-09-29T04:34:31.542000+00:00,Communication and follow-up,2.024013614774897,event,Activity classified by event type and edit destination; original commands omitted.,msg_0efef1dac8297075016abb3fd596d087d280d9c4eed67b6dad
Backend,01a0eb6e-2fe5-7f43-ac29-6908561b4ef2,2026-09-29T04:34:31.542000+00:00,2026-09-29T04:34:31.543000+00:00,Technical diagnosis,0.0009999341640091067,event,Activity classified by event type and edit destination; original commands omitted.,exec-86eaf1af-7758-46ee-8774-f377be3a1bfc
Backend,01a0eb6e-2fe5-7f43-ac29-6908561b4ef2,2026-09-29T04:34:31.543000+00:00,2026-09-29T04:34:35.412000+00:00,Technical diagnosis,3.8690256626630304,event,Activity classified by event type and edit destination; original commands omitted.,rs_0efef1dac8297075016abb3fd79bdc87d2aefea91ba2c50954
Backend,01a0eb6e-2fe5-7f43-ac29-6908561b4ef2,2026-09-29T04:34:35.412000+00:00,2026-09-29T04:34:43.632000+00:00,Technical diagnosis,8.220054640142425,event,Activity classified by event type and edit destination; original commands omitted.,exec-86eaf1af-7758-46ee-8774-f377be3a1bfc
Backend,01a0eb6e-2fe5-7f43-ac29-6908561b4ef2,2026-09-29T04:34:43.632000+00:00,2026-09-29T04:34:50.312000+00:00,Technical diagnosis,6.680044446932073,event,Activity classified by event type and edit destination; original commands omitted.,rs_0efef1dac8297075016abb3fe3b33c87d2ba870ed087881eff
Backend,01a0eb6e-2fe5-7f43-ac29-6908561b4ef2,2026-09-29T04:34:50.312000+00:00,2026-09-29T04:34:51.967000+00:00,Technical diagnosis,1.655010966777107,event,Activity classified by event type and edit destination; original commands omitted.,exec-86eaf1af-7758-46ee-8774-f377be3a1bfc
Backend,01a0eb6e-2fe5-7f43-ac29-6908561b4ef2,2026-09-29T04:34:51.967000+00:00,2026-09-29T04:34:52.248000+00:00,Technical diagnosis,0.2810017658004218,event,Activity classified by event type and edit destination; original commands omitted.,exec-b050e866-d74b-41ae-9b10-d40f5123406e
Backend,01a0eb6e-2fe5-7f43-ac29-6908561b4ef2,2026-09-29T04:34:52.248000+00:00,2026-09-29T04:34:53.773000+00:00,Technical diagnosis,1.5250102270695625,event,Activity classified by event type and edit destination; original commands omitted.,exec-86eaf1af-7758-46ee-8774-f377be3a1bfc
Backend,01a0eb6e-2fe5-7f43-ac29-6908561b4ef2,2026-09-29T04:34:53.773000+00:00,2026-09-29T04:34:55.465000+00:00,Analysis,1.692011153467238,event,Activity classified by event type and edit destination; original commands omitted.,rs_0efef1dac8297075016abb3fedd7b887d289a78ae93df49167
Backend,01a0eb6e-2fe5-7f43-ac29-6908561b4ef2,2026-09-29T04:34:55.465000+00:00,2026-09-29T04:34:55.816000+00:00,Technical diagnosis,0.3510024025246473,event,Activity classified by event type and edit destination; original commands omitted.,exec-86eaf1af-7758-46ee-8774-f377be3a1bfc
Backend,01a0eb6e-2fe5-7f43-ac29-6908561b4ef2,2026-09-29T04:34:55.816000+00:00,2026-09-29T04:35:09.294000+00:00,Unattributed active time,13.47808946992293,event,Activity classified by event type and edit destination; original commands omitted.,call_Jzt4psXNFhwf9SzoU1mF02DS
Backend,01a0eb6e-2fe5-7f43-ac29-6908561b4ef2,2026-09-29T04:35:09.294000+00:00,2026-09-29T04:35:13.508000+00:00,Technical diagnosis,4.214027983363297,event,Activity classified by event type and edit destination; original commands omitted.,exec-86eaf1af-7758-46ee-8774-f377be3a1bfc
Backend,01a0eb6e-2fe5-7f43-ac29-6908561b4ef2,2026-09-29T04:35:13.508000+00:00,2026-09-29T04:35:14.106000+00:00,Analysis,0.5980040225471286,event,Activity classified by event type and edit destination; original commands omitted.,rs_0efef1dac8297075016abb4001940087d28afc7548699bf6ae
Backend,01a0eb6e-2fe5-7f43-ac29-6908561b4ef2,2026-09-29T04:35:14.106000+00:00,2026-09-29T04:35:21.772000+00:00,Technical diagnosis,7.66605105869398,event,Activity classified by event type and edit destination; original commands omitted.,exec-86eaf1af-7758-46ee-8774-f377be3a1bfc
Backend,01a0eb6e-2fe5-7f43-ac29-6908561b4ef2,2026-09-29T04:35:21.772000+00:00,2026-09-29T04:35:23.293000+00:00,Analysis,1.5210100135731999,event,Activity classified by event type and edit destination; original commands omitted.,rs_0efef1dac8297075016abb4009d57887d2a41238eb84e78c85
Backend,01a0eb6e-2fe5-7f43-ac29-6908561b4ef2,2026-09-29T04:35:23.293000+00:00,2026-09-29T04:35:23.616000+00:00,Technical diagnosis,0.3230021001509245,event,Activity classified by event type and edit destination; original commands omitted.,exec-86eaf1af-7758-46ee-8774-f377be3a1bfc
Backend,01a0eb6e-2fe5-7f43-ac29-6908561b4ef2,2026-09-29T04:35:23.616000+00:00,2026-09-29T04:35:42.851000+00:00,Unattributed active time,19.23512792582893,event,Activity classified by event type and edit destination; original commands omitted.,call_9kStyurRcprEpzmKPeybJO0W
Backend,01a0eb6e-2fe5-7f43-ac29-6908561b4ef2,2026-09-29T04:35:42.851000+00:00,2026-09-29T04:35:43.618000+00:00,Unattributed active time,0.7670050556929854,event,Activity classified by event type and edit destination; original commands omitted.,call_9kStyurRcprEpzmKPeybJO0W
Backend,01a0eb6e-2fe5-7f43-ac29-6908561b4ef2,2026-09-29T04:35:43.618000+00:00,2026-09-29T04:35:48.857000+00:00,Analysis,5.239034888563516,gap assigned to next activity,Activity classified by event type and edit destination; original commands omitted.,rs_0efef1dac8297075016abb4024ed3887d2b80b112744c1a0b3
Backend,01a0eb6e-2fe5-7f43-ac29-6908561b4ef2,2026-09-29T04:35:48.857000+00:00,2026-09-29T04:35:50.134000+00:00,Analysis,1.2770084344629091,event,Activity classified by event type and edit destination; original commands omitted.,rs_0efef1dac8297075016abb4024ed3887d2b80b112744c1a0b3
Backend,01a0eb6e-2fe5-7f43-ac29-6908561b4ef2,2026-09-29T04:35:50.134000+00:00,2026-09-29T04:35:53.271000+00:00,Analysis,3.1370206869119945,gap assigned to next activity,Activity classified by event type and edit destination; original commands omitted.,exec-96d4fc38-8097-45b1-958d-9259168f124d
Backend,01a0eb6e-2fe5-7f43-ac29-6908561b4ef2,2026-09-29T04:35:53.271000+00:00,2026-09-29T04:35:53.580000+00:00,Analysis,0.30900206817414466,event,Activity classified by event type and edit destination; original commands omitted.,exec-96d4fc38-8097-45b1-958d-9259168f124d
Backend,01a0eb6e-2fe5-7f43-ac29-6908561b4ef2,2026-09-29T04:35:53.580000+00:00,2026-09-29T04:35:59.271000+00:00,Communication and follow-up,5.6910377942579755,gap assigned to next activity,Activity classified by event type and edit destination; original commands omitted.,call_9haz2AuXnNwfOEdrAaIzQ7la
Backend,01a0eb6e-2fe5-7f43-ac29-6908561b4ef2,2026-09-29T04:35:59.271000+00:00,2026-09-29T04:36:01.326000+00:00,Communication and follow-up,2.055013719640647,gap assigned to next activity,Activity classified by event type and edit destination; original commands omitted.,msg_0efef1dac8297075016abb40315ff087d28e6cb8a7ddaf2022
Backend,01a0eb6e-2fe5-7f43-ac29-6908561b4ef2,2026-09-29T04:36:01.326000+00:00,2026-09-29T04:36:03.043000+00:00,Communication and follow-up,1.7170114149287703,event,Activity classified by event type and edit destination; original commands omitted.,msg_0efef1dac8297075016abb40315ff087d28e6cb8a7ddaf2022
Backend,01a0eb6e-2fe5-7f43-ac29-6908561b4ef2,2026-09-29T04:36:03.043000+00:00,2026-09-29T04:36:03.185000+00:00,Unattributed active time,0.1420009033563061,gap assigned to next activity,Activity classified by event type and edit destination; original commands omitted.,
Components,01a0eb27-fa0c-7271-89e6-2257a5556ec5,2026-09-29T03:14:20.820000+00:00,2026-09-29T03:14:26.796000+00:00,Analysis,5.9759443283459355,gap assigned to next activity,Activity classified by event type and edit destination; original commands omitted.,rs_0e10e2b877424cad016abb2d12cbfc87d2926931164440713f
Components,01a0eb27-fa0c-7271-89e6-2257a5556ec5,2026-09-29T03:14:26.796000+00:00,2026-09-29T03:14:27.943000+00:00,Analysis,1.1469893755350953,event,Activity classified by event type and edit destination; original commands omitted.,rs_0e10e2b877424cad016abb2d12cbfc87d2926931164440713f
Components,01a0eb27-fa0c-7271-89e6-2257a5556ec5,2026-09-29T03:14:27.943000+00:00,2026-09-29T03:14:27.952000+00:00,Communication and follow-up,0.00899974057642807,gap assigned to next activity,Activity classified by event type and edit destination; original commands omitted.,msg_0e10e2b877424cad016abb2d13f2e087d2a9c957febd457d67
Components,01a0eb27-fa0c-7271-89e6-2257a5556ec5,2026-09-29T03:14:27.952000+00:00,2026-09-29T03:14:29.831000+00:00,Communication and follow-up,1.8789826602046757,event,Activity classified by event type and edit destination; original commands omitted.,msg_0e10e2b877424cad016abb2d13f2e087d2a9c957febd457d67
Components,01a0eb27-fa0c-7271-89e6-2257a5556ec5,2026-09-29T03:14:29.831000+00:00,2026-09-29T03:14:33.061000+00:00,Analysis,3.229969890661706,gap assigned to next activity,Activity classified by event type and edit destination; original commands omitted.,exec-3482d1a2-2f1f-4f51-93ee-9e793a0731a5
Components,01a0eb27-fa0c-7271-89e6-2257a5556ec5,2026-09-29T03:14:33.061000+00:00,2026-09-29T03:14:33.291000+00:00,Analysis,0.22999763529018272,event,Activity classified by event type and edit destination; original commands omitted.,exec-3482d1a2-2f1f-4f51-93ee-9e793a0731a5
Components,01a0eb27-fa0c-7271-89e6-2257a5556ec5,2026-09-29T03:14:33.291000+00:00,2026-09-29T03:14:41.477000+00:00,Environment and operational integration,8.185923752316192,gap assigned to next activity,Activity classified by event type and edit destination; original commands omitted.,exec-4c600141-2928-4d70-8448-adfa78cc5f6d
Components,01a0eb27-fa0c-7271-89e6-2257a5556ec5,2026-09-29T03:14:41.477000+00:00,2026-09-29T03:14:41.702000+00:00,Environment and operational integration,0.2249978059050955,event,Activity classified by event type and edit destination; original commands omitted.,exec-4c600141-2928-4d70-8448-adfa78cc5f6d
Components,01a0eb27-fa0c-7271-89e6-2257a5556ec5,2026-09-29T03:14:41.702000+00:00,2026-09-29T03:14:49.655000+00:00,Environment and operational integration,7.95292588561206,gap assigned to next activity,Activity classified by event type and edit destination; original commands omitted.,exec-3b5d2549-350e-448a-8471-64478f58f77b
Components,01a0eb27-fa0c-7271-89e6-2257a5556ec5,2026-09-29T03:14:49.655000+00:00,2026-09-29T03:14:49.901000+00:00,Environment and operational integration,0.24599775688825648,event,Activity classified by event type and edit destination; original commands omitted.,exec-3b5d2549-350e-448a-8471-64478f58f77b
Components,01a0eb27-fa0c-7271-89e6-2257a5556ec5,2026-09-29T03:14:49.901000+00:00,2026-09-29T03:14:55.675000+00:00,Environment and operational integration,5.773946071395138,gap assigned to next activity,Activity classified by event type and edit destination; original commands omitted.,exec-c1bbee29-2882-4e6b-9181-3a80b92602ba
Components,01a0eb27-fa0c-7271-89e6-2257a5556ec5,2026-09-29T03:14:55.675000+00:00,2026-09-29T03:14:55.892000+00:00,Environment and operational integration,0.21699798352241384,event,Activity classified by event type and edit destination; original commands omitted.,exec-c1bbee29-2882-4e6b-9181-3a80b92602ba
Components,01a0eb27-fa0c-7271-89e6-2257a5556ec5,2026-09-29T03:14:55.892000+00:00,2026-09-29T03:14:58.752000+00:00,Analysis,2.859973456343752,gap assigned to next activity,Activity classified by event type and edit destination; original commands omitted.,rs_0e10e2b877424cad016abb2d32c0b087d2a4c046350ff35f08
Components,01a0eb27-fa0c-7271-89e6-2257a5556ec5,2026-09-29T03:14:58.752000+00:00,2026-09-29T03:14:59.231000+00:00,Analysis,0.47899538517603363,event,Activity classified by event type and edit destination; original commands omitted.,rs_0e10e2b877424cad016abb2d32c0b087d2a4c046350ff35f08
Components,01a0eb27-fa0c-7271-89e6-2257a5556ec5,2026-09-29T03:14:59.231000+00:00,2026-09-29T03:15:04.150000+00:00,Environment and operational integration,4.918954265905962,gap assigned to next activity,Activity classified by event type and edit destination; original commands omitted.,exec-bc60b5bc-740c-46a3-97e9-ca997a952b80
Components,01a0eb27-fa0c-7271-89e6-2257a5556ec5,2026-09-29T03:15:04.150000+00:00,2026-09-29T03:15:04.402000+00:00,Environment and operational integration,0.2519975044670901,event,Activity classified by event type and edit destination; original commands omitted.,exec-bc60b5bc-740c-46a3-97e9-ca997a952b80
Components,01a0eb27-fa0c-7271-89e6-2257a5556ec5,2026-09-29T03:15:04.402000+00:00,2026-09-29T03:15:09.141000+00:00,Analysis,4.738955878132073,gap assigned to next activity,Activity classified by event type and edit destination; original commands omitted.,rs_0e10e2b877424cad016abb2d3d216087d2b3ed60fa5a90f52d
Components,01a0eb27-fa0c-7271-89e6-2257a5556ec5,2026-09-29T03:15:09.141000+00:00,2026-09-29T03:15:10.072000+00:00,Analysis,0.9309913102064279,event,Activity classified by event type and edit destination; original commands omitted.,rs_0e10e2b877424cad016abb2d3d216087d2b3ed60fa5a90f52d
Components,01a0eb27-fa0c-7271-89e6-2257a5556ec5,2026-09-29T03:15:10.072000+00:00,2026-09-29T03:15:15.032000+00:00,Environment and operational integration,4.959953772845828,gap assigned to next activity,Activity classified by event type and edit destination; original commands omitted.,exec-becb6b99-fbf2-418a-b2e3-a99cbd008eaf
Components,01a0eb27-fa0c-7271-89e6-2257a5556ec5,2026-09-29T03:15:15.032000+00:00,2026-09-29T03:15:15.261000+00:00,Environment and operational integration,0.22899771709643632,event,Activity classified by event type and edit destination; original commands omitted.,exec-becb6b99-fbf2-418a-b2e3-a99cbd008eaf
Components,01a0eb27-fa0c-7271-89e6-2257a5556ec5,2026-09-29T03:15:15.261000+00:00,2026-09-29T03:15:21.476000+00:00,Analysis,6.214942181045257,gap assigned to next activity,Activity classified by event type and edit destination; original commands omitted.,exec-54c1f752-7c64-4e8e-a303-449adef4ad9e
Components,01a0eb27-fa0c-7271-89e6-2257a5556ec5,2026-09-29T03:15:21.476000+00:00,2026-09-29T03:15:21.707000+00:00,Analysis,0.23099779190028435,event,Activity classified by event type and edit destination; original commands omitted.,exec-54c1f752-7c64-4e8e-a303-449adef4ad9e
Components,01a0eb27-fa0c-7271-89e6-2257a5556ec5,2026-09-29T03:15:21.707000+00:00,2026-09-29T03:15:26.404000+00:00,Analysis,4.696956214582106,gap assigned to next activity,Activity classified by event type and edit destination; original commands omitted.,rs_0e10e2b877424cad016abb2d4e67c487d2a8190c7c9cdad511
Components,01a0eb27-fa0c-7271-89e6-2257a5556ec5,2026-09-29T03:15:26.404000+00:00,2026-09-29T03:15:28.477000+00:00,Analysis,2.0729806179400807,event,Activity classified by event type and edit destination; original commands omitted.,rs_0e10e2b877424cad016abb2d4e67c487d2a8190c7c9cdad511
Components,01a0eb27-fa0c-7271-89e6-2257a5556ec5,2026-09-29T03:15:28.477000+00:00,2026-09-29T03:15:33.957000+00:00,Implementation,5.479948903378081,gap assigned to next activity,Activity classified by event type and edit destination; original commands omitted.,exec-0da91b7c-a29b-4057-baf5-256507d75d72
Components,01a0eb27-fa0c-7271-89e6-2257a5556ec5,2026-09-29T03:15:33.957000+00:00,2026-09-29T03:15:34.635000+00:00,Implementation,0.6779936491292361,event,Activity classified by event type and edit destination; original commands omitted.,exec-0da91b7c-a29b-4057-baf5-256507d75d72
Components,01a0eb27-fa0c-7271-89e6-2257a5556ec5,2026-09-29T03:15:34.635000+00:00,2026-09-29T03:15:43.089000+00:00,Communication and follow-up,8.453921139965,gap assigned to next activity,Activity classified by event type and edit destination; original commands omitted.,call_zJ98rtrqdqxovVxgmEcAG8rX
Components,01a0eb27-fa0c-7271-89e6-2257a5556ec5,2026-09-29T03:15:43.089000+00:00,2026-09-29T03:15:45.945000+00:00,Analysis,2.855973306736056,gap assigned to next activity,Activity classified by event type and edit destination; original commands omitted.,rs_0e10e2b877424cad016abb2d61ee1887d2a353f5f55b89d6b3
Components,01a0eb27-fa0c-7271-89e6-2257a5556ec5,2026-09-29T03:15:45.945000+00:00,2026-09-29T03:15:47.083000+00:00,Analysis,1.137989396542312,event,Activity classified by event type and edit destination; original commands omitted.,rs_0e10e2b877424cad016abb2d61ee1887d2a353f5f55b89d6b3
Components,01a0eb27-fa0c-7271-89e6-2257a5556ec5,2026-09-29T03:15:47.083000+00:00,2026-09-29T03:15:50.766000+00:00,Analysis,3.682965733885846,gap assigned to next activity,Activity classified by event type and edit destination; original commands omitted.,exec-2db28bc6-b212-4b8a-a23e-f6a6d33ce444
Components,01a0eb27-fa0c-7271-89e6-2257a5556ec5,2026-09-29T03:15:50.766000+00:00,2026-09-29T03:15:51.027000+00:00,Analysis,0.2609974834598734,event,Activity classified by event type and edit destination; original commands omitted.,exec-2db28bc6-b212-4b8a-a23e-f6a6d33ce444
Components,01a0eb27-fa0c-7271-89e6-2257a5556ec5,2026-09-29T03:15:51.027000+00:00,2026-09-29T03:15:52.569000+00:00,Analysis,1.5419856720275507,gap assigned to next activity,Activity classified by event type and edit destination; original commands omitted.,rs_0e10e2b877424cad016abb2d68920487d2aa9899c80473fb4f
Components,01a0eb27-fa0c-7271-89e6-2257a5556ec5,2026-09-29T03:15:52.569000+00:00,2026-09-29T03:15:56.477000+00:00,Analysis,3.907963539790942,event,Activity classified by event type and edit destination; original commands omitted.,rs_0e10e2b877424cad016abb2d68920487d2aa9899c80473fb4f
Components,01a0eb27-fa0c-7271-89e6-2257a5556ec5,2026-09-29T03:15:56.477000+00:00,2026-09-29T03:15:56.482000+00:00,Communication and follow-up,0.005000067801442447,gap assigned to next activity,Activity classified by event type and edit destination; original commands omitted.,msg_0e10e2b877424cad016abb2d6c7b9c87d2967070977283a74a
Components,01a0eb27-fa0c-7271-89e6-2257a5556ec5,2026-09-29T03:15:56.482000+00:00,2026-09-29T03:15:58.095000+00:00,Communication and follow-up,1.612984870527005,event,Activity classified by event type and edit destination; original commands omitted.,msg_0e10e2b877424cad016abb2d6c7b9c87d2967070977283a74a
Components,01a0eb27-fa0c-7271-89e6-2257a5556ec5,2026-09-29T03:15:58.095000+00:00,2026-09-29T03:16:01.813000+00:00,Analysis,3.7179652548305224,gap assigned to next activity,Activity classified by event type and edit destination; original commands omitted.,exec-39b1208b-d80f-4704-8c43-570baab89d17
Components,01a0eb27-fa0c-7271-89e6-2257a5556ec5,2026-09-29T03:16:01.813000+00:00,2026-09-29T03:16:02.310000+00:00,Analysis,0.4969953431616002,event,Activity classified by event type and edit destination; original commands omitted.,exec-39b1208b-d80f-4704-8c43-570baab89d17
Components,01a0eb27-fa0c-7271-89e6-2257a5556ec5,2026-09-29T03:16:02.310000+00:00,2026-09-29T03:16:09.072000+00:00,Implementation,6.761937010139505,gap assigned to next activity,Activity classified by event type and edit destination; original commands omitted.,exec-ecc2dbc9-0f06-48cd-a087-3796902295f5
Components,01a0eb27-fa0c-7271-89e6-2257a5556ec5,2026-09-29T03:16:09.072000+00:00,2026-09-29T03:16:09.562000+00:00,Implementation,0.48999543897266495,event,Activity classified by event type and edit destination; original commands omitted.,exec-ecc2dbc9-0f06-48cd-a087-3796902295f5
Components,01a0eb27-fa0c-7271-89e6-2257a5556ec5,2026-09-29T03:16:09.562000+00:00,2026-09-29T03:17:16.703000+00:00,Implementation,67.1403737625536,gap assigned to next activity,Activity classified by event type and edit destination; original commands omitted.,exec-18c16db3-c14c-4104-ac02-eae016d91232
Components,01a0eb27-fa0c-7271-89e6-2257a5556ec5,2026-09-29T03:17:16.703000+00:00,2026-09-29T03:17:16.945000+00:00,Implementation,0.24199760728056044,event,Activity classified by event type and edit destination; original commands omitted.,exec-18c16db3-c14c-4104-ac02-eae016d91232
Components,01a0eb27-fa0c-7271-89e6-2257a5556ec5,2026-09-29T03:17:16.945000+00:00,2026-09-29T03:17:19.550000+00:00,Analysis,2.604975720462712,gap assigned to next activity,Activity classified by event type and edit destination; original commands omitted.,rs_0e10e2b877424cad016abb2dbf8d3087d289db898a4ce028ef
Components,01a0eb27-fa0c-7271-89e6-2257a5556ec5,2026-09-29T03:17:19.550000+00:00,2026-09-29T03:17:25.474000+00:00,Analysis,5.923944767609439,event,Activity classified by event type and edit destination; original commands omitted.,rs_0e10e2b877424cad016abb2dbf8d3087d289db898a4ce028ef
Components,01a0eb27-fa0c-7271-89e6-2257a5556ec5,2026-09-29T03:17:25.474000+00:00,2026-09-29T03:18:37.265000+00:00,Implementation,71.79033048420065,gap assigned to next activity,Activity classified by event type and edit destination; original commands omitted.,exec-273778d5-614e-45a5-b057-241462f8825e
Components,01a0eb27-fa0c-7271-89e6-2257a5556ec5,2026-09-29T03:18:37.265000+00:00,2026-09-29T03:18:37.517000+00:00,Implementation,0.2519975044670901,event,Activity classified by event type and edit destination; original commands omitted.,exec-273778d5-614e-45a5-b057-241462f8825e
Components,01a0eb27-fa0c-7271-89e6-2257a5556ec5,2026-09-29T03:18:37.517000+00:00,2026-09-29T03:18:43.867000+00:00,Communication and follow-up,6.349940912271585,gap assigned to next activity,Activity classified by event type and edit destination; original commands omitted.,call_Ov5iodJ2uRqNU34amh8R0u6R
Components,01a0eb27-fa0c-7271-89e6-2257a5556ec5,2026-09-29T03:18:43.867000+00:00,2026-09-29T03:18:46.822000+00:00,Analysis,2.9549723604076066,gap assigned to next activity,Activity classified by event type and edit destination; original commands omitted.,rs_0e10e2b877424cad016abb2e16d24887d2b335a7e2b451fd76
Components,01a0eb27-fa0c-7271-89e6-2257a5556ec5,2026-09-29T03:18:46.822000+00:00,2026-09-29T03:18:53.628000+00:00,Analysis,6.805936510076965,event,Activity classified by event type and edit destination; original commands omitted.,rs_0e10e2b877424cad016abb2e16d24887d2b335a7e2b451fd76
Components,01a0eb27-fa0c-7271-89e6-2257a5556ec5,2026-09-29T03:18:53.628000+00:00,2026-09-29T03:21:00.524000+00:00,Implementation,126.89481626296244,gap assigned to next activity,Activity classified by event type and edit destination; original commands omitted.,exec-d9b6ca29-0b30-42fb-8d8e-57185254f099
Components,01a0eb27-fa0c-7271-89e6-2257a5556ec5,2026-09-29T03:21:00.524000+00:00,2026-09-29T03:21:00.755000+00:00,Implementation,0.23099803031663954,event,Activity classified by event type and edit destination; original commands omitted.,exec-d9b6ca29-0b30-42fb-8d8e-57185254f099
Components,01a0eb27-fa0c-7271-89e6-2257a5556ec5,2026-09-29T03:21:00.755000+00:00,2026-09-29T03:21:02.647000+00:00,Analysis,1.8919823119724448,gap assigned to next activity,Activity classified by event type and edit destination; original commands omitted.,rs_0e10e2b877424cad016abb2e9ea25487d2955e1f23e9a9ec3a
Components,01a0eb27-fa0c-7271-89e6-2257a5556ec5,2026-09-29T03:21:02.647000+00:00,2026-09-29T03:21:04.519000+00:00,Analysis,1.8719825175993854,event,Activity classified by event type and edit destination; original commands omitted.,rs_0e10e2b877424cad016abb2e9ea25487d2955e1f23e9a9ec3a
Components,01a0eb27-fa0c-7271-89e6-2257a5556ec5,2026-09-29T03:21:04.519000+00:00,2026-09-29T03:21:09.166000+00:00,Communication and follow-up,4.646956490233102,gap assigned to next activity,Activity classified by event type and edit destination; original commands omitted.,call_8I7h0azT8ra5ML3VS8JzD4qI
Components,01a0eb27-fa0c-7271-89e6-2257a5556ec5,2026-09-29T03:21:09.166000+00:00,2026-09-29T03:21:17.084000+00:00,Analysis,7.917926364667384,gap assigned to next activity,Activity classified by event type and edit destination; original commands omitted.,rs_0e10e2b877424cad016abb2ead14d887d2b87b25e5507b2d23
Components,01a0eb27-fa0c-7271-89e6-2257a5556ec5,2026-09-29T03:21:17.084000+00:00,2026-09-29T03:21:27.005000+00:00,Analysis,9.920907463885401,event,Activity classified by event type and edit destination; original commands omitted.,rs_0e10e2b877424cad016abb2ead14d887d2b87b25e5507b2d23
Components,01a0eb27-fa0c-7271-89e6-2257a5556ec5,2026-09-29T03:21:27.005000+00:00,2026-09-29T03:21:30.874000+00:00,Environment and operational integration,3.8689638692385695,gap assigned to next activity,Activity classified by event type and edit destination; original commands omitted.,exec-5571af54-5073-46b9-a410-a5886795990e
Components,01a0eb27-fa0c-7271-89e6-2257a5556ec5,2026-09-29T03:21:30.874000+00:00,2026-09-29T03:21:31.110000+00:00,Environment and operational integration,0.23599762128537158,event,Activity classified by event type and edit destination; original commands omitted.,exec-5571af54-5073-46b9-a410-a5886795990e
Components,01a0eb27-fa0c-7271-89e6-2257a5556ec5,2026-09-29T03:21:31.110000+00:00,2026-09-29T03:21:33.049000+00:00,Analysis,1.938982043323854,gap assigned to next activity,Activity classified by event type and edit destination; original commands omitted.,rs_0e10e2b877424cad016abb2ebd0c7087d2bc59ee82aa9d701c
Components,01a0eb27-fa0c-7271-89e6-2257a5556ec5,2026-09-29T03:21:33.049000+00:00,2026-09-29T03:21:44.311000+00:00,Analysis,11.261895035572257,event,Activity classified by event type and edit destination; original commands omitted.,rs_0e10e2b877424cad016abb2ebd0c7087d2bc59ee82aa9d701c
Components,01a0eb27-fa0c-7271-89e6-2257a5556ec5,2026-09-29T03:21:44.311000+00:00,2026-09-29T03:22:32.264000+00:00,Implementation,47.952552539931276,gap assigned to next activity,Activity classified by event type and edit destination; original commands omitted.,exec-f5822d93-f645-48d3-852c-beee89e09a01
Components,01a0eb27-fa0c-7271-89e6-2257a5556ec5,2026-09-29T03:22:32.264000+00:00,2026-09-29T03:22:32.564000+00:00,Implementation,0.29999715401224575,event,Activity classified by event type and edit destination; original commands omitted.,exec-f5822d93-f645-48d3-852c-beee89e09a01
Components,01a0eb27-fa0c-7271-89e6-2257a5556ec5,2026-09-29T03:22:32.564000+00:00,2026-09-29T03:22:36.225000+00:00,Analysis,3.6609658647089387,gap assigned to next activity,Activity classified by event type and edit destination; original commands omitted.,rs_0e10e2b877424cad016abb2efc397487d2aa3c10801e58a04d
Components,01a0eb27-fa0c-7271-89e6-2257a5556ec5,2026-09-29T03:22:36.225000+00:00,2026-09-29T03:22:53.194000+00:00,Analysis,16.968841819659282,event,Activity classified by event type and edit destination; original commands omitted.,rs_0e10e2b877424cad016abb2efc397487d2aa3c10801e58a04d
Components,01a0eb27-fa0c-7271-89e6-2257a5556ec5,2026-09-29T03:22:53.194000+00:00,2026-09-29T03:22:53.200000+00:00,Communication and follow-up,0.0059999859951888525,gap assigned to next activity,Activity classified by event type and edit destination; original commands omitted.,msg_0e10e2b877424cad016abb2f0d327887d2a4515c0e32540fee
Components,01a0eb27-fa0c-7271-89e6-2257a5556ec5,2026-09-29T03:22:53.200000+00:00,2026-09-29T03:22:55.257000+00:00,Communication and follow-up,2.056980734758362,event,Activity classified by event type and edit destination; original commands omitted.,msg_0e10e2b877424cad016abb2f0d327887d2a4515c0e32540fee
Components,01a0eb27-fa0c-7271-89e6-2257a5556ec5,2026-09-29T03:22:55.257000+00:00,2026-09-29T03:23:52.284000+00:00,Implementation,57.02646802071018,gap assigned to next activity,Activity classified by event type and edit destination; original commands omitted.,exec-092576d9-7375-4a0b-87a0-7cdcf33a6196
Components,01a0eb27-fa0c-7271-89e6-2257a5556ec5,2026-09-29T03:23:52.284000+00:00,2026-09-29T03:23:52.608000+00:00,Implementation,0.32399709799300114,event,Activity classified by event type and edit destination; original commands omitted.,exec-092576d9-7375-4a0b-87a0-7cdcf33a6196
Components,01a0eb27-fa0c-7271-89e6-2257a5556ec5,2026-09-29T03:23:52.608000+00:00,2026-09-29T03:23:55.706000+00:00,Analysis,3.097971152432972,gap assigned to next activity,Activity classified by event type and edit destination; original commands omitted.,rs_0e10e2b877424cad016abb2f4bb43087d28f89c0127e55afb1
Components,01a0eb27-fa0c-7271-89e6-2257a5556ec5,2026-09-29T03:23:55.706000+00:00,2026-09-29T03:23:58.885000+00:00,Analysis,3.1789702481189557,event,Activity classified by event type and edit destination; original commands omitted.,rs_0e10e2b877424cad016abb2f4bb43087d28f89c0127e55afb1
Components,01a0eb27-fa0c-7271-89e6-2257a5556ec5,2026-09-29T03:23:58.885000+00:00,2026-09-29T03:24:03.987000+00:00,Communication and follow-up,5.101952408261091,gap assigned to next activity,Activity classified by event type and edit destination; original commands omitted.,call_oRyuKl0gOgsixfm47MHIfAq1
Components,01a0eb27-fa0c-7271-89e6-2257a5556ec5,2026-09-29T03:24:03.987000+00:00,2026-09-29T03:24:11.865000+00:00,Environment and operational integration,7.8779265375049095,gap assigned to next activity,Activity classified by event type and edit destination; original commands omitted.,exec-a44b830b-a885-462a-904d-6e04e8c2be0f
Components,01a0eb27-fa0c-7271-89e6-2257a5556ec5,2026-09-29T03:24:11.865000+00:00,2026-09-29T03:24:12.108000+00:00,Environment and operational integration,0.24299776389066205,event,Activity classified by event type and edit destination; original commands omitted.,exec-a44b830b-a885-462a-904d-6e04e8c2be0f
Components,01a0eb27-fa0c-7271-89e6-2257a5556ec5,2026-09-29T03:24:12.108000+00:00,2026-09-29T03:24:13.674000+00:00,Analysis,1.5659853775919508,gap assigned to next activity,Activity classified by event type and edit destination; original commands omitted.,rs_0e10e2b877424cad016abb2f5dab3887d2884d45a5814c3f9d
Components,01a0eb27-fa0c-7271-89e6-2257a5556ec5,2026-09-29T03:24:13.674000+00:00,2026-09-29T03:24:14.350000+00:00,Analysis,0.6759935743253881,event,Activity classified by event type and edit destination; original commands omitted.,rs_0e10e2b877424cad016abb2f5dab3887d2884d45a5814c3f9d
Components,01a0eb27-fa0c-7271-89e6-2257a5556ec5,2026-09-29T03:24:14.350000+00:00,2026-09-29T03:24:18.214000+00:00,Environment and operational integration,3.863964039853482,gap assigned to next activity,Activity classified by event type and edit destination; original commands omitted.,exec-a497672a-4d86-43af-8542-8a7a21f9983c
Components,01a0eb27-fa0c-7271-89e6-2257a5556ec5,2026-09-29T03:24:18.214000+00:00,2026-09-29T03:24:18.467000+00:00,Environment and operational integration,0.25299766107719174,event,Activity classified by event type and edit destination; original commands omitted.,exec-a497672a-4d86-43af-8542-8a7a21f9983c
Components,01a0eb27-fa0c-7271-89e6-2257a5556ec5,2026-09-29T03:24:18.467000+00:00,2026-09-29T03:24:20.697000+00:00,Analysis,2.2299792183433165,gap assigned to next activity,Activity classified by event type and edit destination; original commands omitted.,rs_0e10e2b877424cad016abb2f64b1b487d2a28968624518150f
Components,01a0eb27-fa0c-7271-89e6-2257a5556ec5,2026-09-29T03:24:20.697000+00:00,2026-09-29T03:24:21.548000+00:00,Analysis,0.8509921327141904,event,Activity classified by event type and edit destination; original commands omitted.,rs_0e10e2b877424cad016abb2f64b1b487d2a28968624518150f
Components,01a0eb27-fa0c-7271-89e6-2257a5556ec5,2026-09-29T03:24:21.548000+00:00,2026-09-29T03:24:55.842000+00:00,Implementation,34.29368002684229,gap assigned to next activity,Activity classified by event type and edit destination; original commands omitted.,exec-776b8ed8-fb80-4b2f-a6d0-cacf9ee656f8
Components,01a0eb27-fa0c-7271-89e6-2257a5556ec5,2026-09-29T03:24:55.842000+00:00,2026-09-29T03:24:57.508000+00:00,Implementation,1.6659843494572477,event,Activity classified by event type and edit destination; original commands omitted.,exec-776b8ed8-fb80-4b2f-a6d0-cacf9ee656f8
Components,01a0eb27-fa0c-7271-89e6-2257a5556ec5,2026-09-29T03:24:57.508000+00:00,2026-09-29T03:25:00.484000+00:00,Analysis,2.9759723113907675,gap assigned to next activity,Activity classified by event type and edit destination; original commands omitted.,rs_0e10e2b877424cad016abb2f8c7b1487d2aa230bf9386e4f7e
Components,01a0eb27-fa0c-7271-89e6-2257a5556ec5,2026-09-29T03:25:00.484000+00:00,2026-09-29T03:25:20.673000+00:00,Analysis,20.188811813134457,event,Activity classified by event type and edit destination; original commands omitted.,rs_0e10e2b877424cad016abb2f8c7b1487d2aa230bf9386e4f7e
Components,01a0eb27-fa0c-7271-89e6-2257a5556ec5,2026-09-29T03:25:20.673000+00:00,2026-09-29T03:25:35.412000+00:00,Implementation,14.73886236289961,gap assigned to next activity,Activity classified by event type and edit destination; original commands omitted.,exec-ed318494-3cd8-465e-a8ea-96091288da58
Components,01a0eb27-fa0c-7271-89e6-2257a5556ec5,2026-09-29T03:25:35.412000+00:00,2026-09-29T03:25:36.663000+00:00,Implementation,1.2509884970080882,event,Activity classified by event type and edit destination; original commands omitted.,exec-ed318494-3cd8-465e-a8ea-96091288da58
Components,01a0eb27-fa0c-7271-89e6-2257a5556ec5,2026-09-29T03:25:36.663000+00:00,2026-09-29T03:25:40.044000+00:00,Analysis,3.3809682666533973,gap assigned to next activity,Activity classified by event type and edit destination; original commands omitted.,rs_0e10e2b877424cad016abb2fb40a8487d280c4648cffa4e918
Components,01a0eb27-fa0c-7271-89e6-2257a5556ec5,2026-09-29T03:25:40.044000+00:00,2026-09-29T03:25:48.100000+00:00,Analysis,8.055924850474952,event,Activity classified by event type and edit destination; original commands omitted.,rs_0e10e2b877424cad016abb2fb40a8487d280c4648cffa4e918
Components,01a0eb27-fa0c-7271-89e6-2257a5556ec5,2026-09-29T03:25:48.100000+00:00,2026-09-29T03:25:51.465000+00:00,Communication and follow-up,3.364968621888034,gap assigned to next activity,Activity classified by event type and edit destination; original commands omitted.,call_OwAg1XgMWUekTGBzA4ESaX4M
Components,01a0eb27-fa0c-7271-89e6-2257a5556ec5,2026-09-29T03:25:51.465000+00:00,2026-09-29T03:25:58.041000+00:00,Communication and follow-up,6.575938636370426,gap assigned to next activity,Activity classified by event type and edit destination; original commands omitted.,call_d4CkK7Zj9uuNB4NM3pckI7Fv
Components,01a0eb27-fa0c-7271-89e6-2257a5556ec5,2026-09-29T03:25:58.041000+00:00,2026-09-29T03:26:00.675000+00:00,Analysis,2.633975493828555,gap assigned to next activity,Activity classified by event type and edit destination; original commands omitted.,rs_0e10e2b877424cad016abb2fc8a99887d290166baa37e81308
Components,01a0eb27-fa0c-7271-89e6-2257a5556ec5,2026-09-29T03:26:00.675000+00:00,2026-09-29T03:26:18.277000+00:00,Analysis,17.601835812240957,event,Activity classified by event type and edit destination; original commands omitted.,rs_0e10e2b877424cad016abb2fc8a99887d290166baa37e81308
Components,01a0eb27-fa0c-7271-89e6-2257a5556ec5,2026-09-29T03:26:18.277000+00:00,2026-09-29T03:27:42.939000+00:00,Documentation,84.66121024069221,gap assigned to next activity,Activity classified by event type and edit destination; original commands omitted.,exec-01e61179-55ae-4416-9e68-562410cdc95e
Components,01a0eb27-fa0c-7271-89e6-2257a5556ec5,2026-09-29T03:27:42.939000+00:00,2026-09-29T03:27:43.201000+00:00,Documentation,0.261997640069975,event,Activity classified by event type and edit destination; original commands omitted.,exec-01e61179-55ae-4416-9e68-562410cdc95e
Components,01a0eb27-fa0c-7271-89e6-2257a5556ec5,2026-09-29T03:27:43.201000+00:00,2026-09-29T03:27:46.078000+00:00,Analysis,2.876973257719217,gap assigned to next activity,Activity classified by event type and edit destination; original commands omitted.,rs_0e10e2b877424cad016abb3032125487d2befa10fb167ff79c
Components,01a0eb27-fa0c-7271-89e6-2257a5556ec5,2026-09-29T03:27:46.078000+00:00,2026-09-29T03:27:49.633000+00:00,Analysis,3.554966668432098,event,Activity classified by event type and edit destination; original commands omitted.,rs_0e10e2b877424cad016abb3032125487d2befa10fb167ff79c
Components,01a0eb27-fa0c-7271-89e6-2257a5556ec5,2026-09-29T03:27:49.633000+00:00,2026-09-29T03:27:53.946000+00:00,Communication and follow-up,4.312959971886282,gap assigned to next activity,Activity classified by event type and edit destination; original commands omitted.,call_5PeoM4JA4RcHV7YCUIxKG1yU
Components,01a0eb27-fa0c-7271-89e6-2257a5556ec5,2026-09-29T03:27:53.946000+00:00,2026-09-29T03:27:57.793000+00:00,Analysis,3.846964000061662,gap assigned to next activity,Activity classified by event type and edit destination; original commands omitted.,rs_0e10e2b877424cad016abb303dc99087d2aa2da6e03a59d9b3
Components,01a0eb27-fa0c-7271-89e6-2257a5556ec5,2026-09-29T03:27:57.793000+00:00,2026-09-29T03:28:17.795000+00:00,Analysis,20.001813521171634,event,Activity classified by event type and edit destination; original commands omitted.,rs_0e10e2b877424cad016abb303dc99087d2aa2da6e03a59d9b3
Components,01a0eb27-fa0c-7271-89e6-2257a5556ec5,2026-09-29T03:28:17.795000+00:00,2026-09-29T03:28:17.805000+00:00,Communication and follow-up,0.009999897186529685,gap assigned to next activity,Activity classified by event type and edit destination; original commands omitted.,msg_0e10e2b877424cad016abb3051c92487d28f15245520321b30
Components,01a0eb27-fa0c-7271-89e6-2257a5556ec5,2026-09-29T03:28:17.805000+00:00,2026-09-29T03:28:19.886000+00:00,Communication and follow-up,2.0809804403227625,event,Activity classified by event type and edit destination; original commands omitted.,msg_0e10e2b877424cad016abb3051c92487d28f15245520321b30
Components,01a0eb27-fa0c-7271-89e6-2257a5556ec5,2026-09-29T03:28:19.886000+00:00,2026-09-29T03:28:40.905000+00:00,Implementation,21.018803994865486,gap assigned to next activity,Activity classified by event type and edit destination; original commands omitted.,exec-042f9ac3-7791-4a9b-9019-d375b8518523
Components,01a0eb27-fa0c-7271-89e6-2257a5556ec5,2026-09-29T03:28:40.905000+00:00,2026-09-29T03:28:42.299000+00:00,Implementation,1.3939870506170982,event,Activity classified by event type and edit destination; original commands omitted.,exec-042f9ac3-7791-4a9b-9019-d375b8518523
Components,01a0eb27-fa0c-7271-89e6-2257a5556ec5,2026-09-29T03:28:42.299000+00:00,2026-09-29T03:28:45.812000+00:00,Analysis,3.5129672432984864,gap assigned to next activity,Activity classified by event type and edit destination; original commands omitted.,rs_0e10e2b877424cad016abb306dced087d2b18f6a10d95a0b27
Components,01a0eb27-fa0c-7271-89e6-2257a5556ec5,2026-09-29T03:28:45.812000+00:00,2026-09-29T03:29:04.349000+00:00,Analysis,18.536827033638726,event,Activity classified by event type and edit destination; original commands omitted.,rs_0e10e2b877424cad016abb306dced087d2b18f6a10d95a0b27
Components,01a0eb27-fa0c-7271-89e6-2257a5556ec5,2026-09-29T03:29:04.349000+00:00,2026-09-29T03:29:07.378000+00:00,Environment and operational integration,3.0289717903210103,gap assigned to next activity,Activity classified by event type and edit destination; original commands omitted.,exec-d286bb8d-1435-4f30-83a0-05a33e33a297
Components,01a0eb27-fa0c-7271-89e6-2257a5556ec5,2026-09-29T03:29:07.378000+00:00,2026-09-29T03:29:07.674000+00:00,Environment and operational integration,0.2959972428209049,event,Activity classified by event type and edit destination; original commands omitted.,exec-d286bb8d-1435-4f30-83a0-05a33e33a297
Components,01a0eb27-fa0c-7271-89e6-2257a5556ec5,2026-09-29T03:29:07.674000+00:00,2026-09-29T03:29:09.525000+00:00,Analysis,1.8509828050325796,gap assigned to next activity,Activity classified by event type and edit destination; original commands omitted.,rs_0e10e2b877424cad016abb308584f887d2a379f157df1fe015
Components,01a0eb27-fa0c-7271-89e6-2257a5556ec5,2026-09-29T03:29:09.525000+00:00,2026-09-29T03:29:21.712000+00:00,Analysis,12.18688612136714,event,Activity classified by event type and edit destination; original commands omitted.,rs_0e10e2b877424cad016abb308584f887d2a379f157df1fe015
Components,01a0eb27-fa0c-7271-89e6-2257a5556ec5,2026-09-29T03:29:21.712000+00:00,2026-09-29T03:29:38.517000+00:00,Documentation,16.80484331506711,gap assigned to next activity,Activity classified by event type and edit destination; original commands omitted.,exec-35ea4c2e-a181-47fb-9a37-1ce139eaab0f
Components,01a0eb27-fa0c-7271-89e6-2257a5556ec5,2026-09-29T03:29:38.517000+00:00,2026-09-29T03:29:39.805000+00:00,Documentation,1.2879880927566125,event,Activity classified by event type and edit destination; original commands omitted.,exec-35ea4c2e-a181-47fb-9a37-1ce139eaab0f
Components,01a0eb27-fa0c-7271-89e6-2257a5556ec5,2026-09-29T03:29:39.805000+00:00,2026-09-29T03:29:42.435000+00:00,Analysis,2.629975344220859,gap assigned to next activity,Activity classified by event type and edit destination; original commands omitted.,rs_0e10e2b877424cad016abb30a66dd487d2a7f3919c80e277e6
Components,01a0eb27-fa0c-7271-89e6-2257a5556ec5,2026-09-29T03:29:42.435000+00:00,2026-09-29T03:30:01.088000+00:00,Analysis,18.652826127102095,event,Activity classified by event type and edit destination; original commands omitted.,rs_0e10e2b877424cad016abb30a66dd487d2a7f3919c80e277e6
Components,01a0eb27-fa0c-7271-89e6-2257a5556ec5,2026-09-29T03:30:01.088000+00:00,2026-09-29T03:30:03.788000+00:00,Communication and follow-up,2.699974862942922,gap assigned to next activity,Activity classified by event type and edit destination; original commands omitted.,call_LLJeRkIi8tkUR6MOkrbDWsuH
Components,01a0eb27-fa0c-7271-89e6-2257a5556ec5,2026-09-29T03:30:03.788000+00:00,2026-09-29T03:30:05.817000+00:00,Analysis,2.028980879586266,gap assigned to next activity,Activity classified by event type and edit destination; original commands omitted.,rs_0e10e2b877424cad016abb30bdcf6887d28b9b0ca3a06808a4
Components,01a0eb27-fa0c-7271-89e6-2257a5556ec5,2026-09-29T03:30:05.817000+00:00,2026-09-29T03:30:21.005000+00:00,Analysis,15.187858533348765,event,Activity classified by event type and edit destination; original commands omitted.,rs_0e10e2b877424cad016abb30bdcf6887d28b9b0ca3a06808a4
Components,01a0eb27-fa0c-7271-89e6-2257a5556ec5,2026-09-29T03:30:21.005000+00:00,2026-09-29T03:30:21.011000+00:00,Communication and follow-up,0.005999747578833643,gap assigned to next activity,Activity classified by event type and edit destination; original commands omitted.,msg_0e10e2b877424cad016abb30cd008c87d2a967445c7e4631c7
Components,01a0eb27-fa0c-7271-89e6-2257a5556ec5,2026-09-29T03:30:21.011000+00:00,2026-09-29T03:30:25.587000+00:00,Communication and follow-up,4.575957291733648,event,Activity classified by event type and edit destination; original commands omitted.,msg_0e10e2b877424cad016abb30cd008c87d2a967445c7e4631c7
Components,01a0eb27-fa0c-7271-89e6-2257a5556ec5,2026-09-29T03:30:25.587000+00:00,2026-09-29T03:30:25.709000+00:00,Unattributed active time,0.12199907945855944,gap assigned to next activity,Activity classified by event type and edit destination; original commands omitted.,
Components,01a0eb41-ac0e-7213-a45e-dcd36fa5983a,2026-09-29T03:42:24.801000+00:00,2026-09-29T03:42:30.243000+00:00,Analysis,5.441967576764869,gap assigned to next activity,Activity classified by event type and edit destination; original commands omitted.,rs_0e10e2b877424cad016abb33a63c8487d280b092bb2ed59a3e
Components,01a0eb41-ac0e-7213-a45e-dcd36fa5983a,2026-09-29T03:42:30.243000+00:00,2026-09-29T03:42:30.763000+00:00,Analysis,0.5199968911694127,event,Activity classified by event type and edit destination; original commands omitted.,rs_0e10e2b877424cad016abb33a63c8487d280b092bb2ed59a3e
Components,01a0eb41-ac0e-7213-a45e-dcd36fa5983a,2026-09-29T03:42:30.763000+00:00,2026-09-29T03:42:30.765000+00:00,Communication and follow-up,0.0020000815758460895,gap assigned to next activity,Activity classified by event type and edit destination; original commands omitted.,msg_0e10e2b877424cad016abb33a6c10887d2a2f16db7044305f4
Components,01a0eb41-ac0e-7213-a45e-dcd36fa5983a,2026-09-29T03:42:30.765000+00:00,2026-09-29T03:42:32.446000+00:00,Communication and follow-up,1.6809900060436087,event,Activity classified by event type and edit destination; original commands omitted.,msg_0e10e2b877424cad016abb33a6c10887d2a2f16db7044305f4
Components,01a0eb41-ac0e-7213-a45e-dcd36fa5983a,2026-09-29T03:42:32.446000+00:00,2026-09-29T03:42:38.063000+00:00,Environment and operational integration,5.616966489259297,gap assigned to next activity,Activity classified by event type and edit destination; original commands omitted.,exec-89b7f0ae-18f1-446f-8998-95908546504e
Components,01a0eb41-ac0e-7213-a45e-dcd36fa5983a,2026-09-29T03:42:38.063000+00:00,2026-09-29T03:42:38.288000+00:00,Environment and operational integration,0.22499880613611822,event,Activity classified by event type and edit destination; original commands omitted.,exec-89b7f0ae-18f1-446f-8998-95908546504e
Components,01a0eb41-ac0e-7213-a45e-dcd36fa5983a,2026-09-29T03:42:38.288000+00:00,2026-09-29T03:42:40.532000+00:00,Analysis,2.2439866245478317,gap assigned to next activity,Activity classified by event type and edit destination; original commands omitted.,rs_0e10e2b877424cad016abb33b0854887d28de0a3b9507b20d4
Components,01a0eb41-ac0e-7213-a45e-dcd36fa5983a,2026-09-29T03:42:40.532000+00:00,2026-09-29T03:42:42.513000+00:00,Analysis,1.9809881758079373,event,Activity classified by event type and edit destination; original commands omitted.,rs_0e10e2b877424cad016abb33b0854887d28de0a3b9507b20d4
Components,01a0eb41-ac0e-7213-a45e-dcd36fa5983a,2026-09-29T03:42:42.513000+00:00,2026-09-29T03:42:45.247000+00:00,Environment and operational integration,2.733983722582528,gap assigned to next activity,Activity classified by event type and edit destination; original commands omitted.,exec-a950503f-81ef-4449-b53b-342feefa3aef
Components,01a0eb41-ac0e-7213-a45e-dcd36fa5983a,2026-09-29T03:42:45.247000+00:00,2026-09-29T03:42:45.516000+00:00,Environment and operational integration,0.2689984550502701,event,Activity classified by event type and edit destination; original commands omitted.,exec-a950503f-81ef-4449-b53b-342feefa3aef
Components,01a0eb41-ac0e-7213-a45e-dcd36fa5983a,2026-09-29T03:42:45.516000+00:00,2026-09-29T03:42:48.699000+00:00,Analysis,3.1829809364410973,gap assigned to next activity,Activity classified by event type and edit destination; original commands omitted.,rs_0e10e2b877424cad016abb33b8b10087d2a8fd4e4bc0e04620
Components,01a0eb41-ac0e-7213-a45e-dcd36fa5983a,2026-09-29T03:42:48.699000+00:00,2026-09-29T03:43:07.455000+00:00,Analysis,18.755888596795437,event,Activity classified by event type and edit destination; original commands omitted.,rs_0e10e2b877424cad016abb33b8b10087d2a8fd4e4bc0e04620
Components,01a0eb41-ac0e-7213-a45e-dcd36fa5983a,2026-09-29T03:43:07.455000+00:00,2026-09-29T03:44:22.814000+00:00,Implementation,75.35855219639467,gap assigned to next activity,Activity classified by event type and edit destination; original commands omitted.,exec-dbfd93d5-3927-4948-bdeb-034f5ef98839
Components,01a0eb41-ac0e-7213-a45e-dcd36fa5983a,2026-09-29T03:44:22.814000+00:00,2026-09-29T03:44:24.025000+00:00,Implementation,1.2109930085158862,event,Activity classified by event type and edit destination; original commands omitted.,exec-dbfd93d5-3927-4948-bdeb-034f5ef98839
Components,01a0eb41-ac0e-7213-a45e-dcd36fa5983a,2026-09-29T03:44:24.025000+00:00,2026-09-29T03:44:26.088000+00:00,Analysis,2.0629877057430277,gap assigned to next activity,Activity classified by event type and edit destination; original commands omitted.,rs_0e10e2b877424cad016abb341a149887d2b4670e3eb10553d5
Components,01a0eb41-ac0e-7213-a45e-dcd36fa5983a,2026-09-29T03:44:26.088000+00:00,2026-09-29T03:44:32.562000+00:00,Analysis,6.473961509634634,event,Activity classified by event type and edit destination; original commands omitted.,rs_0e10e2b877424cad016abb341a149887d2b4670e3eb10553d5
Components,01a0eb41-ac0e-7213-a45e-dcd36fa5983a,2026-09-29T03:44:32.562000+00:00,2026-09-29T03:44:44.421000+00:00,Implementation,11.858929503285257,gap assigned to next activity,Activity classified by event type and edit destination; original commands omitted.,exec-795b548b-66a9-40a6-b311-57a6e2ccf153
Components,01a0eb41-ac0e-7213-a45e-dcd36fa5983a,2026-09-29T03:44:44.421000+00:00,2026-09-29T03:44:45.634000+00:00,Implementation,1.2129928516745698,event,Activity classified by event type and edit destination; original commands omitted.,exec-795b548b-66a9-40a6-b311-57a6e2ccf153
Components,01a0eb41-ac0e-7213-a45e-dcd36fa5983a,2026-09-29T03:44:45.634000+00:00,2026-09-29T03:44:48.242000+00:00,Analysis,2.6079845437332856,gap assigned to next activity,Activity classified by event type and edit destination; original commands omitted.,rs_0e10e2b877424cad016abb34303b8c87d2819d2c461f34bfaf
Components,01a0eb41-ac0e-7213-a45e-dcd36fa5983a,2026-09-29T03:44:48.242000+00:00,2026-09-29T03:44:49.232000+00:00,Analysis,0.9899941271142978,event,Activity classified by event type and edit destination; original commands omitted.,rs_0e10e2b877424cad016abb34303b8c87d2819d2c461f34bfaf
Components,01a0eb41-ac0e-7213-a45e-dcd36fa5983a,2026-09-29T03:44:49.232000+00:00,2026-09-29T03:44:59.906000+00:00,Documentation,10.673936363169558,gap assigned to next activity,Activity classified by event type and edit destination; original commands omitted.,exec-a708d0c6-dd7e-4137-9007-ba06faf29b38
Components,01a0eb41-ac0e-7213-a45e-dcd36fa5983a,2026-09-29T03:44:59.906000+00:00,2026-09-29T03:45:00.162000+00:00,Documentation,0.25599852085017666,event,Activity classified by event type and edit destination; original commands omitted.,exec-a708d0c6-dd7e-4137-9007-ba06faf29b38
Components,01a0eb41-ac0e-7213-a45e-dcd36fa5983a,2026-09-29T03:45:00.162000+00:00,2026-09-29T03:45:06.580000+00:00,Communication and follow-up,6.417961848099731,gap assigned to next activity,Activity classified by event type and edit destination; original commands omitted.,call_gbzUtxKoNuz4YMSYqALAu4Kx
Components,01a0eb41-ac0e-7213-a45e-dcd36fa5983a,2026-09-29T03:45:06.580000+00:00,2026-09-29T03:45:06.581000+00:00,Communication and follow-up,0.0010001599965042728,event,Activity classified by event type and edit destination; original commands omitted.,call_gbzUtxKoNuz4YMSYqALAu4Kx
Components,01a0eb41-ac0e-7213-a45e-dcd36fa5983a,2026-09-29T03:45:06.581000+00:00,2026-09-29T03:45:10.757000+00:00,Communication and follow-up,4.175975066710583,gap assigned to next activity,Activity classified by event type and edit destination; original commands omitted.,msg_0e10e2b877424cad016abb3446bfac87d2a556a9706142959e
Components,01a0eb41-ac0e-7213-a45e-dcd36fa5983a,2026-09-29T03:45:10.757000+00:00,2026-09-29T03:45:12.956000+00:00,Communication and follow-up,2.1989870540543377,event,Activity classified by event type and edit destination; original commands omitted.,msg_0e10e2b877424cad016abb3446bfac87d2a556a9706142959e
Components,01a0eb41-ac0e-7213-a45e-dcd36fa5983a,2026-09-29T03:45:12.956000+00:00,2026-09-29T03:45:13.082000+00:00,Unattributed active time,0.12599917884924222,gap assigned to next activity,Activity classified by event type and edit destination; original commands omitted.,
Components,01a0eb45-6ec2-7e32-8295-85e68343d672,2026-09-29T03:46:31.248000+00:00,2026-09-29T03:46:33.457000+00:00,Analysis,2.2090683582363244,gap assigned to next activity,Activity classified by event type and edit destination; original commands omitted.,rs_0e10e2b877424cad016abb349972c887d2bfb9eab2c92f5b01
Components,01a0eb45-6ec2-7e32-8295-85e68343d672,2026-09-29T03:46:33.457000+00:00,2026-09-29T03:46:35.112000+00:00,Analysis,1.6550511030272137,event,Activity classified by event type and edit destination; original commands omitted.,rs_0e10e2b877424cad016abb349972c887d2bfb9eab2c92f5b01
Components,01a0eb45-6ec2-7e32-8295-85e68343d672,2026-09-29T03:46:35.112000+00:00,2026-09-29T03:46:35.116000+00:00,Communication and follow-up,0.004000072080994836,gap assigned to next activity,Activity classified by event type and edit destination; original commands omitted.,msg_0e10e2b877424cad016abb349b17ac87d28e80fb7debe282fa
Components,01a0eb45-6ec2-7e32-8295-85e68343d672,2026-09-29T03:46:35.116000+00:00,2026-09-29T03:46:36.744000+00:00,Communication and follow-up,1.6280503184480672,event,Activity classified by event type and edit destination; original commands omitted.,msg_0e10e2b877424cad016abb349b17ac87d28e80fb7debe282fa
Components,01a0eb45-6ec2-7e32-8295-85e68343d672,2026-09-29T03:46:36.744000+00:00,2026-09-29T03:46:42.082000+00:00,Environment and operational integration,5.338164977972771,gap assigned to next activity,Activity classified by event type and edit destination; original commands omitted.,exec-6a53a38b-0ff2-44dc-a6f4-e28714527b7b
Components,01a0eb45-6ec2-7e32-8295-85e68343d672,2026-09-29T03:46:42.082000+00:00,2026-09-29T03:46:42.313000+00:00,Environment and operational integration,0.23100708339527928,event,Activity classified by event type and edit destination; original commands omitted.,exec-6a53a38b-0ff2-44dc-a6f4-e28714527b7b
Components,01a0eb45-6ec2-7e32-8295-85e68343d672,2026-09-29T03:46:42.313000+00:00,2026-09-29T03:46:49.171000+00:00,Analysis,6.858211919678307,gap assigned to next activity,Activity classified by event type and edit destination; original commands omitted.,rs_0e10e2b877424cad016abb34a927a887d2bf10b98ec07534e6
Components,01a0eb45-6ec2-7e32-8295-85e68343d672,2026-09-29T03:46:49.171000+00:00,2026-09-29T03:46:50.483000+00:00,Analysis,1.3120405708084084,event,Activity classified by event type and edit destination; original commands omitted.,rs_0e10e2b877424cad016abb34a927a887d2bf10b98ec07534e6
Components,01a0eb45-6ec2-7e32-8295-85e68343d672,2026-09-29T03:46:50.483000+00:00,2026-09-29T03:46:54+00:00,Analysis,3.517108618537793,gap assigned to next activity,Activity classified by event type and edit destination; original commands omitted.,exec-646bbfb5-0a0e-4dec-b9a7-24ae4196e86e
Components,01a0eb45-6ec2-7e32-8295-85e68343d672,2026-09-29T03:46:54+00:00,2026-09-29T03:46:54.215000+00:00,Analysis,0.21500655664535484,event,Activity classified by event type and edit destination; original commands omitted.,exec-646bbfb5-0a0e-4dec-b9a7-24ae4196e86e
Components,01a0eb45-6ec2-7e32-8295-85e68343d672,2026-09-29T03:46:54.215000+00:00,2026-09-29T03:46:59.811000+00:00,Analysis,5.596173084373142,gap assigned to next activity,Activity classified by event type and edit destination; original commands omitted.,rs_0e10e2b877424cad016abb34b3cd5c87d28a05c53cb00ff384
Components,01a0eb45-6ec2-7e32-8295-85e68343d672,2026-09-29T03:46:59.811000+00:00,2026-09-29T03:47:13.608000+00:00,Analysis,13.797426193094052,event,Activity classified by event type and edit destination; original commands omitted.,rs_0e10e2b877424cad016abb34b3cd5c87d28a05c53cb00ff384
Components,01a0eb45-6ec2-7e32-8295-85e68343d672,2026-09-29T03:47:13.608000+00:00,2026-09-29T03:47:19.254000+00:00,Implementation,5.646174343024494,gap assigned to next activity,Activity classified by event type and edit destination; original commands omitted.,exec-0db7a5e8-c1eb-45e4-9e27-81e317ddbdf8
Components,01a0eb45-6ec2-7e32-8295-85e68343d672,2026-09-29T03:47:19.254000+00:00,2026-09-29T03:47:19.934000+00:00,Implementation,0.6800210755290909,event,Activity classified by event type and edit destination; original commands omitted.,exec-0db7a5e8-c1eb-45e4-9e27-81e317ddbdf8
Components,01a0eb45-6ec2-7e32-8295-85e68343d672,2026-09-29T03:47:19.934000+00:00,2026-09-29T03:47:22.226000+00:00,Analysis,2.292070867227234,gap assigned to next activity,Activity classified by event type and edit destination; original commands omitted.,rs_0e10e2b877424cad016abb34ca367c87d2bef1f249f116d8b6
Components,01a0eb45-6ec2-7e32-8295-85e68343d672,2026-09-29T03:47:22.226000+00:00,2026-09-29T03:47:41.071000+00:00,Analysis,18.84558224959255,event,Activity classified by event type and edit destination; original commands omitted.,rs_0e10e2b877424cad016abb34ca367c87d2bef1f249f116d8b6
Components,01a0eb45-6ec2-7e32-8295-85e68343d672,2026-09-29T03:47:41.071000+00:00,2026-09-29T03:49:31.937000+00:00,Testing and verification,110.86942516981372,gap assigned to next activity,Activity classified by event type and edit destination; original commands omitted.,exec-3a175098-659c-4eeb-9b6f-a64d0bc6218e
Components,01a0eb45-6ec2-7e32-8295-85e68343d672,2026-09-29T03:49:31.937000+00:00,2026-09-29T03:49:32.195000+00:00,Testing and verification,0.2580078679744258,event,Activity classified by event type and edit destination; original commands omitted.,exec-3a175098-659c-4eeb-9b6f-a64d0bc6218e
Components,01a0eb45-6ec2-7e32-8295-85e68343d672,2026-09-29T03:49:32.195000+00:00,2026-09-29T03:49:35.939000+00:00,Analysis,3.744115629852077,gap assigned to next activity,Activity classified by event type and edit destination; original commands omitted.,rs_0e10e2b877424cad016abb354fedf087d2940793272e333269
Components,01a0eb45-6ec2-7e32-8295-85e68343d672,2026-09-29T03:49:35.939000+00:00,2026-09-29T03:49:37.675000+00:00,Analysis,1.7360536951905985,event,Activity classified by event type and edit destination; original commands omitted.,rs_0e10e2b877424cad016abb354fedf087d2940793272e333269
Components,01a0eb45-6ec2-7e32-8295-85e68343d672,2026-09-29T03:49:37.675000+00:00,2026-09-29T03:49:37.679000+00:00,Communication and follow-up,0.004000072080994836,gap assigned to next activity,Activity classified by event type and edit destination; original commands omitted.,msg_0e10e2b877424cad016abb3551ab8487d29e613ce62b5d4d74
Components,01a0eb45-6ec2-7e32-8295-85e68343d672,2026-09-29T03:49:37.679000+00:00,2026-09-29T03:49:39.314000+00:00,Communication and follow-up,1.6350505041962946,event,Activity classified by event type and edit destination; original commands omitted.,msg_0e10e2b877424cad016abb3551ab8487d29e613ce62b5d4d74
Components,01a0eb45-6ec2-7e32-8295-85e68343d672,2026-09-29T03:49:39.314000+00:00,2026-09-29T03:52:02.851000+00:00,Testing and verification,143.5414347907589,gap assigned to next activity,Activity classified by event type and edit destination; original commands omitted.,exec-c0c943bf-2c30-4648-b16a-daa9701fdd54
Components,01a0eb45-6ec2-7e32-8295-85e68343d672,2026-09-29T03:52:02.851000+00:00,2026-09-29T03:52:03.251000+00:00,Testing and verification,0.40001221504433077,event,Activity classified by event type and edit destination; original commands omitted.,exec-c0c943bf-2c30-4648-b16a-daa9701fdd54
Components,01a0eb45-6ec2-7e32-8295-85e68343d672,2026-09-29T03:52:03.251000+00:00,2026-09-29T03:52:05.842000+00:00,Analysis,2.591080129703206,gap assigned to next activity,Activity classified by event type and edit destination; original commands omitted.,rs_0e10e2b877424cad016abb35e5d50c87d2b4aa2c3dde8e4af0
Components,01a0eb45-6ec2-7e32-8295-85e68343d672,2026-09-29T03:52:05.842000+00:00,2026-09-29T03:52:24.527000+00:00,Analysis,18.68557722051925,event,Activity classified by event type and edit destination; original commands omitted.,rs_0e10e2b877424cad016abb35e5d50c87d2b4aa2c3dde8e4af0
Components,01a0eb45-6ec2-7e32-8295-85e68343d672,2026-09-29T03:52:24.527000+00:00,2026-09-29T03:53:46.164000+00:00,Testing and verification,81.63952227942933,gap assigned to next activity,Activity classified by event type and edit destination; original commands omitted.,exec-cf2faf4b-06c6-47c3-a203-233eaaefc57d
Components,01a0eb45-6ec2-7e32-8295-85e68343d672,2026-09-29T03:53:46.164000+00:00,2026-09-29T03:53:47.500000+00:00,Testing and verification,1.3360412417203227,event,Activity classified by event type and edit destination; original commands omitted.,exec-cf2faf4b-06c6-47c3-a203-233eaaefc57d
Components,01a0eb45-6ec2-7e32-8295-85e68343d672,2026-09-29T03:53:47.500000+00:00,2026-09-29T03:53:50.197000+00:00,Analysis,2.697083351192267,gap assigned to next activity,Activity classified by event type and edit destination; original commands omitted.,rs_0e10e2b877424cad016abb364e2e4887d299afeb4f01db96f2
Components,01a0eb45-6ec2-7e32-8295-85e68343d672,2026-09-29T03:53:50.197000+00:00,2026-09-29T03:54:02.545000+00:00,Analysis,12.348381544136442,event,Activity classified by event type and edit destination; original commands omitted.,rs_0e10e2b877424cad016abb364e2e4887d299afeb4f01db96f2
Components,01a0eb45-6ec2-7e32-8295-85e68343d672,2026-09-29T03:54:02.545000+00:00,2026-09-29T03:54:24.546000+00:00,Testing and verification,22.00167965390814,gap assigned to next activity,Activity classified by event type and edit destination; original commands omitted.,exec-2cc463bb-df95-4c33-8b9c-73ef8b49aa4e
Components,01a0eb45-6ec2-7e32-8295-85e68343d672,2026-09-29T03:54:24.546000+00:00,2026-09-29T03:54:27.673000+00:00,Testing and verification,3.1270967029089216,event,Activity classified by event type and edit destination; original commands omitted.,exec-2cc463bb-df95-4c33-8b9c-73ef8b49aa4e
Components,01a0eb45-6ec2-7e32-8295-85e68343d672,2026-09-29T03:54:27.673000+00:00,2026-09-29T03:54:28.229000+00:00,Analysis,0.5560171720366353,event,Activity classified by event type and edit destination; original commands omitted.,rs_0e10e2b877424cad016abb3673a98887d2802dc51ddb8e1127
Components,01a0eb45-6ec2-7e32-8295-85e68343d672,2026-09-29T03:54:28.229000+00:00,2026-09-29T03:54:37.168000+00:00,Testing and verification,8.939276063915235,event,Activity classified by event type and edit destination; original commands omitted.,exec-2cc463bb-df95-4c33-8b9c-73ef8b49aa4e
Components,01a0eb45-6ec2-7e32-8295-85e68343d672,2026-09-29T03:54:37.168000+00:00,2026-09-29T03:54:37.828000+00:00,Analysis,0.6600204766981717,event,Activity classified by event type and edit destination; original commands omitted.,rs_0e10e2b877424cad016abb367d287087d2ac2623899fef2923
Components,01a0eb45-6ec2-7e32-8295-85e68343d672,2026-09-29T03:54:37.828000+00:00,2026-09-29T03:54:44.943000+00:00,Testing and verification,7.115219829238971,event,Activity classified by event type and edit destination; original commands omitted.,exec-2cc463bb-df95-4c33-8b9c-73ef8b49aa4e
Components,01a0eb45-6ec2-7e32-8295-85e68343d672,2026-09-29T03:54:44.943000+00:00,2026-09-29T03:54:45.832000+00:00,Analysis,0.889027404839981,gap assigned to next activity,Activity classified by event type and edit destination; original commands omitted.,rs_0e10e2b877424cad016abb3685d1f087d296ed46e912e05d9e
Components,01a0eb45-6ec2-7e32-8295-85e68343d672,2026-09-29T03:54:45.832000+00:00,2026-09-29T03:54:47.287000+00:00,Analysis,1.4550448762920758,event,Activity classified by event type and edit destination; original commands omitted.,rs_0e10e2b877424cad016abb3685d1f087d296ed46e912e05d9e
Components,01a0eb45-6ec2-7e32-8295-85e68343d672,2026-09-29T03:54:47.287000+00:00,2026-09-29T03:54:50.575000+00:00,Analysis,3.288101690395983,gap assigned to next activity,Activity classified by event type and edit destination; original commands omitted.,rs_0e10e2b877424cad016abb368a901c87d2a5c6d0227344fe88
Components,01a0eb45-6ec2-7e32-8295-85e68343d672,2026-09-29T03:54:50.575000+00:00,2026-09-29T03:54:58.029000+00:00,Analysis,7.45423028937678,event,Activity classified by event type and edit destination; original commands omitted.,rs_0e10e2b877424cad016abb368a901c87d2a5c6d0227344fe88
Components,01a0eb45-6ec2-7e32-8295-85e68343d672,2026-09-29T03:54:58.029000+00:00,2026-09-29T03:55:09.070000+00:00,Implementation,11.04134100382279,gap assigned to next activity,Activity classified by event type and edit destination; original commands omitted.,exec-03c0ca4a-6d13-4240-8c31-0aae461e9039
Components,01a0eb45-6ec2-7e32-8295-85e68343d672,2026-09-29T03:55:09.070000+00:00,2026-09-29T03:55:09.885000+00:00,Implementation,0.8150252368507687,event,Activity classified by event type and edit destination; original commands omitted.,exec-03c0ca4a-6d13-4240-8c31-0aae461e9039
Components,01a0eb45-6ec2-7e32-8295-85e68343d672,2026-09-29T03:55:09.885000+00:00,2026-09-29T03:55:12.619000+00:00,Analysis,2.734084435186873,gap assigned to next activity,Activity classified by event type and edit destination; original commands omitted.,rs_0e10e2b877424cad016abb36a09b8087d2a81a287054221a14
Components,01a0eb45-6ec2-7e32-8295-85e68343d672,2026-09-29T03:55:12.619000+00:00,2026-09-29T03:55:17.316000+00:00,Analysis,4.697145141691756,event,Activity classified by event type and edit destination; original commands omitted.,rs_0e10e2b877424cad016abb36a09b8087d2a81a287054221a14
Components,01a0eb45-6ec2-7e32-8295-85e68343d672,2026-09-29T03:55:17.316000+00:00,2026-09-29T03:55:17.319000+00:00,Communication and follow-up,0.0030001136672324026,gap assigned to next activity,Activity classified by event type and edit destination; original commands omitted.,msg_0e10e2b877424cad016abb36a54eec87d2a74adf1f8fcfef0e
Components,01a0eb45-6ec2-7e32-8295-85e68343d672,2026-09-29T03:55:17.319000+00:00,2026-09-29T03:55:19.480000+00:00,Communication and follow-up,2.1610667779865507,event,Activity classified by event type and edit destination; original commands omitted.,msg_0e10e2b877424cad016abb36a54eec87d2a74adf1f8fcfef0e
Components,01a0eb45-6ec2-7e32-8295-85e68343d672,2026-09-29T03:55:19.480000+00:00,2026-09-29T03:55:34.571000+00:00,Testing and verification,15.091466320325011,gap assigned to next activity,Activity classified by event type and edit destination; original commands omitted.,exec-685a112f-9aec-48ee-b4bd-b4cfd9ee788f
Components,01a0eb45-6ec2-7e32-8295-85e68343d672,2026-09-29T03:55:34.571000+00:00,2026-09-29T03:55:35.651000+00:00,Testing and verification,1.0800332905734216,event,Activity classified by event type and edit destination; original commands omitted.,exec-685a112f-9aec-48ee-b4bd-b4cfd9ee788f
Components,01a0eb45-6ec2-7e32-8295-85e68343d672,2026-09-29T03:55:35.651000+00:00,2026-09-29T03:55:38.659000+00:00,Analysis,3.0080928299112233,gap assigned to next activity,Activity classified by event type and edit destination; original commands omitted.,rs_0e10e2b877424cad016abb36baa5c487d2b5f8b0a2015da709
Components,01a0eb45-6ec2-7e32-8295-85e68343d672,2026-09-29T03:55:38.659000+00:00,2026-09-29T03:55:41.132000+00:00,Analysis,2.473076453545215,event,Activity classified by event type and edit destination; original commands omitted.,rs_0e10e2b877424cad016abb36baa5c487d2b5f8b0a2015da709
Components,01a0eb45-6ec2-7e32-8295-85e68343d672,2026-09-29T03:55:41.132000+00:00,2026-09-29T03:55:44.241000+00:00,Analysis,3.109096020905527,gap assigned to next activity,Activity classified by event type and edit destination; original commands omitted.,rs_0e10e2b877424cad016abb36c03ad887d2836de45882ca31a4
Components,01a0eb45-6ec2-7e32-8295-85e68343d672,2026-09-29T03:55:44.241000+00:00,2026-09-29T03:55:46.129000+00:00,Analysis,1.888058341675963,event,Activity classified by event type and edit destination; original commands omitted.,rs_0e10e2b877424cad016abb36c03ad887d2836de45882ca31a4
Components,01a0eb45-6ec2-7e32-8295-85e68343d672,2026-09-29T03:55:46.129000+00:00,2026-09-29T03:55:52.568000+00:00,Environment and operational integration,6.439199064216819,gap assigned to next activity,Activity classified by event type and edit destination; original commands omitted.,exec-6ab16079-e5b1-44ea-a1da-47582d5bf88c
Components,01a0eb45-6ec2-7e32-8295-85e68343d672,2026-09-29T03:55:52.568000+00:00,2026-09-29T03:55:52.904000+00:00,Environment and operational integration,0.3360103464705781,event,Activity classified by event type and edit destination; original commands omitted.,exec-6ab16079-e5b1-44ea-a1da-47582d5bf88c
Components,01a0eb45-6ec2-7e32-8295-85e68343d672,2026-09-29T03:55:52.904000+00:00,2026-09-29T03:55:56.346000+00:00,Analysis,3.442106253708873,gap assigned to next activity,Activity classified by event type and edit destination; original commands omitted.,rs_0e10e2b877424cad016abb36cc554c87d295fe0b42fd8c8542
Components,01a0eb45-6ec2-7e32-8295-85e68343d672,2026-09-29T03:55:56.346000+00:00,2026-09-29T03:55:57.130000+00:00,Analysis,0.7840243801906273,event,Activity classified by event type and edit destination; original commands omitted.,rs_0e10e2b877424cad016abb36cc554c87d295fe0b42fd8c8542
Components,01a0eb45-6ec2-7e32-8295-85e68343d672,2026-09-29T03:55:57.130000+00:00,2026-09-29T03:56:01.653000+00:00,Communication and follow-up,4.5231397411220025,gap assigned to next activity,Activity classified by event type and edit destination; original commands omitted.,call_r81Uy5c5x1LBq0OCVdyZkc5q
Components,01a0eb45-6ec2-7e32-8295-85e68343d672,2026-09-29T03:56:01.653000+00:00,2026-09-29T03:56:04.013000+00:00,Analysis,2.360072807881981,gap assigned to next activity,Activity classified by event type and edit destination; original commands omitted.,rs_0e10e2b877424cad016abb36d4006487d28beedf96120b56ee
Components,01a0eb45-6ec2-7e32-8295-85e68343d672,2026-09-29T03:56:04.013000+00:00,2026-09-29T03:56:21.710000+00:00,Analysis,17.697546779938435,event,Activity classified by event type and edit destination; original commands omitted.,rs_0e10e2b877424cad016abb36d4006487d28beedf96120b56ee
Components,01a0eb45-6ec2-7e32-8295-85e68343d672,2026-09-29T03:56:21.710000+00:00,2026-09-29T03:56:26.076000+00:00,Analysis,4.366134825715935,gap assigned to next activity,Activity classified by event type and edit destination; original commands omitted.,rs_0e10e2b877424cad016abb36ea0e7487d29c675894167a7826
Components,01a0eb45-6ec2-7e32-8295-85e68343d672,2026-09-29T03:56:26.076000+00:00,2026-09-29T03:56:27.739000+00:00,Analysis,1.6630514856151486,event,Activity classified by event type and edit destination; original commands omitted.,rs_0e10e2b877424cad016abb36ea0e7487d29c675894167a7826
Components,01a0eb45-6ec2-7e32-8295-85e68343d672,2026-09-29T03:56:27.739000+00:00,2026-09-29T03:57:17.684000+00:00,Testing and verification,49.94654299648923,gap assigned to next activity,Activity classified by event type and edit destination; original commands omitted.,exec-c794fcf0-49ba-4812-87f5-35573cc5f0fc
Components,01a0eb45-6ec2-7e32-8295-85e68343d672,2026-09-29T03:57:17.684000+00:00,2026-09-29T03:57:20.791000+00:00,Testing and verification,3.1070958656520573,event,Activity classified by event type and edit destination; original commands omitted.,exec-c794fcf0-49ba-4812-87f5-35573cc5f0fc
Components,01a0eb45-6ec2-7e32-8295-85e68343d672,2026-09-29T03:57:20.791000+00:00,2026-09-29T03:57:21.443000+00:00,Analysis,0.652020332536182,event,Activity classified by event type and edit destination; original commands omitted.,rs_0e10e2b877424cad016abb3720c6d487d28595ff8fe732d4ed
Components,01a0eb45-6ec2-7e32-8295-85e68343d672,2026-09-29T03:57:21.443000+00:00,2026-09-29T03:57:30.622000+00:00,Testing and verification,9.179283488312212,event,Activity classified by event type and edit destination; original commands omitted.,exec-c794fcf0-49ba-4812-87f5-35573cc5f0fc
Components,01a0eb45-6ec2-7e32-8295-85e68343d672,2026-09-29T03:57:30.622000+00:00,2026-09-29T03:57:34.659000+00:00,Analysis,4.037124664993584,event,Activity classified by event type and edit destination; original commands omitted.,rs_0e10e2b877424cad016abb372a9f7887d2a2e2a0fef12218c5
Components,01a0eb45-6ec2-7e32-8295-85e68343d672,2026-09-29T03:57:34.659000+00:00,2026-09-29T03:57:39.176000+00:00,Testing and verification,4.517139752213482,event,Activity classified by event type and edit destination; original commands omitted.,exec-c794fcf0-49ba-4812-87f5-35573cc5f0fc
Components,01a0eb45-6ec2-7e32-8295-85e68343d672,2026-09-29T03:57:39.176000+00:00,2026-09-29T03:57:48.588000+00:00,Testing and verification,9.412290726960961,event,Activity classified by event type and edit destination; original commands omitted.,exec-c794fcf0-49ba-4812-87f5-35573cc5f0fc
Components,01a0eb45-6ec2-7e32-8295-85e68343d672,2026-09-29T03:57:48.588000+00:00,2026-09-29T03:57:48.933000+00:00,Technical diagnosis,0.34501068747227526,event,Activity classified by event type and edit destination; original commands omitted.,exec-a9d8c7c2-5af9-488e-bca6-80e1182d9142
Components,01a0eb45-6ec2-7e32-8295-85e68343d672,2026-09-29T03:57:48.933000+00:00,2026-09-29T03:57:52.525000+00:00,Testing and verification,3.5921109833667124,event,Activity classified by event type and edit destination; original commands omitted.,exec-c794fcf0-49ba-4812-87f5-35573cc5f0fc
Components,01a0eb45-6ec2-7e32-8295-85e68343d672,2026-09-29T03:57:52.525000+00:00,2026-09-29T03:57:54.378000+00:00,Analysis,1.8530571745088817,event,Activity classified by event type and edit destination; original commands omitted.,rs_0e10e2b877424cad016abb3740899087d2b57fbae6b68916f1
Components,01a0eb45-6ec2-7e32-8295-85e68343d672,2026-09-29T03:57:54.378000+00:00,2026-09-29T03:58:03.085000+00:00,Testing and verification,8.707269022106194,event,Activity classified by event type and edit destination; original commands omitted.,exec-c794fcf0-49ba-4812-87f5-35573cc5f0fc
Components,01a0eb45-6ec2-7e32-8295-85e68343d672,2026-09-29T03:58:03.085000+00:00,2026-09-29T03:58:06.507000+00:00,Analysis,3.422105654877954,event,Activity classified by event type and edit destination; original commands omitted.,rs_0e10e2b877424cad016abb374b1a0c87d2a6cf1429b98ce254
Components,01a0eb45-6ec2-7e32-8295-85e68343d672,2026-09-29T03:58:06.507000+00:00,2026-09-29T03:58:06.509000+00:00,Testing and verification,0.0020001552534699694,event,Activity classified by event type and edit destination; original commands omitted.,exec-c794fcf0-49ba-4812-87f5-35573cc5f0fc
Components,01a0eb45-6ec2-7e32-8295-85e68343d672,2026-09-29T03:58:06.509000+00:00,2026-09-29T03:58:07.985000+00:00,Communication and follow-up,1.4760454335367577,event,Activity classified by event type and edit destination; original commands omitted.,msg_0e10e2b877424cad016abb374e812487d2ad453912ded94b64
Components,01a0eb45-6ec2-7e32-8295-85e68343d672,2026-09-29T03:58:07.985000+00:00,2026-09-29T03:58:09.916000+00:00,Testing and verification,1.931059653005034,event,Activity classified by event type and edit destination; original commands omitted.,exec-c794fcf0-49ba-4812-87f5-35573cc5f0fc
Components,01a0eb45-6ec2-7e32-8295-85e68343d672,2026-09-29T03:58:09.916000+00:00,2026-09-29T03:58:10.185000+00:00,Testing and verification,0.26900836422959296,event,Activity classified by event type and edit destination; original commands omitted.,exec-12de764a-1cad-4c01-ad83-4e037f11ab46
Components,01a0eb45-6ec2-7e32-8295-85e68343d672,2026-09-29T03:58:10.185000+00:00,2026-09-29T03:58:12.356000+00:00,Testing and verification,2.1710670774020104,event,Activity classified by event type and edit destination; original commands omitted.,exec-c794fcf0-49ba-4812-87f5-35573cc5f0fc
Components,01a0eb45-6ec2-7e32-8295-85e68343d672,2026-09-29T03:58:12.356000+00:00,2026-09-29T03:58:21.720000+00:00,Analysis,9.364289385137132,event,Activity classified by event type and edit destination; original commands omitted.,rs_0e10e2b877424cad016abb37545fb087d2862690a84c79be74
Components,01a0eb45-6ec2-7e32-8295-85e68343d672,2026-09-29T03:58:21.720000+00:00,2026-09-29T03:58:27.620000+00:00,Testing and verification,5.900182138917926,event,Activity classified by event type and edit destination; original commands omitted.,exec-c794fcf0-49ba-4812-87f5-35573cc5f0fc
Components,01a0eb45-6ec2-7e32-8295-85e68343d672,2026-09-29T03:58:27.620000+00:00,2026-09-29T03:58:31.964000+00:00,Testing and verification,4.344134310057491,event,Activity classified by event type and edit destination; original commands omitted.,exec-026c74da-255e-44f8-b915-fff8aa94ff23
Components,01a0eb45-6ec2-7e32-8295-85e68343d672,2026-09-29T03:58:31.964000+00:00,2026-09-29T03:58:36.435000+00:00,Technical diagnosis,4.471138088791234,event,Activity classified by event type and edit destination; original commands omitted.,rs_0e10e2b877424cad016abb3767f9b487d2b13d9ec96b469833
Components,01a0eb45-6ec2-7e32-8295-85e68343d672,2026-09-29T03:58:36.435000+00:00,2026-09-29T03:58:37.534000+00:00,Testing and verification,1.0990339309905786,event,Activity classified by event type and edit destination; original commands omitted.,exec-026c74da-255e-44f8-b915-fff8aa94ff23
Components,01a0eb45-6ec2-7e32-8295-85e68343d672,2026-09-29T03:58:37.534000+00:00,2026-09-29T03:58:42.267000+00:00,Testing and verification,4.733146267272599,event,Activity classified by event type and edit destination; original commands omitted.,exec-026c74da-255e-44f8-b915-fff8aa94ff23
Components,01a0eb45-6ec2-7e32-8295-85e68343d672,2026-09-29T03:58:42.267000+00:00,2026-09-29T03:58:46.102000+00:00,Technical diagnosis,3.8351185214309216,event,Activity classified by event type and edit destination; original commands omitted.,rs_0e10e2b877424cad016abb3772482c87d29a0847b7e02aeebf
Components,01a0eb45-6ec2-7e32-8295-85e68343d672,2026-09-29T03:58:46.102000+00:00,2026-09-29T03:58:48.922000+00:00,Testing and verification,2.820087057845015,event,Activity classified by event type and edit destination; original commands omitted.,exec-026c74da-255e-44f8-b915-fff8aa94ff23
Components,01a0eb45-6ec2-7e32-8295-85e68343d672,2026-09-29T03:58:48.922000+00:00,2026-09-29T03:58:49.199000+00:00,Technical diagnosis,0.27700850839158264,event,Activity classified by event type and edit destination; original commands omitted.,exec-88d28362-fc7e-40b9-92d0-a0e421b35871
Components,01a0eb45-6ec2-7e32-8295-85e68343d672,2026-09-29T03:58:49.199000+00:00,2026-09-29T03:58:50.202000+00:00,Testing and verification,1.003031008916977,event,Activity classified by event type and edit destination; original commands omitted.,exec-026c74da-255e-44f8-b915-fff8aa94ff23
Components,01a0eb45-6ec2-7e32-8295-85e68343d672,2026-09-29T03:58:50.202000+00:00,2026-09-29T03:58:52.843000+00:00,Analysis,2.6410816267805037,gap assigned to next activity,Activity classified by event type and edit destination; original commands omitted.,rs_0e10e2b877424cad016abb377cdb9c87d2ae1d7ea5e6053d2f
Components,01a0eb45-6ec2-7e32-8295-85e68343d672,2026-09-29T03:58:52.843000+00:00,2026-09-29T03:58:56.815000+00:00,Analysis,3.972122838006069,event,Activity classified by event type and edit destination; original commands omitted.,rs_0e10e2b877424cad016abb377cdb9c87d2ae1d7ea5e6053d2f
Components,01a0eb45-6ec2-7e32-8295-85e68343d672,2026-09-29T03:58:56.815000+00:00,2026-09-29T03:59:00.067000+00:00,Communication and follow-up,3.2521003263891948,gap assigned to next activity,Activity classified by event type and edit destination; original commands omitted.,call_ke4sA4uf0hr5QjhiSEWaV6Gg
Components,01a0eb45-6ec2-7e32-8295-85e68343d672,2026-09-29T03:59:00.067000+00:00,2026-09-29T03:59:05.451000+00:00,Technical diagnosis,5.384166402969074,gap assigned to next activity,Activity classified by event type and edit destination; original commands omitted.,rs_0e10e2b877424cad016abb3789781487d29fded0c6564708f4
Components,01a0eb45-6ec2-7e32-8295-85e68343d672,2026-09-29T03:59:05.451000+00:00,2026-09-29T03:59:05.992000+00:00,Technical diagnosis,0.5410168421264183,event,Activity classified by event type and edit destination; original commands omitted.,rs_0e10e2b877424cad016abb3789781487d29fded0c6564708f4
Components,01a0eb45-6ec2-7e32-8295-85e68343d672,2026-09-29T03:59:05.992000+00:00,2026-09-29T03:59:08.822000+00:00,Technical diagnosis,2.830087357260475,gap assigned to next activity,Activity classified by event type and edit destination; original commands omitted.,exec-b8cfa4ee-a144-4b92-81a1-155ab7836a22
Components,01a0eb45-6ec2-7e32-8295-85e68343d672,2026-09-29T03:59:08.822000+00:00,2026-09-29T03:59:09.050000+00:00,Technical diagnosis,0.22800696972804688,event,Activity classified by event type and edit destination; original commands omitted.,exec-b8cfa4ee-a144-4b92-81a1-155ab7836a22
Components,01a0eb45-6ec2-7e32-8295-85e68343d672,2026-09-29T03:59:09.050000+00:00,2026-09-29T03:59:10.842000+00:00,Analysis,1.7920554196023615,gap assigned to next activity,Activity classified by event type and edit destination; original commands omitted.,rs_0e10e2b877424cad016abb378edc1887d2b3e33ddce90bda18
Components,01a0eb45-6ec2-7e32-8295-85e68343d672,2026-09-29T03:59:10.842000+00:00,2026-09-29T03:59:26.409000+00:00,Analysis,15.567480858612026,event,Activity classified by event type and edit destination; original commands omitted.,rs_0e10e2b877424cad016abb378edc1887d2b3e33ddce90bda18
Components,01a0eb45-6ec2-7e32-8295-85e68343d672,2026-09-29T03:59:26.409000+00:00,2026-09-29T03:59:26.416000+00:00,Communication and follow-up,0.007000185748227239,gap assigned to next activity,Activity classified by event type and edit destination; original commands omitted.,msg_0e10e2b877424cad016abb379e6e6087d286140d8aca1023aa
Components,01a0eb45-6ec2-7e32-8295-85e68343d672,2026-09-29T03:59:26.416000+00:00,2026-09-29T03:59:28.994000+00:00,Communication and follow-up,2.5780797166205134,event,Activity classified by event type and edit destination; original commands omitted.,msg_0e10e2b877424cad016abb379e6e6087d286140d8aca1023aa
Components,01a0eb45-6ec2-7e32-8295-85e68343d672,2026-09-29T03:59:28.994000+00:00,2026-09-29T03:59:41.259000+00:00,Environment and operational integration,12.265379035145532,gap assigned to next activity,Activity classified by event type and edit destination; original commands omitted.,exec-08eb3933-8e2a-40d7-9f8e-d3350e0ae513
Components,01a0eb45-6ec2-7e32-8295-85e68343d672,2026-09-29T03:59:41.259000+00:00,2026-09-29T03:59:42.803000+00:00,Environment and operational integration,1.5440476126174503,event,Activity classified by event type and edit destination; original commands omitted.,exec-08eb3933-8e2a-40d7-9f8e-d3350e0ae513
Components,01a0eb45-6ec2-7e32-8295-85e68343d672,2026-09-29T03:59:42.803000+00:00,2026-09-29T03:59:44.086000+00:00,Analysis,1.283039630975792,gap assigned to next activity,Activity classified by event type and edit destination; original commands omitted.,rs_0e10e2b877424cad016abb37b01a1487d28872ca79c2ed7923
Components,01a0eb45-6ec2-7e32-8295-85e68343d672,2026-09-29T03:59:44.086000+00:00,2026-09-29T03:59:59.828000+00:00,Analysis,15.742486456021487,event,Activity classified by event type and edit destination; original commands omitted.,rs_0e10e2b877424cad016abb37b01a1487d28872ca79c2ed7923
Components,01a0eb45-6ec2-7e32-8295-85e68343d672,2026-09-29T03:59:59.828000+00:00,2026-09-29T04:00:02.382000+00:00,Analysis,2.5540788072826546,gap assigned to next activity,Activity classified by event type and edit destination; original commands omitted.,rs_0e10e2b877424cad016abb37c2664487d29e69b0da46a6d2b6
Components,01a0eb45-6ec2-7e32-8295-85e68343d672,2026-09-29T04:00:02.382000+00:00,2026-09-29T04:00:18.229000+00:00,Analysis,15.847489719096785,event,Activity classified by event type and edit destination; original commands omitted.,rs_0e10e2b877424cad016abb37c2664487d29e69b0da46a6d2b6
Components,01a0eb45-6ec2-7e32-8295-85e68343d672,2026-09-29T04:00:18.229000+00:00,2026-09-29T04:00:20.592000+00:00,Analysis,2.3630729215492137,gap assigned to next activity,Activity classified by event type and edit destination; original commands omitted.,rs_0e10e2b877424cad016abb37d49dc087d29042e446ca9d2349
Components,01a0eb45-6ec2-7e32-8295-85e68343d672,2026-09-29T04:00:20.592000+00:00,2026-09-29T04:00:36.418000+00:00,Analysis,15.826488923426158,event,Activity classified by event type and edit destination; original commands omitted.,rs_0e10e2b877424cad016abb37d49dc087d29042e446ca9d2349
Components,01a0eb45-6ec2-7e32-8295-85e68343d672,2026-09-29T04:00:36.418000+00:00,2026-09-29T04:00:54.148000+00:00,Testing and verification,17.730547791852047,gap assigned to next activity,Activity classified by event type and edit destination; original commands omitted.,exec-d7fd28a5-0a45-43af-8e2f-296caf7bf995
Components,01a0eb45-6ec2-7e32-8295-85e68343d672,2026-09-29T04:00:54.148000+00:00,2026-09-29T04:00:55.613000+00:00,Testing and verification,1.4650451757075356,event,Activity classified by event type and edit destination; original commands omitted.,exec-d7fd28a5-0a45-43af-8e2f-296caf7bf995
Components,01a0eb45-6ec2-7e32-8295-85e68343d672,2026-09-29T04:00:55.613000+00:00,2026-09-29T04:00:59.320000+00:00,Analysis,3.707114545857471,gap assigned to next activity,Activity classified by event type and edit destination; original commands omitted.,rs_0e10e2b877424cad016abb37fb580c87d2b9a76874d1d84517
Components,01a0eb45-6ec2-7e32-8295-85e68343d672,2026-09-29T04:00:59.320000+00:00,2026-09-29T04:00:59.997000+00:00,Analysis,0.6770209618618586,event,Activity classified by event type and edit destination; original commands omitted.,rs_0e10e2b877424cad016abb37fb580c87d2b9a76874d1d84517
Components,01a0eb45-6ec2-7e32-8295-85e68343d672,2026-09-29T04:00:59.997000+00:00,2026-09-29T04:01:05.858000+00:00,Testing and verification,5.8611811380957946,gap assigned to next activity,Activity classified by event type and edit destination; original commands omitted.,exec-d63d2512-3509-495e-b918-8889c10c8e9a
Components,01a0eb45-6ec2-7e32-8295-85e68343d672,2026-09-29T04:01:05.858000+00:00,2026-09-29T04:01:06.095000+00:00,Testing and verification,0.2370073107297441,event,Activity classified by event type and edit destination; original commands omitted.,exec-d63d2512-3509-495e-b918-8889c10c8e9a
Components,01a0eb45-6ec2-7e32-8295-85e68343d672,2026-09-29T04:01:06.095000+00:00,2026-09-29T04:01:07.938000+00:00,Analysis,1.8430568750934222,gap assigned to next activity,Activity classified by event type and edit destination; original commands omitted.,rs_0e10e2b877424cad016abb3803f69487d29b5d8da6a08839d7
Components,01a0eb45-6ec2-7e32-8295-85e68343d672,2026-09-29T04:01:07.938000+00:00,2026-09-29T04:01:17.993000+00:00,Analysis,10.055310718495447,event,Activity classified by event type and edit destination; original commands omitted.,rs_0e10e2b877424cad016abb3803f69487d29b5d8da6a08839d7
Components,01a0eb45-6ec2-7e32-8295-85e68343d672,2026-09-29T04:01:17.993000+00:00,2026-09-29T04:01:58.154000+00:00,Documentation,40.16224079747684,gap assigned to next activity,Activity classified by event type and edit destination; original commands omitted.,exec-65ea056e-a772-4892-a688-10e4305cfadf
Components,01a0eb45-6ec2-7e32-8295-85e68343d672,2026-09-29T04:01:58.154000+00:00,2026-09-29T04:02:00.819000+00:00,Documentation,2.665082297692418,event,Activity classified by event type and edit destination; original commands omitted.,exec-65ea056e-a772-4892-a688-10e4305cfadf
Components,01a0eb45-6ec2-7e32-8295-85e68343d672,2026-09-29T04:02:00.819000+00:00,2026-09-29T04:02:13.332000+00:00,Technical diagnosis,12.513386603704499,event,Activity classified by event type and edit destination; original commands omitted.,rs_0e10e2b877424cad016abb3838d84087d2b1f23d6f34d2f99f
Components,01a0eb45-6ec2-7e32-8295-85e68343d672,2026-09-29T04:02:13.332000+00:00,2026-09-29T04:02:20.451000+00:00,Documentation,7.119219901319965,event,Activity classified by event type and edit destination; original commands omitted.,exec-65ea056e-a772-4892-a688-10e4305cfadf
Components,01a0eb45-6ec2-7e32-8295-85e68343d672,2026-09-29T04:02:20.451000+00:00,2026-09-29T04:02:22.736000+00:00,Technical diagnosis,2.2850706814790067,gap assigned to next activity,Activity classified by event type and edit destination; original commands omitted.,exec-1dcb5f9d-f51d-4b63-8fc9-f29c3527e333
Components,01a0eb45-6ec2-7e32-8295-85e68343d672,2026-09-29T04:02:22.736000+00:00,2026-09-29T04:02:23.073000+00:00,Technical diagnosis,0.33701030488434053,event,Activity classified by event type and edit destination; original commands omitted.,exec-1dcb5f9d-f51d-4b63-8fc9-f29c3527e333
Components,01a0eb45-6ec2-7e32-8295-85e68343d672,2026-09-29T04:02:23.073000+00:00,2026-09-29T04:02:24.752000+00:00,Analysis,1.679052012365073,gap assigned to next activity,Activity classified by event type and edit destination; original commands omitted.,rs_0e10e2b877424cad016abb3850c71087d2b2426c7c98a775b9
Components,01a0eb45-6ec2-7e32-8295-85e68343d672,2026-09-29T04:02:24.752000+00:00,2026-09-29T04:02:26.045000+00:00,Analysis,1.2930399303912516,event,Activity classified by event type and edit destination; original commands omitted.,rs_0e10e2b877424cad016abb3850c71087d2b2426c7c98a775b9
Components,01a0eb45-6ec2-7e32-8295-85e68343d672,2026-09-29T04:02:26.045000+00:00,2026-09-29T04:02:33.191000+00:00,Communication and follow-up,7.146220685899111,gap assigned to next activity,Activity classified by event type and edit destination; original commands omitted.,call_zvBl1JZvE1RRdiTLXThPv3VE
Components,01a0eb45-6ec2-7e32-8295-85e68343d672,2026-09-29T04:02:33.191000+00:00,2026-09-29T04:02:36.797000+00:00,Analysis,3.606111354863167,gap assigned to next activity,Activity classified by event type and edit destination; original commands omitted.,rs_0e10e2b877424cad016abb385cd27487d28cc4acdf24917ec6
Components,01a0eb45-6ec2-7e32-8295-85e68343d672,2026-09-29T04:02:36.797000+00:00,2026-09-29T04:02:39.033000+00:00,Analysis,2.2360691428154706,event,Activity classified by event type and edit destination; original commands omitted.,rs_0e10e2b877424cad016abb385cd27487d28cc4acdf24917ec6
Components,01a0eb45-6ec2-7e32-8295-85e68343d672,2026-09-29T04:02:39.033000+00:00,2026-09-29T04:02:39.034000+00:00,Communication and follow-up,0.0009999584137624332,gap assigned to next activity,Activity classified by event type and edit destination; original commands omitted.,msg_0e10e2b877424cad016abb385f0f0087d2bf69d9d6b989701d
Components,01a0eb45-6ec2-7e32-8295-85e68343d672,2026-09-29T04:02:39.034000+00:00,2026-09-29T04:02:42.068000+00:00,Communication and follow-up,3.0340938945025524,event,Activity classified by event type and edit destination; original commands omitted.,msg_0e10e2b877424cad016abb385f0f0087d2bf69d9d6b989701d
Components,01a0eb45-6ec2-7e32-8295-85e68343d672,2026-09-29T04:02:42.068000+00:00,2026-09-29T04:02:42.271000+00:00,Unattributed active time,0.20300610197642524,gap assigned to next activity,Activity classified by event type and edit destination; original commands omitted.,
Components,01a0eb6e-53ee-7863-912d-39fa522619ae,2026-09-29T04:31:11.350000+00:00,2026-09-29T04:31:17.434000+00:00,Analysis,6.084000098448416,gap assigned to next activity,Activity classified by event type and edit destination; original commands omitted.,rs_0e10e2b877424cad016abb3f1580e887d28f0738611def669b
Components,01a0eb6e-53ee-7863-912d-39fa522619ae,2026-09-29T04:31:17.434000+00:00,2026-09-29T04:31:18.030000+00:00,Analysis,0.5959999549380212,event,Activity classified by event type and edit destination; original commands omitted.,rs_0e10e2b877424cad016abb3f1580e887d28f0738611def669b
Components,01a0eb6e-53ee-7863-912d-39fa522619ae,2026-09-29T04:31:18.030000+00:00,2026-09-29T04:31:18.033000+00:00,Communication and follow-up,0.0030000209748300847,gap assigned to next activity,Activity classified by event type and edit destination; original commands omitted.,msg_0e10e2b877424cad016abb3f161ab887d2abac2e6a79ef36c3
Components,01a0eb6e-53ee-7863-912d-39fa522619ae,2026-09-29T04:31:18.033000+00:00,2026-09-29T04:31:19.478000+00:00,Communication and follow-up,1.4449999303504695,event,Activity classified by event type and edit destination; original commands omitted.,msg_0e10e2b877424cad016abb3f161ab887d2abac2e6a79ef36c3
Components,01a0eb6e-53ee-7863-912d-39fa522619ae,2026-09-29T04:31:19.478000+00:00,2026-09-29T04:31:23.528000+00:00,Environment and operational integration,4.050000182628336,gap assigned to next activity,Activity classified by event type and edit destination; original commands omitted.,exec-3b09138a-c7d9-403a-9787-e14577184573
Components,01a0eb6e-53ee-7863-912d-39fa522619ae,2026-09-29T04:31:23.528000+00:00,2026-09-29T04:31:23.788000+00:00,Environment and operational integration,0.2599999899428379,event,Activity classified by event type and edit destination; original commands omitted.,exec-3b09138a-c7d9-403a-9787-e14577184573
Components,01a0eb6e-53ee-7863-912d-39fa522619ae,2026-09-29T04:31:23.788000+00:00,2026-09-29T04:31:25.946000+00:00,Analysis,2.157999988051128,gap assigned to next activity,Activity classified by event type and edit destination; original commands omitted.,rs_0e10e2b877424cad016abb3f1e03b887d2b33ca2380bbf286a
Components,01a0eb6e-53ee-7863-912d-39fa522619ae,2026-09-29T04:31:25.946000+00:00,2026-09-29T04:31:37.443000+00:00,Analysis,11.496999956006638,event,Activity classified by event type and edit destination; original commands omitted.,rs_0e10e2b877424cad016abb3f1e03b887d2b33ca2380bbf286a
Components,01a0eb6e-53ee-7863-912d-39fa522619ae,2026-09-29T04:31:37.443000+00:00,2026-09-29T04:31:47.343000+00:00,Environment and operational integration,9.8999998371329,gap assigned to next activity,Activity classified by event type and edit destination; original commands omitted.,exec-af5428eb-493a-45b4-885d-0a34c706cf23
Components,01a0eb6e-53ee-7863-912d-39fa522619ae,2026-09-29T04:31:47.343000+00:00,2026-09-29T04:31:47.604000+00:00,Environment and operational integration,0.261000155880167,event,Activity classified by event type and edit destination; original commands omitted.,exec-af5428eb-493a-45b4-885d-0a34c706cf23
Components,01a0eb6e-53ee-7863-912d-39fa522619ae,2026-09-29T04:31:47.604000+00:00,2026-09-29T04:31:47.607000+00:00,Documentation,0.0030000209748300847,gap assigned to next activity,Activity classified by event type and edit destination; original commands omitted.,exec-ede2b9bd-067e-4f93-8ce2-5192a2decd9c
Components,01a0eb6e-53ee-7863-912d-39fa522619ae,2026-09-29T04:31:47.607000+00:00,2026-09-29T04:31:47.642000+00:00,Documentation,0.03499984734205328,event,Activity classified by event type and edit destination; original commands omitted.,exec-ede2b9bd-067e-4f93-8ce2-5192a2decd9c
Components,01a0eb6e-53ee-7863-912d-39fa522619ae,2026-09-29T04:31:47.642000+00:00,2026-09-29T04:32:11.617000+00:00,Testing and verification,23.975000095062512,gap assigned to next activity,Activity classified by event type and edit destination; original commands omitted.,exec-4812d23a-7329-4c0b-be07-f72f7f66b6b9
Components,01a0eb6e-53ee-7863-912d-39fa522619ae,2026-09-29T04:32:11.617000+00:00,2026-09-29T04:32:11.669000+00:00,Testing and verification,0.05199980725370468,event,Activity classified by event type and edit destination; original commands omitted.,exec-4812d23a-7329-4c0b-be07-f72f7f66b6b9
Components,01a0eb6e-53ee-7863-912d-39fa522619ae,2026-09-29T04:32:11.669000+00:00,2026-09-29T04:32:11.835000+00:00,Testing and verification,0.16600012746009066,gap assigned to next activity,Activity classified by event type and edit destination; original commands omitted.,exec-74718e4b-f49e-4866-b07d-296811950419
Components,01a0eb6e-53ee-7863-912d-39fa522619ae,2026-09-29T04:32:11.835000+00:00,2026-09-29T04:32:15.370000+00:00,Testing and verification,3.5349998403364133,event,Activity classified by event type and edit destination; original commands omitted.,exec-74718e4b-f49e-4866-b07d-296811950419
Components,01a0eb6e-53ee-7863-912d-39fa522619ae,2026-09-29T04:32:15.370000+00:00,2026-09-29T04:32:15.839000+00:00,Analysis,0.4690001001507216,gap assigned to next activity,Activity classified by event type and edit destination; original commands omitted.,rs_0e10e2b877424cad016abb3f4fe8fc87d288f3cdb18ae19f38
Components,01a0eb6e-53ee-7863-912d-39fa522619ae,2026-09-29T04:32:15.839000+00:00,2026-09-29T04:32:16.510000+00:00,Analysis,0.671000002471616,event,Activity classified by event type and edit destination; original commands omitted.,rs_0e10e2b877424cad016abb3f4fe8fc87d288f3cdb18ae19f38
Components,01a0eb6e-53ee-7863-912d-39fa522619ae,2026-09-29T04:32:16.510000+00:00,2026-09-29T04:32:19.565000+00:00,Analysis,3.055000060642279,gap assigned to next activity,Activity classified by event type and edit destination; original commands omitted.,rs_0e10e2b877424cad016abb3f53a2a887d2bafa1ed786aab7f8
Components,01a0eb6e-53ee-7863-912d-39fa522619ae,2026-09-29T04:32:19.565000+00:00,2026-09-29T04:32:20.302000+00:00,Analysis,0.7369999870807206,event,Activity classified by event type and edit destination; original commands omitted.,rs_0e10e2b877424cad016abb3f53a2a887d2bafa1ed786aab7f8
Components,01a0eb6e-53ee-7863-912d-39fa522619ae,2026-09-29T04:32:20.302000+00:00,2026-09-29T04:32:26.305000+00:00,Documentation,6.003000008965161,gap assigned to next activity,Activity classified by event type and edit destination; original commands omitted.,exec-a1bbe54e-2bc0-4ce9-9b6d-a8e8837eaf08
Components,01a0eb6e-53ee-7863-912d-39fa522619ae,2026-09-29T04:32:26.305000+00:00,2026-09-29T04:32:26.340000+00:00,Documentation,0.03499984734205328,event,Activity classified by event type and edit destination; original commands omitted.,exec-a1bbe54e-2bc0-4ce9-9b6d-a8e8837eaf08
Components,01a0eb6e-53ee-7863-912d-39fa522619ae,2026-09-29T04:32:26.340000+00:00,2026-09-29T04:32:26.505000+00:00,Environment and operational integration,0.16500019994134016,gap assigned to next activity,Activity classified by event type and edit destination; original commands omitted.,exec-b0655aeb-68f5-49cb-829a-5f00c09e6a37
Components,01a0eb6e-53ee-7863-912d-39fa522619ae,2026-09-29T04:32:26.505000+00:00,2026-09-29T04:32:26.792000+00:00,Environment and operational integration,0.28699994029773,event,Activity classified by event type and edit destination; original commands omitted.,exec-b0655aeb-68f5-49cb-829a-5f00c09e6a37
Components,01a0eb6e-53ee-7863-912d-39fa522619ae,2026-09-29T04:32:26.792000+00:00,2026-09-29T04:32:31.512000+00:00,Analysis,4.720000019162623,gap assigned to next activity,Activity classified by event type and edit destination; original commands omitted.,rs_0e10e2b877424cad016abb3f5f952887d28c6e2dde8d022f07
Components,01a0eb6e-53ee-7863-912d-39fa522619ae,2026-09-29T04:32:31.512000+00:00,2026-09-29T04:32:34.669000+00:00,Analysis,3.1569998201121874,event,Activity classified by event type and edit destination; original commands omitted.,rs_0e10e2b877424cad016abb3f5f952887d28c6e2dde8d022f07
Components,01a0eb6e-53ee-7863-912d-39fa522619ae,2026-09-29T04:32:34.669000+00:00,2026-09-29T04:32:38.701000+00:00,Environment and operational integration,4.032000056779356,gap assigned to next activity,Activity classified by event type and edit destination; original commands omitted.,exec-3a4f8d00-ce91-4b7c-8d59-4ee59a69bd01
Components,01a0eb6e-53ee-7863-912d-39fa522619ae,2026-09-29T04:32:38.701000+00:00,2026-09-29T04:32:38.986000+00:00,Environment and operational integration,0.285000085260229,event,Activity classified by event type and edit destination; original commands omitted.,exec-3a4f8d00-ce91-4b7c-8d59-4ee59a69bd01
Components,01a0eb6e-53ee-7863-912d-39fa522619ae,2026-09-29T04:32:38.986000+00:00,2026-09-29T04:32:48.613000+00:00,Communication and follow-up,9.626999835771992,gap assigned to next activity,Activity classified by event type and edit destination; original commands omitted.,call_l0iSGHP9nUzZkKssiGduBS8Y
Components,01a0eb6e-53ee-7863-912d-39fa522619ae,2026-09-29T04:32:48.613000+00:00,2026-09-29T04:32:51.258000+00:00,Communication and follow-up,2.6449999756322513,gap assigned to next activity,Activity classified by event type and edit destination; original commands omitted.,msg_0e10e2b877424cad016abb3f73547487d2986c6c93d7c8fb0e
Components,01a0eb6e-53ee-7863-912d-39fa522619ae,2026-09-29T04:32:51.258000+00:00,2026-09-29T04:32:53.155000+00:00,Communication and follow-up,1.8970000705895396,event,Activity classified by event type and edit destination; original commands omitted.,msg_0e10e2b877424cad016abb3f73547487d2986c6c93d7c8fb0e
Components,01a0eb6e-53ee-7863-912d-39fa522619ae,2026-09-29T04:32:53.155000+00:00,2026-09-29T04:32:53.311000+00:00,Unattributed active time,0.1560001370168499,gap assigned to next activity,Activity classified by event type and edit destination; original commands omitted.,
Frontend,01a0eb28-3171-7f23-9e03-ebfbd52a3f10,2026-09-29T03:14:35.003000+00:00,2026-09-29T03:14:40.434000+00:00,Analysis,5.430956841323073,gap assigned to next activity,Activity classified by event type and edit destination; original commands omitted.,rs_023e11e599d1bcb7016abb2d206ebc87d28714cef75e854722
Frontend,01a0eb28-3171-7f23-9e03-ebfbd52a3f10,2026-09-29T03:14:40.434000+00:00,2026-09-29T03:14:41.010000+00:00,Analysis,0.5759953984965009,event,Activity classified by event type and edit destination; original commands omitted.,rs_023e11e599d1bcb7016abb2d206ebc87d28714cef75e854722
Frontend,01a0eb28-3171-7f23-9e03-ebfbd52a3f10,2026-09-29T03:14:41.010000+00:00,2026-09-29T03:14:41.014000+00:00,Communication and follow-up,0.003999916719300522,gap assigned to next activity,Activity classified by event type and edit destination; original commands omitted.,msg_023e11e599d1bcb7016abb2d21024087d2b0eaf06187524ed8
Frontend,01a0eb28-3171-7f23-9e03-ebfbd52a3f10,2026-09-29T03:14:41.014000+00:00,2026-09-29T03:14:42.784000+00:00,Communication and follow-up,1.76998591708387,event,Activity classified by event type and edit destination; original commands omitted.,msg_023e11e599d1bcb7016abb2d21024087d2b0eaf06187524ed8
Frontend,01a0eb28-3171-7f23-9e03-ebfbd52a3f10,2026-09-29T03:14:42.784000+00:00,2026-09-29T03:14:45.599000+00:00,Analysis,2.8149776901479884,gap assigned to next activity,Activity classified by event type and edit destination; original commands omitted.,exec-c7325705-7b11-4648-a96e-c8f681df775c
Frontend,01a0eb28-3171-7f23-9e03-ebfbd52a3f10,2026-09-29T03:14:45.599000+00:00,2026-09-29T03:14:45.843000+00:00,Analysis,0.24399801929423298,event,Activity classified by event type and edit destination; original commands omitted.,exec-c7325705-7b11-4648-a96e-c8f681df775c
Frontend,01a0eb28-3171-7f23-9e03-ebfbd52a3f10,2026-09-29T03:14:45.843000+00:00,2026-09-29T03:14:52.243000+00:00,Technical diagnosis,6.399949243053743,gap assigned to next activity,Activity classified by event type and edit destination; original commands omitted.,exec-099ae085-e91f-40e0-a630-c1fd2768b1c0
Frontend,01a0eb28-3171-7f23-9e03-ebfbd52a3f10,2026-09-29T03:14:52.243000+00:00,2026-09-29T03:14:52.463000+00:00,Technical diagnosis,0.21999828056174514,event,Activity classified by event type and edit destination; original commands omitted.,exec-099ae085-e91f-40e0-a630-c1fd2768b1c0
Frontend,01a0eb28-3171-7f23-9e03-ebfbd52a3f10,2026-09-29T03:14:52.463000+00:00,2026-09-29T03:14:58.898000+00:00,Analysis,6.434948812368478,gap assigned to next activity,Activity classified by event type and edit destination; original commands omitted.,exec-535adbf3-d432-4734-8ee6-a0bfe7f1b661
Frontend,01a0eb28-3171-7f23-9e03-ebfbd52a3f10,2026-09-29T03:14:58.898000+00:00,2026-09-29T03:14:59.128000+00:00,Analysis,0.2299981915683388,event,Activity classified by event type and edit destination; original commands omitted.,exec-535adbf3-d432-4734-8ee6-a0bfe7f1b661
Frontend,01a0eb28-3171-7f23-9e03-ebfbd52a3f10,2026-09-29T03:14:59.128000+00:00,2026-09-29T03:15:04.341000+00:00,Analysis,5.2129586383293205,gap assigned to next activity,Activity classified by event type and edit destination; original commands omitted.,exec-baa45788-2318-4d8f-99dc-a36542dfd59b
Frontend,01a0eb28-3171-7f23-9e03-ebfbd52a3f10,2026-09-29T03:15:04.341000+00:00,2026-09-29T03:15:04.569000+00:00,Analysis,0.2279981140003462,event,Activity classified by event type and edit destination; original commands omitted.,exec-baa45788-2318-4d8f-99dc-a36542dfd59b
Frontend,01a0eb28-3171-7f23-9e03-ebfbd52a3f10,2026-09-29T03:15:04.569000+00:00,2026-09-29T03:15:13.241000+00:00,Analysis,8.671931026451974,gap assigned to next activity,Activity classified by event type and edit destination; original commands omitted.,exec-abea20d2-0f90-4d69-a961-40cee6b5763b
Frontend,01a0eb28-3171-7f23-9e03-ebfbd52a3f10,2026-09-29T03:15:13.241000+00:00,2026-09-29T03:15:13.464000+00:00,Analysis,0.2229982777053917,event,Activity classified by event type and edit destination; original commands omitted.,exec-abea20d2-0f90-4d69-a961-40cee6b5763b
Frontend,01a0eb28-3171-7f23-9e03-ebfbd52a3f10,2026-09-29T03:15:13.464000+00:00,2026-09-29T03:15:15.065000+00:00,Analysis,1.600987349547432,gap assigned to next activity,Activity classified by event type and edit destination; original commands omitted.,rs_023e11e599d1bcb7016abb2d43104887d2860453c4a5fc866b
Frontend,01a0eb28-3171-7f23-9e03-ebfbd52a3f10,2026-09-29T03:15:15.065000+00:00,2026-09-29T03:15:16.006000+00:00,Analysis,0.9409925078621965,event,Activity classified by event type and edit destination; original commands omitted.,rs_023e11e599d1bcb7016abb2d43104887d2860453c4a5fc866b
Frontend,01a0eb28-3171-7f23-9e03-ebfbd52a3f10,2026-09-29T03:15:16.006000+00:00,2026-09-29T03:15:19.562000+00:00,Analysis,3.555971739461627,gap assigned to next activity,Activity classified by event type and edit destination; original commands omitted.,exec-b49968b1-fcfc-41e5-b74c-c6f66712a8ab
Frontend,01a0eb28-3171-7f23-9e03-ebfbd52a3f10,2026-09-29T03:15:19.562000+00:00,2026-09-29T03:15:19.807000+00:00,Analysis,0.24499793886988694,event,Activity classified by event type and edit destination; original commands omitted.,exec-b49968b1-fcfc-41e5-b74c-c6f66712a8ab
Frontend,01a0eb28-3171-7f23-9e03-ebfbd52a3f10,2026-09-29T03:15:19.807000+00:00,2026-09-29T03:15:27.156000+00:00,Communication and follow-up,7.34894158435454,gap assigned to next activity,Activity classified by event type and edit destination; original commands omitted.,call_cthBtbbELTVwQxRssZSNknGI
Frontend,01a0eb28-3171-7f23-9e03-ebfbd52a3f10,2026-09-29T03:15:27.156000+00:00,2026-09-29T03:15:30.100000+00:00,Analysis,2.943976613658052,gap assigned to next activity,Activity classified by event type and edit destination; original commands omitted.,rs_023e11e599d1bcb7016abb2d52157087d2b5424e1072d4b95c
Frontend,01a0eb28-3171-7f23-9e03-ebfbd52a3f10,2026-09-29T03:15:30.100000+00:00,2026-09-29T03:15:30.930000+00:00,Analysis,0.8299935672140123,event,Activity classified by event type and edit destination; original commands omitted.,rs_023e11e599d1bcb7016abb2d52157087d2b5424e1072d4b95c
Frontend,01a0eb28-3171-7f23-9e03-ebfbd52a3f10,2026-09-29T03:15:30.930000+00:00,2026-09-29T03:15:34.356000+00:00,Analysis,3.425972657959225,gap assigned to next activity,Activity classified by event type and edit destination; original commands omitted.,exec-d352ef25-a8ef-45ff-87d8-93473b2b89e2
Frontend,01a0eb28-3171-7f23-9e03-ebfbd52a3f10,2026-09-29T03:15:34.356000+00:00,2026-09-29T03:15:34.630000+00:00,Analysis,0.27399799073069864,event,Activity classified by event type and edit destination; original commands omitted.,exec-d352ef25-a8ef-45ff-87d8-93473b2b89e2
Frontend,01a0eb28-3171-7f23-9e03-ebfbd52a3f10,2026-09-29T03:15:34.630000+00:00,2026-09-29T03:15:39.604000+00:00,Analysis,4.973960455330042,gap assigned to next activity,Activity classified by event type and edit destination; original commands omitted.,exec-915de759-5ba7-4b58-95c1-40783b343832
Frontend,01a0eb28-3171-7f23-9e03-ebfbd52a3f10,2026-09-29T03:15:39.604000+00:00,2026-09-29T03:15:39.850000+00:00,Analysis,0.2459978584455409,event,Activity classified by event type and edit destination; original commands omitted.,exec-915de759-5ba7-4b58-95c1-40783b343832
Frontend,01a0eb28-3171-7f23-9e03-ebfbd52a3f10,2026-09-29T03:15:39.850000+00:00,2026-09-29T03:15:41.346000+00:00,Analysis,1.4959881647698563,gap assigned to next activity,Activity classified by event type and edit destination; original commands omitted.,rs_023e11e599d1bcb7016abb2d5d57b087d2a0cad699e14dbc24
Frontend,01a0eb28-3171-7f23-9e03-ebfbd52a3f10,2026-09-29T03:15:41.346000+00:00,2026-09-29T03:15:43.706000+00:00,Analysis,2.35998138172295,event,Activity classified by event type and edit destination; original commands omitted.,rs_023e11e599d1bcb7016abb2d5d57b087d2a0cad699e14dbc24
Frontend,01a0eb28-3171-7f23-9e03-ebfbd52a3f10,2026-09-29T03:15:43.706000+00:00,2026-09-29T03:15:46.119000+00:00,Analysis,2.4129806954828803,gap assigned to next activity,Activity classified by event type and edit destination; original commands omitted.,exec-2f20424f-ae94-437c-b366-ea2b1b8bebbb
Frontend,01a0eb28-3171-7f23-9e03-ebfbd52a3f10,2026-09-29T03:15:46.119000+00:00,2026-09-29T03:15:46.348000+00:00,Analysis,0.22899827199268485,event,Activity classified by event type and edit destination; original commands omitted.,exec-2f20424f-ae94-437c-b366-ea2b1b8bebbb
Frontend,01a0eb28-3171-7f23-9e03-ebfbd52a3f10,2026-09-29T03:15:46.348000+00:00,2026-09-29T03:15:50.864000+00:00,Communication and follow-up,4.515964149761357,gap assigned to next activity,Activity classified by event type and edit destination; original commands omitted.,call_g2IfASlMV4qtYkSr5Y03tJCa
Frontend,01a0eb28-3171-7f23-9e03-ebfbd52a3f10,2026-09-29T03:15:50.864000+00:00,2026-09-29T03:15:52.573000+00:00,Analysis,1.7089862930519695,gap assigned to next activity,Activity classified by event type and edit destination; original commands omitted.,rs_023e11e599d1bcb7016abb2d6891e487d29bb09cf49f0ec295
Frontend,01a0eb28-3171-7f23-9e03-ebfbd52a3f10,2026-09-29T03:15:52.573000+00:00,2026-09-29T03:16:11.074000+00:00,Analysis,18.500852924608587,event,Activity classified by event type and edit destination; original commands omitted.,rs_023e11e599d1bcb7016abb2d6891e487d29bb09cf49f0ec295
Frontend,01a0eb28-3171-7f23-9e03-ebfbd52a3f10,2026-09-29T03:16:11.074000+00:00,2026-09-29T03:16:11.082000+00:00,Communication and follow-up,0.00800007185528575,gap assigned to next activity,Activity classified by event type and edit destination; original commands omitted.,msg_023e11e599d1bcb7016abb2d7b136087d299fee86aa04464a2
Frontend,01a0eb28-3171-7f23-9e03-ebfbd52a3f10,2026-09-29T03:16:11.082000+00:00,2026-09-29T03:16:12.850000+00:00,Communication and follow-up,1.7679858395158776,event,Activity classified by event type and edit destination; original commands omitted.,msg_023e11e599d1bcb7016abb2d7b136087d299fee86aa04464a2
Frontend,01a0eb28-3171-7f23-9e03-ebfbd52a3f10,2026-09-29T03:16:12.850000+00:00,2026-09-29T03:16:53.152000+00:00,Implementation,40.30167981922666,gap assigned to next activity,Activity classified by event type and edit destination; original commands omitted.,exec-daa13049-f7b4-400f-8513-1aabd1cba357
Frontend,01a0eb28-3171-7f23-9e03-ebfbd52a3f10,2026-09-29T03:16:53.152000+00:00,2026-09-29T03:16:53.375000+00:00,Implementation,0.2229982777053917,event,Activity classified by event type and edit destination; original commands omitted.,exec-daa13049-f7b4-400f-8513-1aabd1cba357
Frontend,01a0eb28-3171-7f23-9e03-ebfbd52a3f10,2026-09-29T03:16:53.375000+00:00,2026-09-29T03:16:55.463000+00:00,Analysis,2.087983468560244,gap assigned to next activity,Activity classified by event type and edit destination; original commands omitted.,rs_023e11e599d1bcb7016abb2da775e087d29d492f51aba28f2b
Frontend,01a0eb28-3171-7f23-9e03-ebfbd52a3f10,2026-09-29T03:16:55.463000+00:00,2026-09-29T03:17:04.432000+00:00,Analysis,8.96892859792282,event,Activity classified by event type and edit destination; original commands omitted.,rs_023e11e599d1bcb7016abb2da775e087d29d492f51aba28f2b
Frontend,01a0eb28-3171-7f23-9e03-ebfbd52a3f10,2026-09-29T03:17:04.432000+00:00,2026-09-29T03:17:44.489000+00:00,Implementation,40.05668188035678,gap assigned to next activity,Activity classified by event type and edit destination; original commands omitted.,exec-39e0e6a0-38ab-4f15-b430-1dc18abd1bc3
Frontend,01a0eb28-3171-7f23-9e03-ebfbd52a3f10,2026-09-29T03:17:44.489000+00:00,2026-09-29T03:17:44.746000+00:00,Implementation,0.2569979274444732,event,Activity classified by event type and edit destination; original commands omitted.,exec-39e0e6a0-38ab-4f15-b430-1dc18abd1bc3
Frontend,01a0eb28-3171-7f23-9e03-ebfbd52a3f10,2026-09-29T03:17:44.746000+00:00,2026-09-29T03:17:48.361000+00:00,Analysis,3.614971285925535,gap assigned to next activity,Activity classified by event type and edit destination; original commands omitted.,rs_023e11e599d1bcb7016abb2ddc5ba487d29e3cd85beb02b0b4
Frontend,01a0eb28-3171-7f23-9e03-ebfbd52a3f10,2026-09-29T03:17:48.361000+00:00,2026-09-29T03:17:55.944000+00:00,Analysis,7.58293969264218,event,Activity classified by event type and edit destination; original commands omitted.,rs_023e11e599d1bcb7016abb2ddc5ba487d29e3cd85beb02b0b4
Frontend,01a0eb28-3171-7f23-9e03-ebfbd52a3f10,2026-09-29T03:17:55.944000+00:00,2026-09-29T03:19:02.404000+00:00,Implementation,66.45947196865957,gap assigned to next activity,Activity classified by event type and edit destination; original commands omitted.,exec-f27e12c0-ae43-4033-aa95-aea994186181
Frontend,01a0eb28-3171-7f23-9e03-ebfbd52a3f10,2026-09-29T03:19:02.404000+00:00,2026-09-29T03:19:02.641000+00:00,Implementation,0.2369981054312859,event,Activity classified by event type and edit destination; original commands omitted.,exec-f27e12c0-ae43-4033-aa95-aea994186181
Frontend,01a0eb28-3171-7f23-9e03-ebfbd52a3f10,2026-09-29T03:19:02.641000+00:00,2026-09-29T03:19:04.583000+00:00,Analysis,1.9419844817639549,gap assigned to next activity,Activity classified by event type and edit destination; original commands omitted.,rs_023e11e599d1bcb7016abb2e28949487d2bd8ebaa697179420
Frontend,01a0eb28-3171-7f23-9e03-ebfbd52a3f10,2026-09-29T03:19:04.583000+00:00,2026-09-29T03:19:13.151000+00:00,Analysis,8.567931999666737,event,Activity classified by event type and edit destination; original commands omitted.,rs_023e11e599d1bcb7016abb2e28949487d2bd8ebaa697179420
Frontend,01a0eb28-3171-7f23-9e03-ebfbd52a3f10,2026-09-29T03:19:13.151000+00:00,2026-09-29T03:20:56.836000+00:00,Implementation,103.68417609558215,gap assigned to next activity,Activity classified by event type and edit destination; original commands omitted.,exec-dd74e0d9-28fe-426a-89cb-71b3934f5a33
Frontend,01a0eb28-3171-7f23-9e03-ebfbd52a3f10,2026-09-29T03:20:56.836000+00:00,2026-09-29T03:20:57.069000+00:00,Implementation,0.23299818871198538,event,Activity classified by event type and edit destination; original commands omitted.,exec-dd74e0d9-28fe-426a-89cb-71b3934f5a33
Frontend,01a0eb28-3171-7f23-9e03-ebfbd52a3f10,2026-09-29T03:20:57.069000+00:00,2026-09-29T03:20:59.249000+00:00,Analysis,2.1799827451875795,gap assigned to next activity,Activity classified by event type and edit destination; original commands omitted.,rs_023e11e599d1bcb7016abb2e9b3ecc87d2b50ce8def9f2b254
Frontend,01a0eb28-3171-7f23-9e03-ebfbd52a3f10,2026-09-29T03:20:59.249000+00:00,2026-09-29T03:21:03.193000+00:00,Analysis,3.9439686679841564,event,Activity classified by event type and edit destination; original commands omitted.,rs_023e11e599d1bcb7016abb2e9b3ecc87d2b50ce8def9f2b254
Frontend,01a0eb28-3171-7f23-9e03-ebfbd52a3f10,2026-09-29T03:21:03.193000+00:00,2026-09-29T03:22:05.978000+00:00,Implementation,62.78450097827779,gap assigned to next activity,Activity classified by event type and edit destination; original commands omitted.,exec-9687dc39-f041-44ee-b9f8-af99f4882b13
Frontend,01a0eb28-3171-7f23-9e03-ebfbd52a3f10,2026-09-29T03:22:05.978000+00:00,2026-09-29T03:22:06.244000+00:00,Implementation,0.2659979188754129,event,Activity classified by event type and edit destination; original commands omitted.,exec-9687dc39-f041-44ee-b9f8-af99f4882b13
Frontend,01a0eb28-3171-7f23-9e03-ebfbd52a3f10,2026-09-29T03:22:06.244000+00:00,2026-09-29T03:22:07.869000+00:00,Analysis,1.6249870882799198,gap assigned to next activity,Activity classified by event type and edit destination; original commands omitted.,rs_023e11e599d1bcb7016abb2edfdd3c87d28c14e3dd509098c9
Frontend,01a0eb28-3171-7f23-9e03-ebfbd52a3f10,2026-09-29T03:22:07.869000+00:00,2026-09-29T03:22:19.877000+00:00,Analysis,12.00790472376854,event,Activity classified by event type and edit destination; original commands omitted.,rs_023e11e599d1bcb7016abb2edfdd3c87d28c14e3dd509098c9
Frontend,01a0eb28-3171-7f23-9e03-ebfbd52a3f10,2026-09-29T03:22:19.877000+00:00,2026-09-29T03:22:19.883000+00:00,Communication and follow-up,0.00599975587060843,gap assigned to next activity,Activity classified by event type and edit destination; original commands omitted.,msg_023e11e599d1bcb7016abb2eebe0a087d2be9a7d3a8f46bf7e
Frontend,01a0eb28-3171-7f23-9e03-ebfbd52a3f10,2026-09-29T03:22:19.883000+00:00,2026-09-29T03:22:21.818000+00:00,Communication and follow-up,1.9349848063176927,event,Activity classified by event type and edit destination; original commands omitted.,msg_023e11e599d1bcb7016abb2eebe0a087d2be9a7d3a8f46bf7e
Frontend,01a0eb28-3171-7f23-9e03-ebfbd52a3f10,2026-09-29T03:22:21.818000+00:00,2026-09-29T03:24:07.015000+00:00,Implementation,105.19616416564588,gap assigned to next activity,Activity classified by event type and edit destination; original commands omitted.,exec-90fb4692-55cb-4849-ab98-ddda69b1d77c
Frontend,01a0eb28-3171-7f23-9e03-ebfbd52a3f10,2026-09-29T03:24:07.015000+00:00,2026-09-29T03:24:08.836000+00:00,Implementation,1.8209853916924925,event,Activity classified by event type and edit destination; original commands omitted.,exec-90fb4692-55cb-4849-ab98-ddda69b1d77c
Frontend,01a0eb28-3171-7f23-9e03-ebfbd52a3f10,2026-09-29T03:24:08.836000+00:00,2026-09-29T03:24:10.967000+00:00,Analysis,2.1309831097302654,gap assigned to next activity,Activity classified by event type and edit destination; original commands omitted.,rs_023e11e599d1bcb7016abb2f5af60887d2be2e73fb6c4e3a9b
Frontend,01a0eb28-3171-7f23-9e03-ebfbd52a3f10,2026-09-29T03:24:10.967000+00:00,2026-09-29T03:24:11.642000+00:00,Analysis,0.6749945889867836,event,Activity classified by event type and edit destination; original commands omitted.,rs_023e11e599d1bcb7016abb2f5af60887d2be2e73fb6c4e3a9b
Frontend,01a0eb28-3171-7f23-9e03-ebfbd52a3f10,2026-09-29T03:24:11.642000+00:00,2026-09-29T03:24:22.414000+00:00,Implementation,10.771914483586803,gap assigned to next activity,Activity classified by event type and edit destination; original commands omitted.,exec-a5852919-5f4f-4a08-a89f-7cacfee3caa5
Frontend,01a0eb28-3171-7f23-9e03-ebfbd52a3f10,2026-09-29T03:24:22.414000+00:00,2026-09-29T03:24:27.359000+00:00,Implementation,4.944960641885915,event,Activity classified by event type and edit destination; original commands omitted.,exec-a5852919-5f4f-4a08-a89f-7cacfee3caa5
Frontend,01a0eb28-3171-7f23-9e03-ebfbd52a3f10,2026-09-29T03:24:27.359000+00:00,2026-09-29T03:24:30.277000+00:00,Analysis,2.9179767973575714,gap assigned to next activity,Activity classified by event type and edit destination; original commands omitted.,rs_023e11e599d1bcb7016abb2f6e439c87d2bb7f6beebcd86d0b
Frontend,01a0eb28-3171-7f23-9e03-ebfbd52a3f10,2026-09-29T03:24:30.277000+00:00,2026-09-29T03:24:40.136000+00:00,Analysis,9.858921631176395,event,Activity classified by event type and edit destination; original commands omitted.,rs_023e11e599d1bcb7016abb2f6e439c87d2bb7f6beebcd86d0b
Frontend,01a0eb28-3171-7f23-9e03-ebfbd52a3f10,2026-09-29T03:24:40.136000+00:00,2026-09-29T03:24:43.342000+00:00,Communication and follow-up,3.2059746158141644,gap assigned to next activity,Activity classified by event type and edit destination; original commands omitted.,call_0Agh0rrufZSdX4JytRdHEcys
Frontend,01a0eb28-3171-7f23-9e03-ebfbd52a3f10,2026-09-29T03:24:43.342000+00:00,2026-09-29T03:24:51.438000+00:00,Analysis,8.095935627955472,gap assigned to next activity,Activity classified by event type and edit destination; original commands omitted.,exec-b3ad9e4b-d383-45e1-ac4b-2b7cb88d15ed
Frontend,01a0eb28-3171-7f23-9e03-ebfbd52a3f10,2026-09-29T03:24:51.438000+00:00,2026-09-29T03:24:51.753000+00:00,Analysis,0.31499755433272725,event,Activity classified by event type and edit destination; original commands omitted.,exec-b3ad9e4b-d383-45e1-ac4b-2b7cb88d15ed
Frontend,01a0eb28-3171-7f23-9e03-ebfbd52a3f10,2026-09-29T03:24:51.753000+00:00,2026-09-29T03:24:54.305000+00:00,Analysis,2.551979768416222,gap assigned to next activity,Activity classified by event type and edit destination; original commands omitted.,rs_023e11e599d1bcb7016abb2f864cc087d2aa1a0554e631f896
Frontend,01a0eb28-3171-7f23-9e03-ebfbd52a3f10,2026-09-29T03:24:54.305000+00:00,2026-09-29T03:25:01.947000+00:00,Analysis,7.641939239106088,event,Activity classified by event type and edit destination; original commands omitted.,rs_023e11e599d1bcb7016abb2f864cc087d2aa1a0554e631f896
Frontend,01a0eb28-3171-7f23-9e03-ebfbd52a3f10,2026-09-29T03:25:01.947000+00:00,2026-09-29T03:26:06.212000+00:00,Implementation,64.26448923775376,gap assigned to next activity,Activity classified by event type and edit destination; original commands omitted.,exec-1f1b5903-b48c-403e-920b-9b15370f67b0
Frontend,01a0eb28-3171-7f23-9e03-ebfbd52a3f10,2026-09-29T03:26:06.212000+00:00,2026-09-29T03:26:06.444000+00:00,Implementation,0.23199826913633143,event,Activity classified by event type and edit destination; original commands omitted.,exec-1f1b5903-b48c-403e-920b-9b15370f67b0
Frontend,01a0eb28-3171-7f23-9e03-ebfbd52a3f10,2026-09-29T03:26:06.444000+00:00,2026-09-29T03:26:08.173000+00:00,Analysis,1.7289863534818417,gap assigned to next activity,Activity classified by event type and edit destination; original commands omitted.,rs_023e11e599d1bcb7016abb2fd02aa887d29c052e1dc34cd53b
Frontend,01a0eb28-3171-7f23-9e03-ebfbd52a3f10,2026-09-29T03:26:08.173000+00:00,2026-09-29T03:26:10.119000+00:00,Analysis,1.9459843984832554,event,Activity classified by event type and edit destination; original commands omitted.,rs_023e11e599d1bcb7016abb2fd02aa887d29c052e1dc34cd53b
Frontend,01a0eb28-3171-7f23-9e03-ebfbd52a3f10,2026-09-29T03:26:10.119000+00:00,2026-09-29T03:26:43.891000+00:00,Implementation,33.77173173308721,gap assigned to next activity,Activity classified by event type and edit destination; original commands omitted.,exec-4f1ceaf0-ad8a-4e2f-9fea-81b867e24253
Frontend,01a0eb28-3171-7f23-9e03-ebfbd52a3f10,2026-09-29T03:26:43.891000+00:00,2026-09-29T03:26:49.361000+00:00,Implementation,5.469956565773794,event,Activity classified by event type and edit destination; original commands omitted.,exec-4f1ceaf0-ad8a-4e2f-9fea-81b867e24253
Frontend,01a0eb28-3171-7f23-9e03-ebfbd52a3f10,2026-09-29T03:26:49.361000+00:00,2026-09-29T03:26:51.173000+00:00,Analysis,1.8119856386782374,gap assigned to next activity,Activity classified by event type and edit destination; original commands omitted.,rs_023e11e599d1bcb7016abb2ffb2ae887d2b212442a23e574d1
Frontend,01a0eb28-3171-7f23-9e03-ebfbd52a3f10,2026-09-29T03:26:51.173000+00:00,2026-09-29T03:26:54.256000+00:00,Analysis,3.082975448174709,event,Activity classified by event type and edit destination; original commands omitted.,rs_023e11e599d1bcb7016abb2ffb2ae887d2b212442a23e574d1
Frontend,01a0eb28-3171-7f23-9e03-ebfbd52a3f10,2026-09-29T03:26:54.256000+00:00,2026-09-29T03:26:56.751000+00:00,Analysis,2.494980061103622,gap assigned to next activity,Activity classified by event type and edit destination; original commands omitted.,exec-307e3d27-a675-4513-843d-47a118c54fa2
Frontend,01a0eb28-3171-7f23-9e03-ebfbd52a3f10,2026-09-29T03:26:56.751000+00:00,2026-09-29T03:26:56.992000+00:00,Analysis,0.24099826056727114,event,Activity classified by event type and edit destination; original commands omitted.,exec-307e3d27-a675-4513-843d-47a118c54fa2
Frontend,01a0eb28-3171-7f23-9e03-ebfbd52a3f10,2026-09-29T03:26:56.992000+00:00,2026-09-29T03:27:00.977000+00:00,Analysis,3.984968231586185,gap assigned to next activity,Activity classified by event type and edit destination; original commands omitted.,rs_023e11e599d1bcb7016abb3004f84087d290c6f73fb69d1053
Frontend,01a0eb28-3171-7f23-9e03-ebfbd52a3f10,2026-09-29T03:27:00.977000+00:00,2026-09-29T03:27:18.230000+00:00,Analysis,17.25286293426895,event,Activity classified by event type and edit destination; original commands omitted.,rs_023e11e599d1bcb7016abb3004f84087d290c6f73fb69d1053
Frontend,01a0eb28-3171-7f23-9e03-ebfbd52a3f10,2026-09-29T03:27:18.230000+00:00,2026-09-29T03:27:40.176000+00:00,Implementation,21.94582572342203,gap assigned to next activity,Activity classified by event type and edit destination; original commands omitted.,exec-82ce1af8-fe96-423e-ba26-a9fb88d8a035
Frontend,01a0eb28-3171-7f23-9e03-ebfbd52a3f10,2026-09-29T03:27:40.176000+00:00,2026-09-29T03:27:40.442000+00:00,Implementation,0.26599768045872824,event,Activity classified by event type and edit destination; original commands omitted.,exec-82ce1af8-fe96-423e-ba26-a9fb88d8a035
Frontend,01a0eb28-3171-7f23-9e03-ebfbd52a3f10,2026-09-29T03:27:40.442000+00:00,2026-09-29T03:27:43.339000+00:00,Analysis,2.89697705576873,gap assigned to next activity,Activity classified by event type and edit destination; original commands omitted.,rs_023e11e599d1bcb7016abb302f545887d2b9935f7f71efdcdd
Frontend,01a0eb28-3171-7f23-9e03-ebfbd52a3f10,2026-09-29T03:27:43.339000+00:00,2026-09-29T03:27:44.429000+00:00,Analysis,1.0899912533854474,event,Activity classified by event type and edit destination; original commands omitted.,rs_023e11e599d1bcb7016abb302f545887d2b9935f7f71efdcdd
Frontend,01a0eb28-3171-7f23-9e03-ebfbd52a3f10,2026-09-29T03:27:44.429000+00:00,2026-09-29T03:27:59.499000+00:00,Implementation,15.069880430354408,gap assigned to next activity,Activity classified by event type and edit destination; original commands omitted.,exec-aa05d4a1-1e7a-44d1-99a8-cbf8aefddb45
Frontend,01a0eb28-3171-7f23-9e03-ebfbd52a3f10,2026-09-29T03:27:59.499000+00:00,2026-09-29T03:28:05.041000+00:00,Implementation,5.541955781971257,event,Activity classified by event type and edit destination; original commands omitted.,exec-aa05d4a1-1e7a-44d1-99a8-cbf8aefddb45
Frontend,01a0eb28-3171-7f23-9e03-ebfbd52a3f10,2026-09-29T03:28:05.041000+00:00,2026-09-29T03:28:06.858000+00:00,Analysis,1.8169857133898766,gap assigned to next activity,Activity classified by event type and edit destination; original commands omitted.,rs_023e11e599d1bcb7016abb3046daa487d2b76feb9db0194464
Frontend,01a0eb28-3171-7f23-9e03-ebfbd52a3f10,2026-09-29T03:28:06.858000+00:00,2026-09-29T03:28:12.131000+00:00,Analysis,5.2729581043688825,event,Activity classified by event type and edit destination; original commands omitted.,rs_023e11e599d1bcb7016abb3046daa487d2b76feb9db0194464
Frontend,01a0eb28-3171-7f23-9e03-ebfbd52a3f10,2026-09-29T03:28:12.131000+00:00,2026-09-29T03:28:12.136000+00:00,Communication and follow-up,0.0049998362949544755,gap assigned to next activity,Activity classified by event type and edit destination; original commands omitted.,msg_023e11e599d1bcb7016abb304c216087d28374c6301d7ef93f
Frontend,01a0eb28-3171-7f23-9e03-ebfbd52a3f10,2026-09-29T03:28:12.136000+00:00,2026-09-29T03:28:13.133000+00:00,Communication and follow-up,0.996992057182458,event,Activity classified by event type and edit destination; original commands omitted.,msg_023e11e599d1bcb7016abb304c216087d28374c6301d7ef93f
Frontend,01a0eb28-3171-7f23-9e03-ebfbd52a3f10,2026-09-29T03:28:13.133000+00:00,2026-09-29T03:28:18.578000+00:00,Testing and verification,5.444956907465652,gap assigned to next activity,Activity classified by event type and edit destination; original commands omitted.,exec-97c4bec1-f528-4e96-a8fe-c739be516323
Frontend,01a0eb28-3171-7f23-9e03-ebfbd52a3f10,2026-09-29T03:28:18.578000+00:00,2026-09-29T03:28:20.064000+00:00,Testing and verification,1.4859880153465779,event,Activity classified by event type and edit destination; original commands omitted.,exec-97c4bec1-f528-4e96-a8fe-c739be516323
Frontend,01a0eb28-3171-7f23-9e03-ebfbd52a3f10,2026-09-29T03:28:20.064000+00:00,2026-09-29T03:28:22.098000+00:00,Analysis,2.0339839968079754,gap assigned to next activity,Activity classified by event type and edit destination; original commands omitted.,rs_023e11e599d1bcb7016abb3056181487d2a959ea55a2d75c1b
Frontend,01a0eb28-3171-7f23-9e03-ebfbd52a3f10,2026-09-29T03:28:22.098000+00:00,2026-09-29T03:28:43.130000+00:00,Analysis,21.03183295143597,event,Activity classified by event type and edit destination; original commands omitted.,rs_023e11e599d1bcb7016abb3056181487d2a959ea55a2d75c1b
Frontend,01a0eb28-3171-7f23-9e03-ebfbd52a3f10,2026-09-29T03:28:43.130000+00:00,2026-09-29T03:29:02.315000+00:00,Implementation,19.184847505026312,gap assigned to next activity,Activity classified by event type and edit destination; original commands omitted.,exec-4fc80cef-6332-47b3-8c0a-b46418e49cad
Frontend,01a0eb28-3171-7f23-9e03-ebfbd52a3f10,2026-09-29T03:29:02.315000+00:00,2026-09-29T03:29:07.596000+00:00,Implementation,5.280957937807483,event,Activity classified by event type and edit destination; original commands omitted.,exec-4fc80cef-6332-47b3-8c0a-b46418e49cad
Frontend,01a0eb28-3171-7f23-9e03-ebfbd52a3f10,2026-09-29T03:29:07.596000+00:00,2026-09-29T03:29:09.331000+00:00,Analysis,1.7349863477691347,gap assigned to next activity,Activity classified by event type and edit destination; original commands omitted.,rs_023e11e599d1bcb7016abb308552e887d2aef88d3a4a7945fc
Frontend,01a0eb28-3171-7f23-9e03-ebfbd52a3f10,2026-09-29T03:29:09.331000+00:00,2026-09-29T03:29:21.073000+00:00,Analysis,11.741906566476443,event,Activity classified by event type and edit destination; original commands omitted.,rs_023e11e599d1bcb7016abb308552e887d2aef88d3a4a7945fc
Frontend,01a0eb28-3171-7f23-9e03-ebfbd52a3f10,2026-09-29T03:29:21.073000+00:00,2026-09-29T03:29:24.758000+00:00,Communication and follow-up,3.6849706629716907,gap assigned to next activity,Activity classified by event type and edit destination; original commands omitted.,call_s5KnjJ5LZYN7HZ4154ZFoR4Z
Frontend,01a0eb28-3171-7f23-9e03-ebfbd52a3f10,2026-09-29T03:29:24.758000+00:00,2026-09-29T03:29:28.741000+00:00,Analysis,3.982968392434877,gap assigned to next activity,Activity classified by event type and edit destination; original commands omitted.,rs_023e11e599d1bcb7016abb3098bc9087d2a3dac332b1faf501
Frontend,01a0eb28-3171-7f23-9e03-ebfbd52a3f10,2026-09-29T03:29:28.741000+00:00,2026-09-29T03:29:44.189000+00:00,Analysis,15.447877209453658,event,Activity classified by event type and edit destination; original commands omitted.,rs_023e11e599d1bcb7016abb3098bc9087d2a3dac332b1faf501
Frontend,01a0eb28-3171-7f23-9e03-ebfbd52a3f10,2026-09-29T03:29:44.189000+00:00,2026-09-29T03:30:01.258000+00:00,Implementation,17.06886438101428,gap assigned to next activity,Activity classified by event type and edit destination; original commands omitted.,exec-a50676b1-244c-4681-8952-c1b5ea6985bb
Frontend,01a0eb28-3171-7f23-9e03-ebfbd52a3f10,2026-09-29T03:30:01.258000+00:00,2026-09-29T03:30:03.075000+00:00,Implementation,1.8169857133898766,event,Activity classified by event type and edit destination; original commands omitted.,exec-a50676b1-244c-4681-8952-c1b5ea6985bb
Frontend,01a0eb28-3171-7f23-9e03-ebfbd52a3f10,2026-09-29T03:30:03.075000+00:00,2026-09-29T03:30:05.017000+00:00,Analysis,1.9419844817639549,gap assigned to next activity,Activity classified by event type and edit destination; original commands omitted.,rs_023e11e599d1bcb7016abb30bd035487d28a069162f581edc0
Frontend,01a0eb28-3171-7f23-9e03-ebfbd52a3f10,2026-09-29T03:30:05.017000+00:00,2026-09-29T03:30:24.859000+00:00,Analysis,19.841842349567898,event,Activity classified by event type and edit destination; original commands omitted.,rs_023e11e599d1bcb7016abb30bd035487d28a069162f581edc0
Frontend,01a0eb28-3171-7f23-9e03-ebfbd52a3f10,2026-09-29T03:30:24.859000+00:00,2026-09-29T03:30:38.919000+00:00,Implementation,14.059888226605025,gap assigned to next activity,Activity classified by event type and edit destination; original commands omitted.,exec-fb78f6a5-27b6-429c-bcb8-9e804642ef74
Frontend,01a0eb28-3171-7f23-9e03-ebfbd52a3f10,2026-09-29T03:30:38.919000+00:00,2026-09-29T03:30:44.052000+00:00,Implementation,5.132959350276571,event,Activity classified by event type and edit destination; original commands omitted.,exec-fb78f6a5-27b6-429c-bcb8-9e804642ef74
Frontend,01a0eb28-3171-7f23-9e03-ebfbd52a3f10,2026-09-29T03:30:44.052000+00:00,2026-09-29T03:30:45.971000+00:00,Analysis,1.918984662607121,gap assigned to next activity,Activity classified by event type and edit destination; original commands omitted.,rs_023e11e599d1bcb7016abb30e5f78c87d2bd54edfd8ee26858
Frontend,01a0eb28-3171-7f23-9e03-ebfbd52a3f10,2026-09-29T03:30:45.971000+00:00,2026-09-29T03:30:50.598000+00:00,Analysis,4.626963328826226,event,Activity classified by event type and edit destination; original commands omitted.,rs_023e11e599d1bcb7016abb30e5f78c87d2bd54edfd8ee26858
Frontend,01a0eb28-3171-7f23-9e03-ebfbd52a3f10,2026-09-29T03:30:50.598000+00:00,2026-09-29T03:31:42.411000+00:00,Documentation,51.81258827455912,gap assigned to next activity,Activity classified by event type and edit destination; original commands omitted.,exec-303d83b1-531b-4193-8621-7f5bf18a9ebb
Frontend,01a0eb28-3171-7f23-9e03-ebfbd52a3f10,2026-09-29T03:31:42.411000+00:00,2026-09-29T03:31:43.211000+00:00,Documentation,0.7999935957775467,event,Activity classified by event type and edit destination; original commands omitted.,exec-303d83b1-531b-4193-8621-7f5bf18a9ebb
Frontend,01a0eb28-3171-7f23-9e03-ebfbd52a3f10,2026-09-29T03:31:43.211000+00:00,2026-09-29T03:31:45.056000+00:00,Analysis,1.8449853688416649,gap assigned to next activity,Activity classified by event type and edit destination; original commands omitted.,rs_023e11e599d1bcb7016abb31210bb087d28cb0396666c52fea
Frontend,01a0eb28-3171-7f23-9e03-ebfbd52a3f10,2026-09-29T03:31:45.056000+00:00,2026-09-29T03:32:05.820000+00:00,Analysis,20.76383495499256,event,Activity classified by event type and edit destination; original commands omitted.,rs_023e11e599d1bcb7016abb31210bb087d28cb0396666c52fea
Frontend,01a0eb28-3171-7f23-9e03-ebfbd52a3f10,2026-09-29T03:32:05.820000+00:00,2026-09-29T03:32:05.824000+00:00,Analysis,0.003999916719300522,gap assigned to next activity,Activity classified by event type and edit destination; original commands omitted.,rs_023e11e599d1bcb7016abb3135cfb487d2bff354dc5593a076
Frontend,01a0eb28-3171-7f23-9e03-ebfbd52a3f10,2026-09-29T03:32:05.824000+00:00,2026-09-29T03:32:25.888000+00:00,Analysis,20.063840707697636,event,Activity classified by event type and edit destination; original commands omitted.,rs_023e11e599d1bcb7016abb3135cfb487d2bff354dc5593a076
Frontend,01a0eb28-3171-7f23-9e03-ebfbd52a3f10,2026-09-29T03:32:25.888000+00:00,2026-09-29T03:32:32.282000+00:00,Implementation,6.393949248766449,gap assigned to next activity,Activity classified by event type and edit destination; original commands omitted.,exec-723ffe22-0a4d-499e-90ce-c9f747dfd02d
Frontend,01a0eb28-3171-7f23-9e03-ebfbd52a3f10,2026-09-29T03:32:32.282000+00:00,2026-09-29T03:32:37.443000+00:00,Implementation,5.16095900572836,event,Activity classified by event type and edit destination; original commands omitted.,exec-723ffe22-0a4d-499e-90ce-c9f747dfd02d
Frontend,01a0eb28-3171-7f23-9e03-ebfbd52a3f10,2026-09-29T03:32:37.443000+00:00,2026-09-29T03:32:40.199000+00:00,Analysis,2.755977905267396,gap assigned to next activity,Activity classified by event type and edit destination; original commands omitted.,rs_023e11e599d1bcb7016abb3158319087d2aeb1c3f8a73d33b5
Frontend,01a0eb28-3171-7f23-9e03-ebfbd52a3f10,2026-09-29T03:32:40.199000+00:00,2026-09-29T03:33:02.524000+00:00,Analysis,22.324822660513618,event,Activity classified by event type and edit destination; original commands omitted.,rs_023e11e599d1bcb7016abb3158319087d2aeb1c3f8a73d33b5
Frontend,01a0eb28-3171-7f23-9e03-ebfbd52a3f10,2026-09-29T03:33:02.524000+00:00,2026-09-29T03:33:02.527000+00:00,Communication and follow-up,0.0029999971436465676,gap assigned to next activity,Activity classified by event type and edit destination; original commands omitted.,msg_023e11e599d1bcb7016abb316e856087d2895c80148fc78fbe
Frontend,01a0eb28-3171-7f23-9e03-ebfbd52a3f10,2026-09-29T03:33:02.527000+00:00,2026-09-29T03:33:04.548000+00:00,Communication and follow-up,2.020984088657735,event,Activity classified by event type and edit destination; original commands omitted.,msg_023e11e599d1bcb7016abb316e856087d2895c80148fc78fbe
Frontend,01a0eb28-3171-7f23-9e03-ebfbd52a3f10,2026-09-29T03:33:04.548000+00:00,2026-09-29T03:33:07.755000+00:00,Documentation,3.2069745353898185,gap assigned to next activity,Activity classified by event type and edit destination; original commands omitted.,exec-e2ce13eb-37c0-4991-97a3-04f6d039d390
Frontend,01a0eb28-3171-7f23-9e03-ebfbd52a3f10,2026-09-29T03:33:07.755000+00:00,2026-09-29T03:33:08.377000+00:00,Documentation,0.6219950368101688,event,Activity classified by event type and edit destination; original commands omitted.,exec-e2ce13eb-37c0-4991-97a3-04f6d039d390
Frontend,01a0eb28-3171-7f23-9e03-ebfbd52a3f10,2026-09-29T03:33:08.377000+00:00,2026-09-29T03:33:16.617000+00:00,Communication and follow-up,8.239934537183768,gap assigned to next activity,Activity classified by event type and edit destination; original commands omitted.,call_H11froObrs0MoEO2KX77mX9i
Frontend,01a0eb28-3171-7f23-9e03-ebfbd52a3f10,2026-09-29T03:33:16.617000+00:00,2026-09-29T03:33:19.617000+00:00,Analysis,2.9999761629783137,gap assigned to next activity,Activity classified by event type and edit destination; original commands omitted.,rs_023e11e599d1bcb7016abb317f9c7087d2b1d5aa737af65418
Frontend,01a0eb28-3171-7f23-9e03-ebfbd52a3f10,2026-09-29T03:33:19.617000+00:00,2026-09-29T03:33:23.850000+00:00,Analysis,4.232966167599718,event,Activity classified by event type and edit destination; original commands omitted.,rs_023e11e599d1bcb7016abb317f9c7087d2b1d5aa737af65418
Frontend,01a0eb28-3171-7f23-9e03-ebfbd52a3f10,2026-09-29T03:33:23.850000+00:00,2026-09-29T03:33:23.858000+00:00,Communication and follow-up,0.00800007185528575,gap assigned to next activity,Activity classified by event type and edit destination; original commands omitted.,msg_023e11e599d1bcb7016abb3183d8ec87d2a82ca99d47ac7b3f
Frontend,01a0eb28-3171-7f23-9e03-ebfbd52a3f10,2026-09-29T03:33:23.858000+00:00,2026-09-29T03:33:27.556000+00:00,Communication and follow-up,3.697970571121931,event,Activity classified by event type and edit destination; original commands omitted.,msg_023e11e599d1bcb7016abb3183d8ec87d2a82ca99d47ac7b3f
Frontend,01a0eb28-3171-7f23-9e03-ebfbd52a3f10,2026-09-29T03:33:27.556000+00:00,2026-09-29T03:33:27.685000+00:00,Unattributed active time,0.1289989235100636,gap assigned to next activity,Activity classified by event type and edit destination; original commands omitted.,
Frontend,01a0eb41-cd97-7683-aedc-ae4ea7179274,2026-09-29T03:42:33.381000+00:00,2026-09-29T03:42:37.826000+00:00,Analysis,4.444932797442391,gap assigned to next activity,Activity classified by event type and edit destination; original commands omitted.,rs_023e11e599d1bcb7016abb33adcfc087d2b0656640a4e43133
Frontend,01a0eb41-cd97-7683-aedc-ae4ea7179274,2026-09-29T03:42:37.826000+00:00,2026-09-29T03:42:42.269000+00:00,Analysis,4.442932972606032,event,Activity classified by event type and edit destination; original commands omitted.,rs_023e11e599d1bcb7016abb33adcfc087d2b0656640a4e43133
Frontend,01a0eb41-cd97-7683-aedc-ae4ea7179274,2026-09-29T03:42:42.269000+00:00,2026-09-29T03:42:42.277000+00:00,Communication and follow-up,0.007999776175390577,gap assigned to next activity,Activity classified by event type and edit destination; original commands omitted.,msg_023e11e599d1bcb7016abb33b243e087d286e5909775e12178
Frontend,01a0eb41-cd97-7683-aedc-ae4ea7179274,2026-09-29T03:42:42.277000+00:00,2026-09-29T03:42:43.233000+00:00,Communication and follow-up,0.9559856505380356,event,Activity classified by event type and edit destination; original commands omitted.,msg_023e11e599d1bcb7016abb33b243e087d286e5909775e12178
Frontend,01a0eb41-cd97-7683-aedc-ae4ea7179274,2026-09-29T03:42:43.233000+00:00,2026-09-29T03:42:43.613000+00:00,Analysis,0.3799941366306146,gap assigned to next activity,Activity classified by event type and edit destination; original commands omitted.,exec-8a71b39f-17ef-4693-9f0e-f446dfdd539c
Frontend,01a0eb41-cd97-7683-aedc-ae4ea7179274,2026-09-29T03:42:43.613000+00:00,2026-09-29T03:42:43.889000+00:00,Analysis,0.27599585427564655,event,Activity classified by event type and edit destination; original commands omitted.,exec-8a71b39f-17ef-4693-9f0e-f446dfdd539c
Frontend,01a0eb41-cd97-7683-aedc-ae4ea7179274,2026-09-29T03:42:43.889000+00:00,2026-09-29T03:42:49.098000+00:00,Analysis,5.208921435621272,gap assigned to next activity,Activity classified by event type and edit destination; original commands omitted.,rs_023e11e599d1bcb7016abb33b9170487d2a0e10679d7825f87
Frontend,01a0eb41-cd97-7683-aedc-ae4ea7179274,2026-09-29T03:42:49.098000+00:00,2026-09-29T03:42:55.293000+00:00,Analysis,6.194906366024511,event,Activity classified by event type and edit destination; original commands omitted.,rs_023e11e599d1bcb7016abb33b9170487d2a0e10679d7825f87
Frontend,01a0eb41-cd97-7683-aedc-ae4ea7179274,2026-09-29T03:42:55.293000+00:00,2026-09-29T03:43:08.336000+00:00,Implementation,13.042802985700744,gap assigned to next activity,Activity classified by event type and edit destination; original commands omitted.,exec-789e08ba-9a6a-4258-9027-4a1df53d20b9
Frontend,01a0eb41-cd97-7683-aedc-ae4ea7179274,2026-09-29T03:43:08.336000+00:00,2026-09-29T03:43:11.961000+00:00,Implementation,3.62494524920582,event,Activity classified by event type and edit destination; original commands omitted.,exec-789e08ba-9a6a-4258-9027-4a1df53d20b9
Frontend,01a0eb41-cd97-7683-aedc-ae4ea7179274,2026-09-29T03:43:11.961000+00:00,2026-09-29T03:43:28.395000+00:00,Communication and follow-up,16.433751801589164,gap assigned to next activity,Activity classified by event type and edit destination; original commands omitted.,call_3geqj4RJxjaSW6jC18nTPmUP
Frontend,01a0eb41-cd97-7683-aedc-ae4ea7179274,2026-09-29T03:43:28.395000+00:00,2026-09-29T03:43:30.760000+00:00,Communication and follow-up,2.3649642893632925,gap assigned to next activity,Activity classified by event type and edit destination; original commands omitted.,msg_023e11e599d1bcb7016abb33e2c07c87d2a9eace7ac62fa942
Frontend,01a0eb41-cd97-7683-aedc-ae4ea7179274,2026-09-29T03:43:30.760000+00:00,2026-09-29T03:43:39.497000+00:00,Communication and follow-up,8.736868027814356,event,Activity classified by event type and edit destination; original commands omitted.,msg_023e11e599d1bcb7016abb33e2c07c87d2a9eace7ac62fa942
Frontend,01a0eb41-cd97-7683-aedc-ae4ea7179274,2026-09-29T03:43:39.497000+00:00,2026-09-29T03:43:39.594000+00:00,Unattributed active time,0.09699865701273487,gap assigned to next activity,Activity classified by event type and edit destination; original commands omitted.,
Frontend,01a0eb45-9585-7022-b456-e5b8185e643f,2026-09-29T03:46:41.169000+00:00,2026-09-29T03:46:49.104000+00:00,Analysis,7.935179371580564,gap assigned to next activity,Activity classified by event type and edit destination; original commands omitted.,rs_023e11e599d1bcb7016abb34a9187887d29a8fb234908ad664
Frontend,01a0eb45-9585-7022-b456-e5b8185e643f,2026-09-29T03:46:49.104000+00:00,2026-09-29T03:46:50.448000+00:00,Analysis,1.3440302132498396,event,Activity classified by event type and edit destination; original commands omitted.,rs_023e11e599d1bcb7016abb34a9187887d29a8fb234908ad664
Frontend,01a0eb45-9585-7022-b456-e5b8185e643f,2026-09-29T03:46:50.448000+00:00,2026-09-29T03:46:50.454000+00:00,Communication and follow-up,0.006000177456287344,gap assigned to next activity,Activity classified by event type and edit destination; original commands omitted.,msg_023e11e599d1bcb7016abb34aa711487d2953fbb7938a11939
Frontend,01a0eb45-9585-7022-b456-e5b8185e643f,2026-09-29T03:46:50.454000+00:00,2026-09-29T03:46:52.254000+00:00,Communication and follow-up,1.8000406004161569,event,Activity classified by event type and edit destination; original commands omitted.,msg_023e11e599d1bcb7016abb34aa711487d2953fbb7938a11939
Frontend,01a0eb45-9585-7022-b456-e5b8185e643f,2026-09-29T03:46:52.254000+00:00,2026-09-29T03:47:04.305000+00:00,Analysis,12.051272257294142,gap assigned to next activity,Activity classified by event type and edit destination; original commands omitted.,exec-12d50813-d542-4d6f-a9f9-88452f3ae46c
Frontend,01a0eb45-9585-7022-b456-e5b8185e643f,2026-09-29T03:47:04.305000+00:00,2026-09-29T03:47:04.546000+00:00,Analysis,0.24100537938514532,event,Activity classified by event type and edit destination; original commands omitted.,exec-12d50813-d542-4d6f-a9f9-88452f3ae46c
Frontend,01a0eb45-9585-7022-b456-e5b8185e643f,2026-09-29T03:47:04.546000+00:00,2026-09-29T03:47:12.403000+00:00,Communication and follow-up,7.857177541496755,gap assigned to next activity,Activity classified by event type and edit destination; original commands omitted.,call_q6RMw6UOziszjgQk1CPLBPlG
Frontend,01a0eb45-9585-7022-b456-e5b8185e643f,2026-09-29T03:47:12.403000+00:00,2026-09-29T03:47:26.858000+00:00,Analysis,14.455326350537236,gap assigned to next activity,Activity classified by event type and edit destination; original commands omitted.,exec-9b4d546d-26b1-4d81-9b27-b36d9114a77f
Frontend,01a0eb45-9585-7022-b456-e5b8185e643f,2026-09-29T03:47:26.858000+00:00,2026-09-29T03:47:27.135000+00:00,Analysis,0.2770062056989062,event,Activity classified by event type and edit destination; original commands omitted.,exec-9b4d546d-26b1-4d81-9b27-b36d9114a77f
Frontend,01a0eb45-9585-7022-b456-e5b8185e643f,2026-09-29T03:47:27.135000+00:00,2026-09-29T03:47:32.621000+00:00,Analysis,5.486123947415318,gap assigned to next activity,Activity classified by event type and edit destination; original commands omitted.,rs_023e11e599d1bcb7016abb34d49a8487d2870e53af78554545
Frontend,01a0eb45-9585-7022-b456-e5b8185e643f,2026-09-29T03:47:32.621000+00:00,2026-09-29T03:47:37.479000+00:00,Analysis,4.858109744763233,event,Activity classified by event type and edit destination; original commands omitted.,rs_023e11e599d1bcb7016abb34d49a8487d2870e53af78554545
Frontend,01a0eb45-9585-7022-b456-e5b8185e643f,2026-09-29T03:47:37.479000+00:00,2026-09-29T03:47:39.063000+00:00,Analysis,1.5840356425335913,gap assigned to next activity,Activity classified by event type and edit destination; original commands omitted.,exec-f68202d2-f51c-4f83-954a-160adbf1548d
Frontend,01a0eb45-9585-7022-b456-e5b8185e643f,2026-09-29T03:47:39.063000+00:00,2026-09-29T03:47:39.343000+00:00,Analysis,0.28000629442704994,event,Activity classified by event type and edit destination; original commands omitted.,exec-f68202d2-f51c-4f83-954a-160adbf1548d
Frontend,01a0eb45-9585-7022-b456-e5b8185e643f,2026-09-29T03:47:39.343000+00:00,2026-09-29T03:47:43.812000+00:00,Analysis,4.469101021293507,gap assigned to next activity,Activity classified by event type and edit destination; original commands omitted.,rs_023e11e599d1bcb7016abb34dfcccc87d2892a43a4151908c6
Frontend,01a0eb45-9585-7022-b456-e5b8185e643f,2026-09-29T03:47:43.812000+00:00,2026-09-29T03:47:49.124000+00:00,Analysis,5.3121199933028,event,Activity classified by event type and edit destination; original commands omitted.,rs_023e11e599d1bcb7016abb34dfcccc87d2892a43a4151908c6
Frontend,01a0eb45-9585-7022-b456-e5b8185e643f,2026-09-29T03:47:49.124000+00:00,2026-09-29T03:47:52.272000+00:00,Analysis,3.1480710909194967,gap assigned to next activity,Activity classified by event type and edit destination; original commands omitted.,rs_023e11e599d1bcb7016abb34e83e2487d29ac94f3fcdbf7eee
Frontend,01a0eb45-9585-7022-b456-e5b8185e643f,2026-09-29T03:47:52.272000+00:00,2026-09-29T03:47:53.746000+00:00,Analysis,1.4740332633895217,event,Activity classified by event type and edit destination; original commands omitted.,rs_023e11e599d1bcb7016abb34e83e2487d29ac94f3fcdbf7eee
Frontend,01a0eb45-9585-7022-b456-e5b8185e643f,2026-09-29T03:47:53.746000+00:00,2026-09-29T03:47:54.889000+00:00,Analysis,1.1430256990079923,gap assigned to next activity,Activity classified by event type and edit destination; original commands omitted.,exec-ef44ea50-021e-400d-9264-719271055bff
Frontend,01a0eb45-9585-7022-b456-e5b8185e643f,2026-09-29T03:47:54.889000+00:00,2026-09-29T03:47:55.192000+00:00,Analysis,0.3030068157268426,event,Activity classified by event type and edit destination; original commands omitted.,exec-ef44ea50-021e-400d-9264-719271055bff
Frontend,01a0eb45-9585-7022-b456-e5b8185e643f,2026-09-29T03:47:55.192000+00:00,2026-09-29T03:47:56.800000+00:00,Analysis,1.6080363523587407,gap assigned to next activity,Activity classified by event type and edit destination; original commands omitted.,rs_023e11e599d1bcb7016abb34ecc91087d2b448ecca4bc920a1
Frontend,01a0eb45-9585-7022-b456-e5b8185e643f,2026-09-29T03:47:56.800000+00:00,2026-09-29T03:48:13.057000+00:00,Analysis,16.257367089580143,event,Activity classified by event type and edit destination; original commands omitted.,rs_023e11e599d1bcb7016abb34ecc91087d2b448ecca4bc920a1
Frontend,01a0eb45-9585-7022-b456-e5b8185e643f,2026-09-29T03:48:13.057000+00:00,2026-09-29T03:49:19.843000+00:00,Testing and verification,66.78750819339064,gap assigned to next activity,Activity classified by event type and edit destination; original commands omitted.,exec-7d1c3c09-2db2-40e1-94be-3e6be7fcbe9d
Frontend,01a0eb45-9585-7022-b456-e5b8185e643f,2026-09-29T03:49:19.843000+00:00,2026-09-29T03:49:20.330000+00:00,Testing and verification,0.48701098612518445,event,Activity classified by event type and edit destination; original commands omitted.,exec-7d1c3c09-2db2-40e1-94be-3e6be7fcbe9d
Frontend,01a0eb45-9585-7022-b456-e5b8185e643f,2026-09-29T03:49:20.330000+00:00,2026-09-29T03:49:26.854000+00:00,Analysis,6.524147494634134,gap assigned to next activity,Activity classified by event type and edit destination; original commands omitted.,rs_023e11e599d1bcb7016abb3546d5e087d29e63725fe0ac26a2
Frontend,01a0eb45-9585-7022-b456-e5b8185e643f,2026-09-29T03:49:26.854000+00:00,2026-09-29T03:49:40.945000+00:00,Analysis,14.09131804857009,event,Activity classified by event type and edit destination; original commands omitted.,rs_023e11e599d1bcb7016abb3546d5e087d29e63725fe0ac26a2
Frontend,01a0eb45-9585-7022-b456-e5b8185e643f,2026-09-29T03:49:40.945000+00:00,2026-09-29T03:50:47.970000+00:00,Testing and verification,67.026513672573,gap assigned to next activity,Activity classified by event type and edit destination; original commands omitted.,exec-c5e302da-5b92-48a3-8f1f-a73eb750195f
Frontend,01a0eb45-9585-7022-b456-e5b8185e643f,2026-09-29T03:50:47.970000+00:00,2026-09-29T03:50:48.195000+00:00,Testing and verification,0.22500498564303345,event,Activity classified by event type and edit destination; original commands omitted.,exec-c5e302da-5b92-48a3-8f1f-a73eb750195f
Frontend,01a0eb45-9585-7022-b456-e5b8185e643f,2026-09-29T03:50:48.195000+00:00,2026-09-29T03:50:53.905000+00:00,Analysis,5.710128982956958,gap assigned to next activity,Activity classified by event type and edit destination; original commands omitted.,rs_023e11e599d1bcb7016abb359de19c87d293444e93d2258bbd
Frontend,01a0eb45-9585-7022-b456-e5b8185e643f,2026-09-29T03:50:53.905000+00:00,2026-09-29T03:51:08.871000+00:00,Analysis,14.96633804648757,event,Activity classified by event type and edit destination; original commands omitted.,rs_023e11e599d1bcb7016abb359de19c87d293444e93d2258bbd
Frontend,01a0eb45-9585-7022-b456-e5b8185e643f,2026-09-29T03:51:08.871000+00:00,2026-09-29T03:51:08.875000+00:00,Communication and follow-up,0.004000038829537184,gap assigned to next activity,Activity classified by event type and edit destination; original commands omitted.,msg_023e11e599d1bcb7016abb35acdb1087d2b8774331fc342d96
Frontend,01a0eb45-9585-7022-b456-e5b8185e643f,2026-09-29T03:51:08.875000+00:00,2026-09-29T03:51:10.653000+00:00,Communication and follow-up,1.7780402676417209,event,Activity classified by event type and edit destination; original commands omitted.,msg_023e11e599d1bcb7016abb35acdb1087d2b8774331fc342d96
Frontend,01a0eb45-9585-7022-b456-e5b8185e643f,2026-09-29T03:51:10.653000+00:00,2026-09-29T03:51:53.494000+00:00,Testing and verification,42.84196728907137,gap assigned to next activity,Activity classified by event type and edit destination; original commands omitted.,exec-1cf98317-f323-4331-8153-2132719fae52
Frontend,01a0eb45-9585-7022-b456-e5b8185e643f,2026-09-29T03:51:53.494000+00:00,2026-09-29T03:51:55.269000+00:00,Testing and verification,1.7750401789135772,event,Activity classified by event type and edit destination; original commands omitted.,exec-1cf98317-f323-4331-8153-2132719fae52
Frontend,01a0eb45-9585-7022-b456-e5b8185e643f,2026-09-29T03:51:55.269000+00:00,2026-09-29T03:51:57.052000+00:00,Analysis,1.7830402565726515,gap assigned to next activity,Activity classified by event type and edit destination; original commands omitted.,rs_023e11e599d1bcb7016abb35dd094087d2a92a7380681904f7
Frontend,01a0eb45-9585-7022-b456-e5b8185e643f,2026-09-29T03:51:57.052000+00:00,2026-09-29T03:51:57.731000+00:00,Analysis,0.6790152341826007,event,Activity classified by event type and edit destination; original commands omitted.,rs_023e11e599d1bcb7016abb35dd094087d2a92a7380681904f7
Frontend,01a0eb45-9585-7022-b456-e5b8185e643f,2026-09-29T03:51:57.731000+00:00,2026-09-29T03:52:01.786000+00:00,Testing and verification,4.055091637897238,gap assigned to next activity,Activity classified by event type and edit destination; original commands omitted.,exec-fdbfa365-e18e-45a5-ba16-b8da7e681ebf
Frontend,01a0eb45-9585-7022-b456-e5b8185e643f,2026-09-29T03:52:01.786000+00:00,2026-09-29T03:52:03.321000+00:00,Testing and verification,1.5350347496298253,event,Activity classified by event type and edit destination; original commands omitted.,exec-fdbfa365-e18e-45a5-ba16-b8da7e681ebf
Frontend,01a0eb45-9585-7022-b456-e5b8185e643f,2026-09-29T03:52:03.321000+00:00,2026-09-29T03:52:05.840000+00:00,Analysis,2.519056699742056,gap assigned to next activity,Activity classified by event type and edit destination; original commands omitted.,rs_023e11e599d1bcb7016abb35e5d32087d289343aa35aeb042f
Frontend,01a0eb45-9585-7022-b456-e5b8185e643f,2026-09-29T03:52:05.840000+00:00,2026-09-29T03:52:07.056000+00:00,Analysis,1.216027540160871,event,Activity classified by event type and edit destination; original commands omitted.,rs_023e11e599d1bcb7016abb35e5d32087d289343aa35aeb042f
Frontend,01a0eb45-9585-7022-b456-e5b8185e643f,2026-09-29T03:52:07.056000+00:00,2026-09-29T03:52:19.230000+00:00,Implementation,12.17427494145218,gap assigned to next activity,Activity classified by event type and edit destination; original commands omitted.,exec-3eefdeb0-9443-4bda-b9b3-f3c08521f121
Frontend,01a0eb45-9585-7022-b456-e5b8185e643f,2026-09-29T03:52:19.230000+00:00,2026-09-29T03:52:20.803000+00:00,Implementation,1.5730354761463734,event,Activity classified by event type and edit destination; original commands omitted.,exec-3eefdeb0-9443-4bda-b9b3-f3c08521f121
Frontend,01a0eb45-9585-7022-b456-e5b8185e643f,2026-09-29T03:52:20.803000+00:00,2026-09-29T03:52:26.485000+00:00,Analysis,5.6821282343022705,gap assigned to next activity,Activity classified by event type and edit destination; original commands omitted.,rs_023e11e599d1bcb7016abb35fa788887d2a70dd0e8a09fb9f0
Frontend,01a0eb45-9585-7022-b456-e5b8185e643f,2026-09-29T03:52:26.485000+00:00,2026-09-29T03:52:39.114000+00:00,Analysis,12.629285378517105,event,Activity classified by event type and edit destination; original commands omitted.,rs_023e11e599d1bcb7016abb35fa788887d2a70dd0e8a09fb9f0
Frontend,01a0eb45-9585-7022-b456-e5b8185e643f,2026-09-29T03:52:39.114000+00:00,2026-09-29T03:52:45.580000+00:00,Implementation,6.4661458586980105,gap assigned to next activity,Activity classified by event type and edit destination; original commands omitted.,exec-a6d92bbc-ad4c-4e85-8d32-4d7320f7de89
Frontend,01a0eb45-9585-7022-b456-e5b8185e643f,2026-09-29T03:52:45.580000+00:00,2026-09-29T03:52:48.008000+00:00,Implementation,2.4280548030682416,event,Activity classified by event type and edit destination; original commands omitted.,exec-a6d92bbc-ad4c-4e85-8d32-4d7320f7de89
Frontend,01a0eb45-9585-7022-b456-e5b8185e643f,2026-09-29T03:52:48.008000+00:00,2026-09-29T03:52:49.601000+00:00,Analysis,1.5930361471419856,gap assigned to next activity,Activity classified by event type and edit destination; original commands omitted.,rs_023e11e599d1bcb7016abb361194d887d2872c03623b960571
Frontend,01a0eb45-9585-7022-b456-e5b8185e643f,2026-09-29T03:52:49.601000+00:00,2026-09-29T03:52:51.210000+00:00,Analysis,1.6090363024601342,event,Activity classified by event type and edit destination; original commands omitted.,rs_023e11e599d1bcb7016abb361194d887d2872c03623b960571
Frontend,01a0eb45-9585-7022-b456-e5b8185e643f,2026-09-29T03:52:51.210000+00:00,2026-09-29T03:52:55.119000+00:00,Analysis,3.909088194015444,gap assigned to next activity,Activity classified by event type and edit destination; original commands omitted.,exec-1bd1e826-969d-443d-999e-4a5dee5c294e
Frontend,01a0eb45-9585-7022-b456-e5b8185e643f,2026-09-29T03:52:55.119000+00:00,2026-09-29T03:53:01.153000+00:00,Analysis,6.034136419780806,event,Activity classified by event type and edit destination; original commands omitted.,exec-1bd1e826-969d-443d-999e-4a5dee5c294e
Frontend,01a0eb45-9585-7022-b456-e5b8185e643f,2026-09-29T03:53:01.153000+00:00,2026-09-29T03:53:02.609000+00:00,Analysis,1.4560327310206596,gap assigned to next activity,Activity classified by event type and edit destination; original commands omitted.,rs_023e11e599d1bcb7016abb361e983c87d28d25500bce85416b
Frontend,01a0eb45-9585-7022-b456-e5b8185e643f,2026-09-29T03:53:02.609000+00:00,2026-09-29T03:53:12.591000+00:00,Analysis,9.982225528838153,event,Activity classified by event type and edit destination; original commands omitted.,rs_023e11e599d1bcb7016abb361e983c87d28d25500bce85416b
Frontend,01a0eb45-9585-7022-b456-e5b8185e643f,2026-09-29T03:53:12.591000+00:00,2026-09-29T03:53:16.691000+00:00,Analysis,4.100092491971466,gap assigned to next activity,Activity classified by event type and edit destination; original commands omitted.,rs_023e11e599d1bcb7016abb362cad3487d2a842514d5c22405d
Frontend,01a0eb45-9585-7022-b456-e5b8185e643f,2026-09-29T03:53:16.691000+00:00,2026-09-29T03:53:22.049000+00:00,Analysis,5.358121035902386,event,Activity classified by event type and edit destination; original commands omitted.,rs_023e11e599d1bcb7016abb362cad3487d2a842514d5c22405d
Frontend,01a0eb45-9585-7022-b456-e5b8185e643f,2026-09-29T03:53:22.049000+00:00,2026-09-29T03:53:22.054000+00:00,Communication and follow-up,0.004999988930930696,gap assigned to next activity,Activity classified by event type and edit destination; original commands omitted.,msg_023e11e599d1bcb7016abb363209d887d2b973203ecac5711f
Frontend,01a0eb45-9585-7022-b456-e5b8185e643f,2026-09-29T03:53:22.054000+00:00,2026-09-29T03:53:24.528000+00:00,Communication and follow-up,2.47405608409179,event,Activity classified by event type and edit destination; original commands omitted.,msg_023e11e599d1bcb7016abb363209d887d2b973203ecac5711f
Frontend,01a0eb45-9585-7022-b456-e5b8185e643f,2026-09-29T03:53:24.528000+00:00,2026-09-29T03:53:47.355000+00:00,Testing and verification,22.827515388389898,gap assigned to next activity,Activity classified by event type and edit destination; original commands omitted.,exec-cf503287-4307-4010-bed5-f8d4117ef1ec
Frontend,01a0eb45-9585-7022-b456-e5b8185e643f,2026-09-29T03:53:47.355000+00:00,2026-09-29T03:53:52.131000+00:00,Testing and verification,4.7761078758498865,event,Activity classified by event type and edit destination; original commands omitted.,exec-cf503287-4307-4010-bed5-f8d4117ef1ec
Frontend,01a0eb45-9585-7022-b456-e5b8185e643f,2026-09-29T03:53:52.131000+00:00,2026-09-29T03:54:04.488000+00:00,Testing and verification,12.357278923325167,gap assigned to next activity,Activity classified by event type and edit destination; original commands omitted.,exec-7660fa13-1e18-4a2e-bae7-8f4893f36a99
Frontend,01a0eb45-9585-7022-b456-e5b8185e643f,2026-09-29T03:54:04.488000+00:00,2026-09-29T03:54:07.378000+00:00,Testing and verification,2.890065367690846,event,Activity classified by event type and edit destination; original commands omitted.,exec-7660fa13-1e18-4a2e-bae7-8f4893f36a99
Frontend,01a0eb45-9585-7022-b456-e5b8185e643f,2026-09-29T03:54:07.378000+00:00,2026-09-29T03:54:08.702000+00:00,Analysis,1.3240297806781904,gap assigned to next activity,Activity classified by event type and edit destination; original commands omitted.,rs_023e11e599d1bcb7016abb3660b00487d2b5b84ab597136061
Frontend,01a0eb45-9585-7022-b456-e5b8185e643f,2026-09-29T03:54:08.702000+00:00,2026-09-29T03:54:09.539000+00:00,Analysis,0.8370190329769692,event,Activity classified by event type and edit destination; original commands omitted.,rs_023e11e599d1bcb7016abb3660b00487d2b5b84ab597136061
Frontend,01a0eb45-9585-7022-b456-e5b8185e643f,2026-09-29T03:54:09.539000+00:00,2026-09-29T03:54:13.806000+00:00,Communication and follow-up,4.267096318526303,gap assigned to next activity,Activity classified by event type and edit destination; original commands omitted.,call_tb9ge6tWvYIeQ3CbHwuK7brB
Frontend,01a0eb45-9585-7022-b456-e5b8185e643f,2026-09-29T03:54:13.806000+00:00,2026-09-29T03:54:17.208000+00:00,Analysis,3.4020767753186103,gap assigned to next activity,Activity classified by event type and edit destination; original commands omitted.,rs_023e11e599d1bcb7016abb366930ec87d281e50bddb7280aa3
Frontend,01a0eb45-9585-7022-b456-e5b8185e643f,2026-09-29T03:54:17.208000+00:00,2026-09-29T03:54:22.281000+00:00,Analysis,5.073114514120442,event,Activity classified by event type and edit destination; original commands omitted.,rs_023e11e599d1bcb7016abb366930ec87d281e50bddb7280aa3
Frontend,01a0eb45-9585-7022-b456-e5b8185e643f,2026-09-29T03:54:22.281000+00:00,2026-09-29T03:54:26.258000+00:00,Testing and verification,3.9770898078134285,gap assigned to next activity,Activity classified by event type and edit destination; original commands omitted.,exec-0bf501fa-0515-46d9-8f5c-cb0833f883d7
Frontend,01a0eb45-9585-7022-b456-e5b8185e643f,2026-09-29T03:54:26.258000+00:00,2026-09-29T03:54:26.539000+00:00,Testing and verification,0.28100648295240654,event,Activity classified by event type and edit destination; original commands omitted.,exec-0bf501fa-0515-46d9-8f5c-cb0833f883d7
Frontend,01a0eb45-9585-7022-b456-e5b8185e643f,2026-09-29T03:54:26.539000+00:00,2026-09-29T03:54:28.255000+00:00,Technical diagnosis,1.7160388313000234,gap assigned to next activity,Activity classified by event type and edit destination; original commands omitted.,rs_023e11e599d1bcb7016abb36743d1087d286354855ca94c285
Frontend,01a0eb45-9585-7022-b456-e5b8185e643f,2026-09-29T03:54:28.255000+00:00,2026-09-29T03:54:29.760000+00:00,Technical diagnosis,1.5050338623483888,event,Activity classified by event type and edit destination; original commands omitted.,rs_023e11e599d1bcb7016abb36743d1087d286354855ca94c285
Frontend,01a0eb45-9585-7022-b456-e5b8185e643f,2026-09-29T03:54:29.760000+00:00,2026-09-29T03:54:33.354000+00:00,Technical diagnosis,3.5940812617999898,gap assigned to next activity,Activity classified by event type and edit destination; original commands omitted.,exec-c6d1cb25-9944-45ea-8ec9-8ec804cb29f1
Frontend,01a0eb45-9585-7022-b456-e5b8185e643f,2026-09-29T03:54:33.354000+00:00,2026-09-29T03:54:33.607000+00:00,Technical diagnosis,0.25300573429772,event,Activity classified by event type and edit destination; original commands omitted.,exec-c6d1cb25-9944-45ea-8ec9-8ec804cb29f1
Frontend,01a0eb45-9585-7022-b456-e5b8185e643f,2026-09-29T03:54:33.607000+00:00,2026-09-29T03:54:40.291000+00:00,Analysis,6.684150716783363,gap assigned to next activity,Activity classified by event type and edit destination; original commands omitted.,exec-4f001d0a-860f-4ecc-b6a2-1b712ca7b1e9
Frontend,01a0eb45-9585-7022-b456-e5b8185e643f,2026-09-29T03:54:40.291000+00:00,2026-09-29T03:54:40.551000+00:00,Analysis,0.260006100279364,event,Activity classified by event type and edit destination; original commands omitted.,exec-4f001d0a-860f-4ecc-b6a2-1b712ca7b1e9
Frontend,01a0eb45-9585-7022-b456-e5b8185e643f,2026-09-29T03:54:40.551000+00:00,2026-09-29T03:54:42.379000+00:00,Analysis,1.8280411106468804,gap assigned to next activity,Activity classified by event type and edit destination; original commands omitted.,rs_023e11e599d1bcb7016abb36824a7c87d28d39540a639f875f
Frontend,01a0eb45-9585-7022-b456-e5b8185e643f,2026-09-29T03:54:42.379000+00:00,2026-09-29T03:54:43.221000+00:00,Analysis,0.8420190219078999,event,Activity classified by event type and edit destination; original commands omitted.,rs_023e11e599d1bcb7016abb36824a7c87d28d39540a639f875f
Frontend,01a0eb45-9585-7022-b456-e5b8185e643f,2026-09-29T03:54:43.221000+00:00,2026-09-29T03:54:51.576000+00:00,Testing and verification,8.355188694009158,gap assigned to next activity,Activity classified by event type and edit destination; original commands omitted.,exec-f6316cee-1e80-4e16-8a2f-5933129585ea
Frontend,01a0eb45-9585-7022-b456-e5b8185e643f,2026-09-29T03:54:51.576000+00:00,2026-09-29T03:54:54.472000+00:00,Testing and verification,2.8960653067231705,event,Activity classified by event type and edit destination; original commands omitted.,exec-f6316cee-1e80-4e16-8a2f-5933129585ea
Frontend,01a0eb45-9585-7022-b456-e5b8185e643f,2026-09-29T03:54:54.472000+00:00,2026-09-29T03:55:04.690000+00:00,Technical diagnosis,10.218230919292369,event,Activity classified by event type and edit destination; original commands omitted.,rs_023e11e599d1bcb7016abb368e751487d2a7ae98cf1292ed96
Frontend,01a0eb45-9585-7022-b456-e5b8185e643f,2026-09-29T03:55:04.690000+00:00,2026-09-29T03:55:06.464000+00:00,Testing and verification,1.7740399903882205,event,Activity classified by event type and edit destination; original commands omitted.,exec-f6316cee-1e80-4e16-8a2f-5933129585ea
Frontend,01a0eb45-9585-7022-b456-e5b8185e643f,2026-09-29T03:55:06.464000+00:00,2026-09-29T03:55:06.703000+00:00,Technical diagnosis,0.2390054791823583,event,Activity classified by event type and edit destination; original commands omitted.,exec-1e96e735-173a-461b-955b-520c0b54bb41
Frontend,01a0eb45-9585-7022-b456-e5b8185e643f,2026-09-29T03:55:06.703000+00:00,2026-09-29T03:55:11.571000+00:00,Testing and verification,4.868109961049058,event,Activity classified by event type and edit destination; original commands omitted.,exec-f6316cee-1e80-4e16-8a2f-5933129585ea
Frontend,01a0eb45-9585-7022-b456-e5b8185e643f,2026-09-29T03:55:11.571000+00:00,2026-09-29T03:55:15.036000+00:00,Technical diagnosis,3.465078161761701,event,Activity classified by event type and edit destination; original commands omitted.,rs_023e11e599d1bcb7016abb369f8e9c87d2a5074f6c3a41531b
Frontend,01a0eb45-9585-7022-b456-e5b8185e643f,2026-09-29T03:55:15.036000+00:00,2026-09-29T03:55:17.512000+00:00,Testing and verification,2.476055984294577,event,Activity classified by event type and edit destination; original commands omitted.,exec-f6316cee-1e80-4e16-8a2f-5933129585ea
Frontend,01a0eb45-9585-7022-b456-e5b8185e643f,2026-09-29T03:55:17.512000+00:00,2026-09-29T03:55:17.811000+00:00,Technical diagnosis,0.2990067768973055,event,Activity classified by event type and edit destination; original commands omitted.,exec-6b2ea643-89f3-48df-8132-929e98c1dbf4
Frontend,01a0eb45-9585-7022-b456-e5b8185e643f,2026-09-29T03:55:17.811000+00:00,2026-09-29T03:55:19.408000+00:00,Testing and verification,1.5970359475475595,event,Activity classified by event type and edit destination; original commands omitted.,exec-f6316cee-1e80-4e16-8a2f-5933129585ea
Frontend,01a0eb45-9585-7022-b456-e5b8185e643f,2026-09-29T03:55:19.408000+00:00,2026-09-29T03:55:22.850000+00:00,Technical diagnosis,3.4420776404619087,event,Activity classified by event type and edit destination; original commands omitted.,rs_023e11e599d1bcb7016abb36a7641c87d29e5aedbca55b32fa
Frontend,01a0eb45-9585-7022-b456-e5b8185e643f,2026-09-29T03:55:22.850000+00:00,2026-09-29T03:55:32.517000+00:00,Technical diagnosis,9.667218358198737,event,Activity classified by event type and edit destination; original commands omitted.,rs_023e11e599d1bcb7016abb36a7641c87d29e5aedbca55b32fa
Frontend,01a0eb45-9585-7022-b456-e5b8185e643f,2026-09-29T03:55:32.517000+00:00,2026-09-29T03:55:33.915000+00:00,Technical diagnosis,1.3980315719324625,gap assigned to next activity,Activity classified by event type and edit destination; original commands omitted.,exec-28ccec8f-fbab-4f5b-bd8d-ca30753de991
Frontend,01a0eb45-9585-7022-b456-e5b8185e643f,2026-09-29T03:55:33.915000+00:00,2026-09-29T03:55:34.171000+00:00,Technical diagnosis,0.25600582302586367,event,Activity classified by event type and edit destination; original commands omitted.,exec-28ccec8f-fbab-4f5b-bd8d-ca30753de991
Frontend,01a0eb45-9585-7022-b456-e5b8185e643f,2026-09-29T03:55:34.171000+00:00,2026-09-29T03:55:36.120000+00:00,Analysis,1.9490438946021313,gap assigned to next activity,Activity classified by event type and edit destination; original commands omitted.,rs_023e11e599d1bcb7016abb36b81ac887d28ab7e4d5f2359253
Frontend,01a0eb45-9585-7022-b456-e5b8185e643f,2026-09-29T03:55:36.120000+00:00,2026-09-29T03:55:53.702000+00:00,Analysis,17.58239705878369,event,Activity classified by event type and edit destination; original commands omitted.,rs_023e11e599d1bcb7016abb36b81ac887d28ab7e4d5f2359253
Frontend,01a0eb45-9585-7022-b456-e5b8185e643f,2026-09-29T03:55:53.702000+00:00,2026-09-29T03:56:10.362000+00:00,Implementation,16.660376306589193,gap assigned to next activity,Activity classified by event type and edit destination; original commands omitted.,exec-83e8498d-dadb-45cd-ab8a-09caa5ebf1ff
Frontend,01a0eb45-9585-7022-b456-e5b8185e643f,2026-09-29T03:56:10.362000+00:00,2026-09-29T03:56:12.246000+00:00,Implementation,1.8840426079562536,event,Activity classified by event type and edit destination; original commands omitted.,exec-83e8498d-dadb-45cd-ab8a-09caa5ebf1ff
Frontend,01a0eb45-9585-7022-b456-e5b8185e643f,2026-09-29T03:56:12.246000+00:00,2026-09-29T03:56:14.405000+00:00,Analysis,2.1590486750284095,gap assigned to next activity,Activity classified by event type and edit destination; original commands omitted.,rs_023e11e599d1bcb7016abb36de638c87d2be2908a9607c6375
Frontend,01a0eb45-9585-7022-b456-e5b8185e643f,2026-09-29T03:56:14.405000+00:00,2026-09-29T03:56:26.208000+00:00,Analysis,11.803266511927355,event,Activity classified by event type and edit destination; original commands omitted.,rs_023e11e599d1bcb7016abb36de638c87d2be2908a9607c6375
Frontend,01a0eb45-9585-7022-b456-e5b8185e643f,2026-09-29T03:56:26.208000+00:00,2026-09-29T03:56:29.648000+00:00,Communication and follow-up,3.4400777402591216,gap assigned to next activity,Activity classified by event type and edit destination; original commands omitted.,call_LMKFLK9s55LCSo2Ykj0dEunO
Frontend,01a0eb45-9585-7022-b456-e5b8185e643f,2026-09-29T03:56:29.648000+00:00,2026-09-29T03:56:33.471000+00:00,Analysis,3.8230862862725603,gap assigned to next activity,Activity classified by event type and edit destination; original commands omitted.,rs_023e11e599d1bcb7016abb36f1749c87d2a23b5db7fa800e0b
Frontend,01a0eb45-9585-7022-b456-e5b8185e643f,2026-09-29T03:56:33.471000+00:00,2026-09-29T03:56:34.415000+00:00,Analysis,0.9440213233928954,event,Activity classified by event type and edit destination; original commands omitted.,rs_023e11e599d1bcb7016abb36f1749c87d2a23b5db7fa800e0b
Frontend,01a0eb45-9585-7022-b456-e5b8185e643f,2026-09-29T03:56:34.415000+00:00,2026-09-29T03:56:34.419000+00:00,Communication and follow-up,0.004000038829537184,gap assigned to next activity,Activity classified by event type and edit destination; original commands omitted.,msg_023e11e599d1bcb7016abb36f2672887d29e7cb3a6cfcac5df
Frontend,01a0eb45-9585-7022-b456-e5b8185e643f,2026-09-29T03:56:34.419000+00:00,2026-09-29T03:56:37.067000+00:00,Communication and follow-up,2.648059799780344,event,Activity classified by event type and edit destination; original commands omitted.,msg_023e11e599d1bcb7016abb36f2672887d29e7cb3a6cfcac5df
Frontend,01a0eb45-9585-7022-b456-e5b8185e643f,2026-09-29T03:56:37.067000+00:00,2026-09-29T03:57:02.616000+00:00,Implementation,25.549576979424515,gap assigned to next activity,Activity classified by event type and edit destination; original commands omitted.,exec-40de5b3e-4538-4372-b165-9eb4da24f3fe
Frontend,01a0eb45-9585-7022-b456-e5b8185e643f,2026-09-29T03:57:02.616000+00:00,2026-09-29T03:57:04.164000+00:00,Implementation,1.5480350546437935,event,Activity classified by event type and edit destination; original commands omitted.,exec-40de5b3e-4538-4372-b165-9eb4da24f3fe
Frontend,01a0eb45-9585-7022-b456-e5b8185e643f,2026-09-29T03:57:04.164000+00:00,2026-09-29T03:57:06.674000+00:00,Analysis,2.5100566719815878,gap assigned to next activity,Activity classified by event type and edit destination; original commands omitted.,rs_023e11e599d1bcb7016abb3712a84087d2a3c4c83a74a939b9
Frontend,01a0eb45-9585-7022-b456-e5b8185e643f,2026-09-29T03:57:06.674000+00:00,2026-09-29T03:57:08.894000+00:00,Analysis,2.2200501612687136,event,Activity classified by event type and edit destination; original commands omitted.,rs_023e11e599d1bcb7016abb3712a84087d2a3c4c83a74a939b9
Frontend,01a0eb45-9585-7022-b456-e5b8185e643f,2026-09-29T03:57:08.894000+00:00,2026-09-29T03:57:17.212000+00:00,Testing and verification,8.318187679170041,gap assigned to next activity,Activity classified by event type and edit destination; original commands omitted.,exec-a1dba05d-e90b-4ac6-9175-adcb07376373
Frontend,01a0eb45-9585-7022-b456-e5b8185e643f,2026-09-29T03:57:17.212000+00:00,2026-09-29T03:57:20.014000+00:00,Testing and verification,2.8020633213212123,event,Activity classified by event type and edit destination; original commands omitted.,exec-a1dba05d-e90b-4ac6-9175-adcb07376373
Frontend,01a0eb45-9585-7022-b456-e5b8185e643f,2026-09-29T03:57:20.014000+00:00,2026-09-29T03:57:25.573000+00:00,Analysis,5.559125550144233,event,Activity classified by event type and edit destination; original commands omitted.,rs_023e11e599d1bcb7016abb3720026887d2b7f9e6d383d26321
Frontend,01a0eb45-9585-7022-b456-e5b8185e643f,2026-09-29T03:57:25.573000+00:00,2026-09-29T03:57:38.360000+00:00,Analysis,12.787288700463547,event,Activity classified by event type and edit destination; original commands omitted.,rs_023e11e599d1bcb7016abb3720026887d2b7f9e6d383d26321
Frontend,01a0eb45-9585-7022-b456-e5b8185e643f,2026-09-29T03:57:38.360000+00:00,2026-09-29T03:58:07.092000+00:00,Testing and verification,28.732648946556377,gap assigned to next activity,Activity classified by event type and edit destination; original commands omitted.,exec-885ebce8-0170-4beb-aef1-12a38d3a3b64
Frontend,01a0eb45-9585-7022-b456-e5b8185e643f,2026-09-29T03:58:07.092000+00:00,2026-09-29T03:58:08.149000+00:00,Testing and verification,1.0570237912651088,event,Activity classified by event type and edit destination; original commands omitted.,exec-885ebce8-0170-4beb-aef1-12a38d3a3b64
Frontend,01a0eb45-9585-7022-b456-e5b8185e643f,2026-09-29T03:58:08.149000+00:00,2026-09-29T03:58:10.586000+00:00,Analysis,2.4370550692526725,gap assigned to next activity,Activity classified by event type and edit destination; original commands omitted.,rs_023e11e599d1bcb7016abb37529ab087d29d58eff77b2607f4
Frontend,01a0eb45-9585-7022-b456-e5b8185e643f,2026-09-29T03:58:10.586000+00:00,2026-09-29T03:58:28.654000+00:00,Analysis,18.06840809480748,event,Activity classified by event type and edit destination; original commands omitted.,rs_023e11e599d1bcb7016abb37529ab087d29d58eff77b2607f4
Frontend,01a0eb45-9585-7022-b456-e5b8185e643f,2026-09-29T03:58:28.654000+00:00,2026-09-29T03:58:33.014000+00:00,Analysis,4.360098353826867,gap assigned to next activity,Activity classified by event type and edit destination; original commands omitted.,rs_023e11e599d1bcb7016abb3769086087d2ab75d844b4cea918
Frontend,01a0eb45-9585-7022-b456-e5b8185e643f,2026-09-29T03:58:33.014000+00:00,2026-09-29T03:58:33.867000+00:00,Analysis,0.853019426719081,event,Activity classified by event type and edit destination; original commands omitted.,rs_023e11e599d1bcb7016abb3769086087d2ab75d844b4cea918
Frontend,01a0eb45-9585-7022-b456-e5b8185e643f,2026-09-29T03:58:33.867000+00:00,2026-09-29T03:58:37.733000+00:00,Analysis,3.8660872401440023,gap assigned to next activity,Activity classified by event type and edit destination; original commands omitted.,exec-4a957c42-ff8c-4a67-8f4c-978cabea35d5
Frontend,01a0eb45-9585-7022-b456-e5b8185e643f,2026-09-29T03:58:37.733000+00:00,2026-09-29T03:58:38.003000+00:00,Analysis,0.2700060781412254,event,Activity classified by event type and edit destination; original commands omitted.,exec-4a957c42-ff8c-4a67-8f4c-978cabea35d5
Frontend,01a0eb45-9585-7022-b456-e5b8185e643f,2026-09-29T03:58:38.003000+00:00,2026-09-29T03:58:43.151000+00:00,Analysis,5.148116255476108,gap assigned to next activity,Activity classified by event type and edit destination; original commands omitted.,rs_023e11e599d1bcb7016abb37732b7c87d2a6953efb12442c26
Frontend,01a0eb45-9585-7022-b456-e5b8185e643f,2026-09-29T03:58:43.151000+00:00,2026-09-29T03:58:44.044000+00:00,Analysis,0.8930200534384161,event,Activity classified by event type and edit destination; original commands omitted.,rs_023e11e599d1bcb7016abb37732b7c87d2a6953efb12442c26
Frontend,01a0eb45-9585-7022-b456-e5b8185e643f,2026-09-29T03:58:44.044000+00:00,2026-09-29T03:58:47.511000+00:00,Analysis,3.4670783003884513,gap assigned to next activity,Activity classified by event type and edit destination; original commands omitted.,exec-d5968e21-dfac-4883-adde-f54ebd68f4dc
Frontend,01a0eb45-9585-7022-b456-e5b8185e643f,2026-09-29T03:58:47.511000+00:00,2026-09-29T03:58:47.839000+00:00,Analysis,0.3280074756533855,event,Activity classified by event type and edit destination; original commands omitted.,exec-d5968e21-dfac-4883-adde-f54ebd68f4dc
Frontend,01a0eb45-9585-7022-b456-e5b8185e643f,2026-09-29T03:58:47.839000+00:00,2026-09-29T03:58:52.875000+00:00,Analysis,5.036113737705287,gap assigned to next activity,Activity classified by event type and edit destination; original commands omitted.,exec-a902d8ca-5053-4095-8540-aa7e794dfd5e
Frontend,01a0eb45-9585-7022-b456-e5b8185e643f,2026-09-29T03:58:52.875000+00:00,2026-09-29T03:58:53.114000+00:00,Analysis,0.2390054791823583,event,Activity classified by event type and edit destination; original commands omitted.,exec-a902d8ca-5053-4095-8540-aa7e794dfd5e
Frontend,01a0eb45-9585-7022-b456-e5b8185e643f,2026-09-29T03:58:53.114000+00:00,2026-09-29T03:58:55.176000+00:00,Analysis,2.062046600898308,gap assigned to next activity,Activity classified by event type and edit destination; original commands omitted.,rs_023e11e599d1bcb7016abb377f31c887d2a23b34177c7081a5
Frontend,01a0eb45-9585-7022-b456-e5b8185e643f,2026-09-29T03:58:55.176000+00:00,2026-09-29T03:59:10.906000+00:00,Analysis,15.730354999887696,event,Activity classified by event type and edit destination; original commands omitted.,rs_023e11e599d1bcb7016abb377f31c887d2a23b34177c7081a5
Frontend,01a0eb45-9585-7022-b456-e5b8185e643f,2026-09-29T03:59:10.906000+00:00,2026-09-29T03:59:48.916000+00:00,Implementation,38.010858342861425,gap assigned to next activity,Activity classified by event type and edit destination; original commands omitted.,exec-8111d902-a11f-4d7c-bc1f-f2d1621efd80
Frontend,01a0eb45-9585-7022-b456-e5b8185e643f,2026-09-29T03:59:48.916000+00:00,2026-09-29T03:59:50.238000+00:00,Implementation,1.3220298804754036,event,Activity classified by event type and edit destination; original commands omitted.,exec-8111d902-a11f-4d7c-bc1f-f2d1621efd80
Frontend,01a0eb45-9585-7022-b456-e5b8185e643f,2026-09-29T03:59:50.238000+00:00,2026-09-29T03:59:54.192000+00:00,Analysis,3.9540892865136357,gap assigned to next activity,Activity classified by event type and edit destination; original commands omitted.,rs_023e11e599d1bcb7016abb37ba362887d2989fd67cbe810038
Frontend,01a0eb45-9585-7022-b456-e5b8185e643f,2026-09-29T03:59:54.192000+00:00,2026-09-29T03:59:56.211000+00:00,Analysis,2.019045647026866,event,Activity classified by event type and edit destination; original commands omitted.,rs_023e11e599d1bcb7016abb37ba362887d2989fd67cbe810038
Frontend,01a0eb45-9585-7022-b456-e5b8185e643f,2026-09-29T03:59:56.211000+00:00,2026-09-29T03:59:59.111000+00:00,Analysis,2.9000655839766707,gap assigned to next activity,Activity classified by event type and edit destination; original commands omitted.,exec-6b168649-9fd5-4126-acb0-aca02dbb1e61
Frontend,01a0eb45-9585-7022-b456-e5b8185e643f,2026-09-29T03:59:59.111000+00:00,2026-09-29T03:59:59.403000+00:00,Analysis,0.2920066493396246,event,Activity classified by event type and edit destination; original commands omitted.,exec-6b168649-9fd5-4126-acb0-aca02dbb1e61
Frontend,01a0eb45-9585-7022-b456-e5b8185e643f,2026-09-29T03:59:59.403000+00:00,2026-09-29T04:00:00.829000+00:00,Analysis,1.426032082163186,gap assigned to next activity,Activity classified by event type and edit destination; original commands omitted.,rs_023e11e599d1bcb7016abb37c0d7cc87d2b77c75b186dce513
Frontend,01a0eb45-9585-7022-b456-e5b8185e643f,2026-09-29T04:00:00.829000+00:00,2026-09-29T04:00:12.093000+00:00,Analysis,11.264254305746297,event,Activity classified by event type and edit destination; original commands omitted.,rs_023e11e599d1bcb7016abb37c0d7cc87d2b77c75b186dce513
Frontend,01a0eb45-9585-7022-b456-e5b8185e643f,2026-09-29T04:00:12.093000+00:00,2026-09-29T04:00:32.611000+00:00,Testing and verification,20.51846346907412,gap assigned to next activity,Activity classified by event type and edit destination; original commands omitted.,exec-ac2dd144-097d-4d4b-bc85-6c8bcc9859d6
Frontend,01a0eb45-9585-7022-b456-e5b8185e643f,2026-09-29T04:00:32.611000+00:00,2026-09-29T04:00:38.258000+00:00,Testing and verification,5.647127358089904,event,Activity classified by event type and edit destination; original commands omitted.,exec-ac2dd144-097d-4d4b-bc85-6c8bcc9859d6
Frontend,01a0eb45-9585-7022-b456-e5b8185e643f,2026-09-29T04:00:38.258000+00:00,2026-09-29T04:00:41.779000+00:00,Analysis,3.5210796590710745,gap assigned to next activity,Activity classified by event type and edit destination; original commands omitted.,rs_023e11e599d1bcb7016abb37e9c90487d29c9ae597f099c67b
Frontend,01a0eb45-9585-7022-b456-e5b8185e643f,2026-09-29T04:00:41.779000+00:00,2026-09-29T04:00:53.911000+00:00,Analysis,12.132273937682132,event,Activity classified by event type and edit destination; original commands omitted.,rs_023e11e599d1bcb7016abb37e9c90487d29c9ae597f099c67b
Frontend,01a0eb45-9585-7022-b456-e5b8185e643f,2026-09-29T04:00:53.911000+00:00,2026-09-29T04:01:10.084000+00:00,Testing and verification,16.173365320464008,gap assigned to next activity,Activity classified by event type and edit destination; original commands omitted.,exec-fcc5aefd-ec62-45de-aa9b-23b663b48f09
Frontend,01a0eb45-9585-7022-b456-e5b8185e643f,2026-09-29T04:01:10.084000+00:00,2026-09-29T04:01:14.289000+00:00,Testing and verification,4.205094882184605,event,Activity classified by event type and edit destination; original commands omitted.,exec-fcc5aefd-ec62-45de-aa9b-23b663b48f09
Frontend,01a0eb45-9585-7022-b456-e5b8185e643f,2026-09-29T04:01:14.289000+00:00,2026-09-29T04:01:16.426000+00:00,Analysis,2.1370483422539737,gap assigned to next activity,Activity classified by event type and edit destination; original commands omitted.,rs_023e11e599d1bcb7016abb380c71f087d2a2c920f7e4d2d477
Frontend,01a0eb45-9585-7022-b456-e5b8185e643f,2026-09-29T04:01:16.426000+00:00,2026-09-29T04:01:18.197000+00:00,Analysis,1.7710399016600769,event,Activity classified by event type and edit destination; original commands omitted.,rs_023e11e599d1bcb7016abb380c71f087d2a2c920f7e4d2d477
Frontend,01a0eb45-9585-7022-b456-e5b8185e643f,2026-09-29T04:01:18.197000+00:00,2026-09-29T04:01:32.220000+00:00,Testing and verification,14.023316673196067,gap assigned to next activity,Activity classified by event type and edit destination; original commands omitted.,exec-4de2a029-3afd-468b-a32f-dae9c4be26e3
Frontend,01a0eb45-9585-7022-b456-e5b8185e643f,2026-09-29T04:01:32.220000+00:00,2026-09-29T04:01:35.017000+00:00,Testing and verification,2.797063093966319,event,Activity classified by event type and edit destination; original commands omitted.,exec-4de2a029-3afd-468b-a32f-dae9c4be26e3
Frontend,01a0eb45-9585-7022-b456-e5b8185e643f,2026-09-29T04:01:35.017000+00:00,2026-09-29T04:01:36.226000+00:00,Analysis,1.2090274126031901,event,Activity classified by event type and edit destination; original commands omitted.,rs_023e11e599d1bcb7016abb381f08dc87d2848d7c90147faa8c
Frontend,01a0eb45-9585-7022-b456-e5b8185e643f,2026-09-29T04:01:36.226000+00:00,2026-09-29T04:01:40.417000+00:00,Testing and verification,4.191094627069244,event,Activity classified by event type and edit destination; original commands omitted.,exec-4de2a029-3afd-468b-a32f-dae9c4be26e3
Frontend,01a0eb45-9585-7022-b456-e5b8185e643f,2026-09-29T04:01:40.417000+00:00,2026-09-29T04:01:42.781000+00:00,Testing and verification,2.364053228099794,event,Activity classified by event type and edit destination; original commands omitted.,exec-4de2a029-3afd-468b-a32f-dae9c4be26e3
Frontend,01a0eb45-9585-7022-b456-e5b8185e643f,2026-09-29T04:01:42.781000+00:00,2026-09-29T04:01:43.426000+00:00,Technical diagnosis,0.645014784919553,event,Activity classified by event type and edit destination; original commands omitted.,rs_023e11e599d1bcb7016abb3826c65c87d2aa45a5a1a64e5705
Frontend,01a0eb45-9585-7022-b456-e5b8185e643f,2026-09-29T04:01:43.426000+00:00,2026-09-29T04:01:55.341000+00:00,Technical diagnosis,11.915269029698173,event,Activity classified by event type and edit destination; original commands omitted.,rs_023e11e599d1bcb7016abb3826c65c87d2aa45a5a1a64e5705
Frontend,01a0eb45-9585-7022-b456-e5b8185e643f,2026-09-29T04:01:55.341000+00:00,2026-09-29T04:01:57.863000+00:00,Technical diagnosis,2.5220567884701994,gap assigned to next activity,Activity classified by event type and edit destination; original commands omitted.,exec-e58a2d26-2933-492d-bab5-f11f75b3faf2
Frontend,01a0eb45-9585-7022-b456-e5b8185e643f,2026-09-29T04:01:57.863000+00:00,2026-09-29T04:01:58.109000+00:00,Technical diagnosis,0.24600560674003916,event,Activity classified by event type and edit destination; original commands omitted.,exec-e58a2d26-2933-492d-bab5-f11f75b3faf2
Frontend,01a0eb45-9585-7022-b456-e5b8185e643f,2026-09-29T04:01:58.109000+00:00,2026-09-29T04:01:59.886000+00:00,Analysis,1.7770400791163643,gap assigned to next activity,Activity classified by event type and edit destination; original commands omitted.,rs_023e11e599d1bcb7016abb3837e7d087d2893c5799584ae724
Frontend,01a0eb45-9585-7022-b456-e5b8185e643f,2026-09-29T04:01:59.886000+00:00,2026-09-29T04:02:06.071000+00:00,Analysis,6.18513985259353,event,Activity classified by event type and edit destination; original commands omitted.,rs_023e11e599d1bcb7016abb3837e7d087d2893c5799584ae724
Frontend,01a0eb45-9585-7022-b456-e5b8185e643f,2026-09-29T04:02:06.071000+00:00,2026-09-29T04:02:06.072000+00:00,Communication and follow-up,0.000999950101393512,gap assigned to next activity,Activity classified by event type and edit destination; original commands omitted.,msg_023e11e599d1bcb7016abb383e16c887d2b1d751c541a67eee
Frontend,01a0eb45-9585-7022-b456-e5b8185e643f,2026-09-29T04:02:06.072000+00:00,2026-09-29T04:02:08.490000+00:00,Communication and follow-up,2.418054586782417,event,Activity classified by event type and edit destination; original commands omitted.,msg_023e11e599d1bcb7016abb383e16c887d2b1d751c541a67eee
Frontend,01a0eb45-9585-7022-b456-e5b8185e643f,2026-09-29T04:02:08.490000+00:00,2026-09-29T04:02:22.751000+00:00,Testing and verification,14.261321963853069,gap assigned to next activity,Activity classified by event type and edit destination; original commands omitted.,exec-4b5a3d2d-ac9e-4e12-af76-a4eb1d09cbd7
Frontend,01a0eb45-9585-7022-b456-e5b8185e643f,2026-09-29T04:02:22.751000+00:00,2026-09-29T04:02:30.894000+00:00,Testing and verification,8.143184013380093,event,Activity classified by event type and edit destination; original commands omitted.,exec-4b5a3d2d-ac9e-4e12-af76-a4eb1d09cbd7
Frontend,01a0eb45-9585-7022-b456-e5b8185e643f,2026-09-29T04:02:30.894000+00:00,2026-09-29T04:02:35.351000+00:00,Analysis,4.457100666380932,gap assigned to next activity,Activity classified by event type and edit destination; original commands omitted.,rs_023e11e599d1bcb7016abb385b5e2487d29edebb3c04493329
Frontend,01a0eb45-9585-7022-b456-e5b8185e643f,2026-09-29T04:02:35.351000+00:00,2026-09-29T04:02:37.571000+00:00,Analysis,2.2200501612687136,event,Activity classified by event type and edit destination; original commands omitted.,rs_023e11e599d1bcb7016abb385b5e2487d29edebb3c04493329
Frontend,01a0eb45-9585-7022-b456-e5b8185e643f,2026-09-29T04:02:37.571000+00:00,2026-09-29T04:02:43.577000+00:00,Communication and follow-up,6.006135432702156,gap assigned to next activity,Activity classified by event type and edit destination; original commands omitted.,call_bSO0IcpqgeBwtb2uI3snLJ5Z
Frontend,01a0eb45-9585-7022-b456-e5b8185e643f,2026-09-29T04:02:43.577000+00:00,2026-09-29T04:02:45.214000+00:00,Analysis,1.637037051114821,gap assigned to next activity,Activity classified by event type and edit destination; original commands omitted.,rs_023e11e599d1bcb7016abb38653bf087d29b05aa09458cee28
Frontend,01a0eb45-9585-7022-b456-e5b8185e643f,2026-09-29T04:02:45.214000+00:00,2026-09-29T04:02:53.906000+00:00,Analysis,8.692196197423012,event,Activity classified by event type and edit destination; original commands omitted.,rs_023e11e599d1bcb7016abb38653bf087d29b05aa09458cee28
Frontend,01a0eb45-9585-7022-b456-e5b8185e643f,2026-09-29T04:02:53.906000+00:00,2026-09-29T04:03:11.970000+00:00,Documentation,18.064408055977943,gap assigned to next activity,Activity classified by event type and edit destination; original commands omitted.,exec-b00e2628-e2c3-40d5-b268-c959271eb425
Frontend,01a0eb45-9585-7022-b456-e5b8185e643f,2026-09-29T04:03:11.970000+00:00,2026-09-29T04:03:13.346000+00:00,Documentation,1.3760310007340633,event,Activity classified by event type and edit destination; original commands omitted.,exec-b00e2628-e2c3-40d5-b268-c959271eb425
Frontend,01a0eb45-9585-7022-b456-e5b8185e643f,2026-09-29T04:03:13.346000+00:00,2026-09-29T04:03:17.392000+00:00,Analysis,4.046091371712807,gap assigned to next activity,Activity classified by event type and edit destination; original commands omitted.,rs_023e11e599d1bcb7016abb3885640487d2aec451984404494e
Frontend,01a0eb45-9585-7022-b456-e5b8185e643f,2026-09-29T04:03:17.392000+00:00,2026-09-29T04:03:22.759000+00:00,Analysis,5.367121302086817,event,Activity classified by event type and edit destination; original commands omitted.,rs_023e11e599d1bcb7016abb3885640487d2aec451984404494e
Frontend,01a0eb45-9585-7022-b456-e5b8185e643f,2026-09-29T04:03:22.759000+00:00,2026-09-29T04:03:25.943000+00:00,Analysis,3.1840719172332577,gap assigned to next activity,Activity classified by event type and edit destination; original commands omitted.,rs_023e11e599d1bcb7016abb388df72c87d2b410eeda346b20ef
Frontend,01a0eb45-9585-7022-b456-e5b8185e643f,2026-09-29T04:03:25.943000+00:00,2026-09-29T04:03:26.791000+00:00,Analysis,0.8480189609402241,event,Activity classified by event type and edit destination; original commands omitted.,rs_023e11e599d1bcb7016abb388df72c87d2b410eeda346b20ef
Frontend,01a0eb45-9585-7022-b456-e5b8185e643f,2026-09-29T04:03:26.791000+00:00,2026-09-29T04:03:26.794000+00:00,Communication and follow-up,0.003000088728143672,gap assigned to next activity,Activity classified by event type and edit destination; original commands omitted.,msg_023e11e599d1bcb7016abb388ed0cc87d2829b68d4c48c9595
Frontend,01a0eb45-9585-7022-b456-e5b8185e643f,2026-09-29T04:03:26.794000+00:00,2026-09-29T04:03:28.968000+00:00,Communication and follow-up,2.174049118669128,event,Activity classified by event type and edit destination; original commands omitted.,msg_023e11e599d1bcb7016abb388ed0cc87d2829b68d4c48c9595
Frontend,01a0eb45-9585-7022-b456-e5b8185e643f,2026-09-29T04:03:28.968000+00:00,2026-09-29T04:03:33.670000+00:00,Testing and verification,4.702106323019578,gap assigned to next activity,Activity classified by event type and edit destination; original commands omitted.,exec-1b86bcfe-39c3-4482-ad1a-7dafcec29b0a
Frontend,01a0eb45-9585-7022-b456-e5b8185e643f,2026-09-29T04:03:33.670000+00:00,2026-09-29T04:03:33.840000+00:00,Analysis,0.17000367685901696,gap assigned to next activity,Activity classified by event type and edit destination; original commands omitted.,exec-7841f236-296e-4761-b989-9f13dd351f6c
Frontend,01a0eb45-9585-7022-b456-e5b8185e643f,2026-09-29T04:03:33.840000+00:00,2026-09-29T04:03:34.056000+00:00,Analysis,0.21600495788256557,event,Activity classified by event type and edit destination; original commands omitted.,exec-7841f236-296e-4761-b989-9f13dd351f6c
Frontend,01a0eb45-9585-7022-b456-e5b8185e643f,2026-09-29T04:03:34.056000+00:00,2026-09-29T04:03:36.174000+00:00,Analysis,2.118047859783718,gap assigned to next activity,Activity classified by event type and edit destination; original commands omitted.,rs_023e11e599d1bcb7016abb3898320087d29a0ef7b48a733152
Frontend,01a0eb45-9585-7022-b456-e5b8185e643f,2026-09-29T04:03:36.174000+00:00,2026-09-29T04:03:51.720000+00:00,Analysis,15.546351067913317,event,Activity classified by event type and edit destination; original commands omitted.,rs_023e11e599d1bcb7016abb3898320087d29a0ef7b48a733152
Frontend,01a0eb45-9585-7022-b456-e5b8185e643f,2026-09-29T04:03:51.720000+00:00,2026-09-29T04:03:51.725000+00:00,Analysis,0.004999988930930696,gap assigned to next activity,Activity classified by event type and edit destination; original commands omitted.,rs_023e11e599d1bcb7016abb38a7bbf087d2a7e91c6ca02ac047
Frontend,01a0eb45-9585-7022-b456-e5b8185e643f,2026-09-29T04:03:51.725000+00:00,2026-09-29T04:04:07.517000+00:00,Analysis,15.792356674653357,event,Activity classified by event type and edit destination; original commands omitted.,rs_023e11e599d1bcb7016abb38a7bbf087d2a7e91c6ca02ac047
Frontend,01a0eb45-9585-7022-b456-e5b8185e643f,2026-09-29T04:04:07.517000+00:00,2026-09-29T04:04:07.519000+00:00,Analysis,0.00200013862675016,gap assigned to next activity,Activity classified by event type and edit destination; original commands omitted.,rs_023e11e599d1bcb7016abb38b74a8087d2b238a6f72f3d0edb
Frontend,01a0eb45-9585-7022-b456-e5b8185e643f,2026-09-29T04:04:07.519000+00:00,2026-09-29T04:04:22.830000+00:00,Analysis,15.311345627560497,event,Activity classified by event type and edit destination; original commands omitted.,rs_023e11e599d1bcb7016abb38b74a8087d2b238a6f72f3d0edb
Frontend,01a0eb45-9585-7022-b456-e5b8185e643f,2026-09-29T04:04:22.830000+00:00,2026-09-29T04:04:22.831000+00:00,Analysis,0.001000188525356648,gap assigned to next activity,Activity classified by event type and edit destination; original commands omitted.,rs_023e11e599d1bcb7016abb38c6d01087d291a895e2258f7958
Frontend,01a0eb45-9585-7022-b456-e5b8185e643f,2026-09-29T04:04:22.831000+00:00,2026-09-29T04:04:38.347000+00:00,Analysis,15.516350180631882,event,Activity classified by event type and edit destination; original commands omitted.,rs_023e11e599d1bcb7016abb38c6d01087d291a895e2258f7958
Frontend,01a0eb45-9585-7022-b456-e5b8185e643f,2026-09-29T04:04:38.347000+00:00,2026-09-29T04:04:38.349000+00:00,Analysis,0.00200013862675016,gap assigned to next activity,Activity classified by event type and edit destination; original commands omitted.,rs_023e11e599d1bcb7016abb38d65ea887d2a1183023654081c2
Frontend,01a0eb45-9585-7022-b456-e5b8185e643f,2026-09-29T04:04:38.349000+00:00,2026-09-29T04:04:49.980000+00:00,Analysis,11.631262696441587,event,Activity classified by event type and edit destination; original commands omitted.,rs_023e11e599d1bcb7016abb38d65ea887d2a1183023654081c2
Frontend,01a0eb45-9585-7022-b456-e5b8185e643f,2026-09-29T04:04:49.980000+00:00,2026-09-29T04:05:38.878000+00:00,Implementation,48.89910423015196,gap assigned to next activity,Activity classified by event type and edit destination; original commands omitted.,exec-ffc4bd8d-bc24-4dff-925c-21a4f90ef964
Frontend,01a0eb45-9585-7022-b456-e5b8185e643f,2026-09-29T04:05:38.878000+00:00,2026-09-29T04:05:41.960000+00:00,Implementation,3.0820696157482623,event,Activity classified by event type and edit destination; original commands omitted.,exec-ffc4bd8d-bc24-4dff-925c-21a4f90ef964
Frontend,01a0eb45-9585-7022-b456-e5b8185e643f,2026-09-29T04:05:41.960000+00:00,2026-09-29T04:05:43.258000+00:00,Analysis,1.298029170650254,gap assigned to next activity,Activity classified by event type and edit destination; original commands omitted.,rs_023e11e599d1bcb7016abb3917486887d299d68967f333fdf2
Frontend,01a0eb45-9585-7022-b456-e5b8185e643f,2026-09-29T04:05:43.258000+00:00,2026-09-29T04:05:58.995000+00:00,Analysis,15.737355365869341,event,Activity classified by event type and edit destination; original commands omitted.,rs_023e11e599d1bcb7016abb3917486887d299d68967f333fdf2
Frontend,01a0eb45-9585-7022-b456-e5b8185e643f,2026-09-29T04:05:58.995000+00:00,2026-09-29T04:06:09.305000+00:00,Testing and verification,10.31023300449154,gap assigned to next activity,Activity classified by event type and edit destination; original commands omitted.,exec-fda451eb-1b44-4360-bd20-30f4bcb1c5fb
Frontend,01a0eb45-9585-7022-b456-e5b8185e643f,2026-09-29T04:06:09.305000+00:00,2026-09-29T04:06:11.735000+00:00,Testing and verification,2.4300547032710287,event,Activity classified by event type and edit destination; original commands omitted.,exec-fda451eb-1b44-4360-bd20-30f4bcb1c5fb
Frontend,01a0eb45-9585-7022-b456-e5b8185e643f,2026-09-29T04:06:11.735000+00:00,2026-09-29T04:06:18.644000+00:00,Analysis,6.909156179274323,event,Activity classified by event type and edit destination; original commands omitted.,rs_023e11e599d1bcb7016abb3933c20487d29338eef4246f3d40
Frontend,01a0eb45-9585-7022-b456-e5b8185e643f,2026-09-29T04:06:18.644000+00:00,2026-09-29T04:06:27.478000+00:00,Analysis,8.834199364051305,event,Activity classified by event type and edit destination; original commands omitted.,rs_023e11e599d1bcb7016abb3933c20487d29338eef4246f3d40
Frontend,01a0eb45-9585-7022-b456-e5b8185e643f,2026-09-29T04:06:27.478000+00:00,2026-09-29T04:06:31.662000+00:00,Implementation,4.184094499511563,gap assigned to next activity,Activity classified by event type and edit destination; original commands omitted.,exec-8e2aff4c-f89e-465c-8f4d-4294aaff96b8
Frontend,01a0eb45-9585-7022-b456-e5b8185e643f,2026-09-29T04:06:31.662000+00:00,2026-09-29T04:06:32.207000+00:00,Implementation,0.5450123836373446,event,Activity classified by event type and edit destination; original commands omitted.,exec-8e2aff4c-f89e-465c-8f4d-4294aaff96b8
Frontend,01a0eb45-9585-7022-b456-e5b8185e643f,2026-09-29T04:06:32.207000+00:00,2026-09-29T04:06:33.750000+00:00,Analysis,1.5430348272888998,gap assigned to next activity,Activity classified by event type and edit destination; original commands omitted.,rs_023e11e599d1bcb7016abb3949c67087d280d9c917c201987c
Frontend,01a0eb45-9585-7022-b456-e5b8185e643f,2026-09-29T04:06:33.750000+00:00,2026-09-29T04:06:49.515000+00:00,Analysis,15.765356114524026,event,Activity classified by event type and edit destination; original commands omitted.,rs_023e11e599d1bcb7016abb3949c67087d280d9c917c201987c
Frontend,01a0eb45-9585-7022-b456-e5b8185e643f,2026-09-29T04:06:49.515000+00:00,2026-09-29T04:06:49.518000+00:00,Analysis,0.002999850304180536,gap assigned to next activity,Activity classified by event type and edit destination; original commands omitted.,rs_023e11e599d1bcb7016abb3959536487d28cb8288539cfc77b
Frontend,01a0eb45-9585-7022-b456-e5b8185e643f,2026-09-29T04:06:49.518000+00:00,2026-09-29T04:06:55.729000+00:00,Analysis,6.211140462621467,event,Activity classified by event type and edit destination; original commands omitted.,rs_023e11e599d1bcb7016abb3959536487d28cb8288539cfc77b
Frontend,01a0eb45-9585-7022-b456-e5b8185e643f,2026-09-29T04:06:55.729000+00:00,2026-09-29T04:07:04.940000+00:00,Implementation,9.211207971032419,gap assigned to next activity,Activity classified by event type and edit destination; original commands omitted.,exec-1f4f7a70-e339-4f62-b76c-90427ba8f019
Frontend,01a0eb45-9585-7022-b456-e5b8185e643f,2026-09-29T04:07:04.940000+00:00,2026-09-29T04:07:09.484000+00:00,Implementation,4.5441025242252095,event,Activity classified by event type and edit destination; original commands omitted.,exec-1f4f7a70-e339-4f62-b76c-90427ba8f019
Frontend,01a0eb45-9585-7022-b456-e5b8185e643f,2026-09-29T04:07:09.484000+00:00,2026-09-29T04:07:11.066000+00:00,Analysis,1.5820357423308045,gap assigned to next activity,Activity classified by event type and edit destination; original commands omitted.,rs_023e11e599d1bcb7016abb396f16a487d2b5986e12568b46c7
Frontend,01a0eb45-9585-7022-b456-e5b8185e643f,2026-09-29T04:07:11.066000+00:00,2026-09-29T04:07:11.706000+00:00,Analysis,0.6400145575646592,event,Activity classified by event type and edit destination; original commands omitted.,rs_023e11e599d1bcb7016abb396f16a487d2b5986e12568b46c7
Frontend,01a0eb45-9585-7022-b456-e5b8185e643f,2026-09-29T04:07:11.706000+00:00,2026-09-29T04:07:18.526000+00:00,Implementation,6.820153944379332,gap assigned to next activity,Activity classified by event type and edit destination; original commands omitted.,exec-617f681c-335b-4fb8-ac16-513ec6e76f80
Frontend,01a0eb45-9585-7022-b456-e5b8185e643f,2026-09-29T04:07:18.526000+00:00,2026-09-29T04:07:20.098000+00:00,Implementation,1.5720355260449799,event,Activity classified by event type and edit destination; original commands omitted.,exec-617f681c-335b-4fb8-ac16-513ec6e76f80
Frontend,01a0eb45-9585-7022-b456-e5b8185e643f,2026-09-29T04:07:20.098000+00:00,2026-09-29T04:07:21.928000+00:00,Analysis,1.8300412492736304,gap assigned to next activity,Activity classified by event type and edit destination; original commands omitted.,rs_023e11e599d1bcb7016abb3979f3f887d2be4e0f89eb610679
Frontend,01a0eb45-9585-7022-b456-e5b8185e643f,2026-09-29T04:07:21.928000+00:00,2026-09-29T04:07:23.618000+00:00,Analysis,1.690038221272087,event,Activity classified by event type and edit destination; original commands omitted.,rs_023e11e599d1bcb7016abb3979f3f887d2be4e0f89eb610679
Frontend,01a0eb45-9585-7022-b456-e5b8185e643f,2026-09-29T04:07:23.618000+00:00,2026-09-29T04:07:34.054000+00:00,Implementation,10.436235538953758,gap assigned to next activity,Activity classified by event type and edit destination; original commands omitted.,exec-41b340b0-6c96-4489-9f9b-4af9480382c8
Frontend,01a0eb45-9585-7022-b456-e5b8185e643f,2026-09-29T04:07:34.054000+00:00,2026-09-29T04:07:36.786000+00:00,Implementation,2.7320618073204406,event,Activity classified by event type and edit destination; original commands omitted.,exec-41b340b0-6c96-4489-9f9b-4af9480382c8
Frontend,01a0eb45-9585-7022-b456-e5b8185e643f,2026-09-29T04:07:36.786000+00:00,2026-09-29T04:07:42.765000+00:00,Technical diagnosis,5.979135110996789,event,Activity classified by event type and edit destination; original commands omitted.,rs_023e11e599d1bcb7016abb3988cdfc87d28123496be2a88a74
Frontend,01a0eb45-9585-7022-b456-e5b8185e643f,2026-09-29T04:07:42.765000+00:00,2026-09-29T04:07:52.498000+00:00,Technical diagnosis,9.733219594946009,event,Activity classified by event type and edit destination; original commands omitted.,rs_023e11e599d1bcb7016abb3988cdfc87d28123496be2a88a74
Frontend,01a0eb45-9585-7022-b456-e5b8185e643f,2026-09-29T04:07:52.498000+00:00,2026-09-29T04:07:57.061000+00:00,Technical diagnosis,4.563103245119428,gap assigned to next activity,Activity classified by event type and edit destination; original commands omitted.,exec-bd1c6f4c-b065-4ca4-bf40-54503ff711da
Frontend,01a0eb45-9585-7022-b456-e5b8185e643f,2026-09-29T04:07:57.061000+00:00,2026-09-29T04:08:00.074000+00:00,Technical diagnosis,3.013067813424921,event,Activity classified by event type and edit destination; original commands omitted.,exec-bd1c6f4c-b065-4ca4-bf40-54503ff711da
Frontend,01a0eb45-9585-7022-b456-e5b8185e643f,2026-09-29T04:08:00.074000+00:00,2026-09-29T04:08:02.306000+00:00,Analysis,2.232050516181288,gap assigned to next activity,Activity classified by event type and edit destination; original commands omitted.,rs_023e11e599d1bcb7016abb39a2537c87d29f70db41efe03822
Frontend,01a0eb45-9585-7022-b456-e5b8185e643f,2026-09-29T04:08:02.306000+00:00,2026-09-29T04:08:03.481000+00:00,Analysis,1.1750264864922162,event,Activity classified by event type and edit destination; original commands omitted.,rs_023e11e599d1bcb7016abb39a2537c87d29f70db41efe03822
Frontend,01a0eb45-9585-7022-b456-e5b8185e643f,2026-09-29T04:08:03.481000+00:00,2026-09-29T04:08:09.768000+00:00,Analysis,6.287141915654563,gap assigned to next activity,Activity classified by event type and edit destination; original commands omitted.,rs_023e11e599d1bcb7016abb39a9ca9087d2b6d333e5b0016cab
Frontend,01a0eb45-9585-7022-b456-e5b8185e643f,2026-09-29T04:08:09.768000+00:00,2026-09-29T04:08:10.518000+00:00,Analysis,0.750016936708729,event,Activity classified by event type and edit destination; original commands omitted.,rs_023e11e599d1bcb7016abb39a9ca9087d2b6d333e5b0016cab
Frontend,01a0eb45-9585-7022-b456-e5b8185e643f,2026-09-29T04:08:10.518000+00:00,2026-09-29T04:08:13.015000+00:00,Analysis,2.497056605391583,gap assigned to next activity,Activity classified by event type and edit destination; original commands omitted.,exec-58712daa-55c7-4617-a39b-ab86e4f31865
Frontend,01a0eb45-9585-7022-b456-e5b8185e643f,2026-09-29T04:08:13.015000+00:00,2026-09-29T04:08:13.275000+00:00,Analysis,0.26000586185540087,event,Activity classified by event type and edit destination; original commands omitted.,exec-58712daa-55c7-4617-a39b-ab86e4f31865
Frontend,01a0eb45-9585-7022-b456-e5b8185e643f,2026-09-29T04:08:13.275000+00:00,2026-09-29T04:08:18.462000+00:00,Testing and verification,5.187116932094049,gap assigned to next activity,Activity classified by event type and edit destination; original commands omitted.,exec-a4ee9eca-a935-4a1d-bc18-08e295902f8d
Frontend,01a0eb45-9585-7022-b456-e5b8185e643f,2026-09-29T04:08:18.462000+00:00,2026-09-29T04:08:18.473000+00:00,Testing and verification,0.011000404811181176,gap assigned to next activity,Activity classified by event type and edit destination; original commands omitted.,exec-3c639342-2ecb-4a5e-94ad-b511d7f40ce9
Frontend,01a0eb45-9585-7022-b456-e5b8185e643f,2026-09-29T04:08:18.473000+00:00,2026-09-29T04:08:20.689000+00:00,Analysis,2.216049884015213,gap assigned to next activity,Activity classified by event type and edit destination; original commands omitted.,rs_023e11e599d1bcb7016abb39b4b6cc87d2a670e893ea25c9c9
Frontend,01a0eb45-9585-7022-b456-e5b8185e643f,2026-09-29T04:08:20.689000+00:00,2026-09-29T04:08:36.535000+00:00,Analysis,15.84635803333598,event,Activity classified by event type and edit destination; original commands omitted.,rs_023e11e599d1bcb7016abb39b4b6cc87d2a670e893ea25c9c9
Frontend,01a0eb45-9585-7022-b456-e5b8185e643f,2026-09-29T04:08:36.535000+00:00,2026-09-29T04:08:42.283000+00:00,Communication and follow-up,5.748129709473505,gap assigned to next activity,Activity classified by event type and edit destination; original commands omitted.,call_1Voc4CGYcJwLjD3tdm2oWRNA
Frontend,01a0eb45-9585-7022-b456-e5b8185e643f,2026-09-29T04:08:42.283000+00:00,2026-09-29T04:08:47.508000+00:00,Analysis,5.22511789703456,gap assigned to next activity,Activity classified by event type and edit destination; original commands omitted.,rs_023e11e599d1bcb7016abb39cf889087d29543e47caaaadc61
Frontend,01a0eb45-9585-7022-b456-e5b8185e643f,2026-09-29T04:08:47.508000+00:00,2026-09-29T04:08:50.196000+00:00,Analysis,2.6880609033476053,event,Activity classified by event type and edit destination; original commands omitted.,rs_023e11e599d1bcb7016abb39cf889087d29543e47caaaadc61
Frontend,01a0eb45-9585-7022-b456-e5b8185e643f,2026-09-29T04:08:50.196000+00:00,2026-09-29T04:09:04.717000+00:00,Documentation,14.52132782570847,gap assigned to next activity,Activity classified by event type and edit destination; original commands omitted.,exec-41dc772b-997d-4fbd-8864-642ae4bef43f
Frontend,01a0eb45-9585-7022-b456-e5b8185e643f,2026-09-29T04:09:04.717000+00:00,2026-09-29T04:09:05.163000+00:00,Documentation,0.44601017088049283,event,Activity classified by event type and edit destination; original commands omitted.,exec-41dc772b-997d-4fbd-8864-642ae4bef43f
Frontend,01a0eb45-9585-7022-b456-e5b8185e643f,2026-09-29T04:09:05.163000+00:00,2026-09-29T04:09:05.330000+00:00,Analysis,0.1670035881308733,gap assigned to next activity,Activity classified by event type and edit destination; original commands omitted.,exec-3b7582c5-0092-444a-9609-97a2e559d503
Frontend,01a0eb45-9585-7022-b456-e5b8185e643f,2026-09-29T04:09:05.330000+00:00,2026-09-29T04:09:05.332000+00:00,Analysis,0.00200013862675016,event,Activity classified by event type and edit destination; original commands omitted.,exec-3b7582c5-0092-444a-9609-97a2e559d503
Frontend,01a0eb45-9585-7022-b456-e5b8185e643f,2026-09-29T04:09:05.332000+00:00,2026-09-29T04:09:05.334000+00:00,Analysis,0.00200013862675016,event,Activity classified by event type and edit destination; original commands omitted.,exec-dd4dd2fc-ea5d-447f-bd6e-3fa983f91f22
Frontend,01a0eb45-9585-7022-b456-e5b8185e643f,2026-09-29T04:09:05.334000+00:00,2026-09-29T04:09:05.342000+00:00,Analysis,0.008000077659074368,event,Activity classified by event type and edit destination; original commands omitted.,exec-722fc0dd-ccbe-46ea-8306-775460d759ec
Frontend,01a0eb45-9585-7022-b456-e5b8185e643f,2026-09-29T04:09:05.342000+00:00,2026-09-29T04:09:05.351000+00:00,Analysis,0.009000266184431015,event,Activity classified by event type and edit destination; original commands omitted.,exec-6181b6b2-943b-4aaf-a3f4-bbbabcbffa8d
Frontend,01a0eb45-9585-7022-b456-e5b8185e643f,2026-09-29T04:09:05.351000+00:00,2026-09-29T04:09:05.359000+00:00,Analysis,0.008000077659074368,event,Activity classified by event type and edit destination; original commands omitted.,exec-6181b6b2-943b-4aaf-a3f4-bbbabcbffa8d
Frontend,01a0eb45-9585-7022-b456-e5b8185e643f,2026-09-29T04:09:05.359000+00:00,2026-09-29T04:09:06.079000+00:00,Testing and verification,0.7200162878512554,event,Activity classified by event type and edit destination; original commands omitted.,exec-7ecc20ce-dc8c-4c79-9e7f-355b61dfd142
Frontend,01a0eb45-9585-7022-b456-e5b8185e643f,2026-09-29T04:09:06.079000+00:00,2026-09-29T04:09:06.132000+00:00,Analysis,0.05300117015726631,event,Activity classified by event type and edit destination; original commands omitted.,exec-6181b6b2-943b-4aaf-a3f4-bbbabcbffa8d
Frontend,01a0eb45-9585-7022-b456-e5b8185e643f,2026-09-29T04:09:06.132000+00:00,2026-09-29T04:09:06.286000+00:00,Analysis,0.15400352154086824,event,Activity classified by event type and edit destination; original commands omitted.,exec-ee8fc008-5cc0-4b56-a2eb-d39b6b951194
Frontend,01a0eb45-9585-7022-b456-e5b8185e643f,2026-09-29T04:09:06.286000+00:00,2026-09-29T04:09:06.291000+00:00,Analysis,0.004999988930930696,event,Activity classified by event type and edit destination; original commands omitted.,exec-722fc0dd-ccbe-46ea-8306-775460d759ec
Frontend,01a0eb45-9585-7022-b456-e5b8185e643f,2026-09-29T04:09:06.291000+00:00,2026-09-29T04:09:07.048000+00:00,Analysis,0.7570173026903729,event,Activity classified by event type and edit destination; original commands omitted.,exec-dd4dd2fc-ea5d-447f-bd6e-3fa983f91f22
Frontend,01a0eb45-9585-7022-b456-e5b8185e643f,2026-09-29T04:09:07.048000+00:00,2026-09-29T04:09:10.596000+00:00,Analysis,3.548079980776441,event,Activity classified by event type and edit destination; original commands omitted.,exec-3b7582c5-0092-444a-9609-97a2e559d503
Frontend,01a0eb45-9585-7022-b456-e5b8185e643f,2026-09-29T04:09:10.596000+00:00,2026-09-29T04:09:15.069000+00:00,Analysis,4.473101060123044,gap assigned to next activity,Activity classified by event type and edit destination; original commands omitted.,rs_023e11e599d1bcb7016abb39eb180087d2b15d8eb98540cb99
Frontend,01a0eb45-9585-7022-b456-e5b8185e643f,2026-09-29T04:09:15.069000+00:00,2026-09-29T04:09:21.584000+00:00,Analysis,6.5151472284497025,event,Activity classified by event type and edit destination; original commands omitted.,rs_023e11e599d1bcb7016abb39eb180087d2b15d8eb98540cb99
Frontend,01a0eb45-9585-7022-b456-e5b8185e643f,2026-09-29T04:09:21.584000+00:00,2026-09-29T04:09:29.240000+00:00,Communication and follow-up,7.656172788830945,gap assigned to next activity,Activity classified by event type and edit destination; original commands omitted.,call_LbOvkOzmmTAz4i7XMQa2sKNC
Frontend,01a0eb45-9585-7022-b456-e5b8185e643f,2026-09-29T04:09:29.240000+00:00,2026-09-29T04:09:31.016000+00:00,Communication and follow-up,1.7760401290149708,gap assigned to next activity,Activity classified by event type and edit destination; original commands omitted.,msg_023e11e599d1bcb7016abb39fb096c87d28868fb5c00d7d762
Frontend,01a0eb45-9585-7022-b456-e5b8185e643f,2026-09-29T04:09:31.016000+00:00,2026-09-29T04:09:33.742000+00:00,Communication and follow-up,2.7260616298641533,event,Activity classified by event type and edit destination; original commands omitted.,msg_023e11e599d1bcb7016abb39fb096c87d28868fb5c00d7d762
Frontend,01a0eb45-9585-7022-b456-e5b8185e643f,2026-09-29T04:09:33.742000+00:00,2026-09-29T04:09:33.925000+00:00,Unattributed active time,0.18300398187298517,gap assigned to next activity,Activity classified by event type and edit destination; original commands omitted.,
