actor,turn,start_utc,end_utc,category,seconds_estimated,basis,evidence,event_id,source_event_line
Coordinator,01a0f2f5-6573-73f0-be42-85c421ef911f,2026-09-30T15:36:03.706000+00:00,2026-09-30T15:36:03.805000+00:00,Communication and follow-up,0.0989988770269382,gap assigned to next activity,Activity classified by event type and edit destination; original commands omitted.,msg_0a17f49d6cbd7e7a016abd2c673c1c87d2ab8596c2773320ea,3245
Coordinator,01a0f2f5-6573-73f0-be42-85c421ef911f,2026-09-30T15:36:03.805000+00:00,2026-09-30T15:36:07.156000+00:00,Communication and follow-up,3.3509625959402447,gap assigned to next activity,Activity classified by event type and edit destination; original commands omitted.,msg_0a17f49d6cbd7e7a016abd2c673c1c87d2ab8596c2773320ea,3245
Coordinator,01a0f2f5-6573-73f0-be42-85c421ef911f,2026-09-30T15:36:07.156000+00:00,2026-09-30T15:36:08.584000+00:00,Communication and follow-up,1.4279843438187068,event,Activity classified by event type and edit destination; original commands omitted.,msg_0a17f49d6cbd7e7a016abd2c673c1c87d2ab8596c2773320ea,3245
Coordinator,01a0f2f5-6573-73f0-be42-85c421ef911f,2026-09-30T15:36:08.584000+00:00,2026-09-30T15:36:14.618000+00:00,Environment and operational integration,6.033932870259018,gap assigned to next activity,Activity classified by event type and edit destination; original commands omitted.,exec-a36608a5-5d79-4dc5-89b6-16f111f8d039,3249
Coordinator,01a0f2f5-6573-73f0-be42-85c421ef911f,2026-09-30T15:36:14.618000+00:00,2026-09-30T15:36:15.312000+00:00,Environment and operational integration,0.6939922940140836,event,Activity classified by event type and edit destination; original commands omitted.,exec-a36608a5-5d79-4dc5-89b6-16f111f8d039,3249
Coordinator,01a0f2f5-6573-73f0-be42-85c421ef911f,2026-09-30T15:36:15.312000+00:00,2026-09-30T15:36:19.536000+00:00,Analysis,4.223953040146416,gap assigned to next activity,Activity classified by event type and edit destination; original commands omitted.,rs_0a17f49d6cbd7e7a016abd2c739a9087d286e61741171155db,3252
Coordinator,01a0f2f5-6573-73f0-be42-85c421ef911f,2026-09-30T15:36:19.536000+00:00,2026-09-30T15:36:24.486000+00:00,Analysis,4.94994504342656,event,Activity classified by event type and edit destination; original commands omitted.,rs_0a17f49d6cbd7e7a016abd2c739a9087d286e61741171155db,3252
Coordinator,01a0f2f5-6573-73f0-be42-85c421ef911f,2026-09-30T15:36:24.486000+00:00,2026-09-30T15:36:34.695000+00:00,Analysis,10.208886430096758,gap assigned to next activity,Activity classified by event type and edit destination; original commands omitted.,exec-dc3a641a-028b-479c-9bfa-36c9668fc995,3256
Coordinator,01a0f2f5-6573-73f0-be42-85c421ef911f,2026-09-30T15:36:34.695000+00:00,2026-09-30T15:36:35.007000+00:00,Analysis,0.3119965693042582,event,Activity classified by event type and edit destination; original commands omitted.,exec-dc3a641a-028b-479c-9bfa-36c9668fc995,3256
Coordinator,01a0f2f5-6573-73f0-be42-85c421ef911f,2026-09-30T15:36:35.007000+00:00,2026-09-30T15:36:37.878000+00:00,Analysis,2.870968149028997,gap assigned to next activity,Activity classified by event type and edit destination; original commands omitted.,rs_0a17f49d6cbd7e7a016abd2c85f48087d29611cf02997c888a,3259
Coordinator,01a0f2f5-6573-73f0-be42-85c421ef911f,2026-09-30T15:36:37.878000+00:00,2026-09-30T15:36:38.762000+00:00,Analysis,0.8839902399594098,event,Activity classified by event type and edit destination; original commands omitted.,rs_0a17f49d6cbd7e7a016abd2c85f48087d29611cf02997c888a,3259
Coordinator,01a0f2f5-6573-73f0-be42-85c421ef911f,2026-09-30T15:36:38.762000+00:00,2026-09-30T15:36:51.330000+00:00,Analysis,12.567860184532519,gap assigned to next activity,Activity classified by event type and edit destination; original commands omitted.,exec-255bc150-902d-4910-8037-a93bcd3e05e2,3263
Coordinator,01a0f2f5-6573-73f0-be42-85c421ef911f,2026-09-30T15:36:51.330000+00:00,2026-09-30T15:36:51.333000+00:00,Analysis,0.002999987644688715,event,Activity classified by event type and edit destination; original commands omitted.,exec-255bc150-902d-4910-8037-a93bcd3e05e2,3263
Coordinator,01a0f2f5-6573-73f0-be42-85c421ef911f,2026-09-30T15:36:51.333000+00:00,2026-09-30T15:36:51.657000+00:00,Analysis,0.3239965198830131,event,Activity classified by event type and edit destination; original commands omitted.,exec-255bc150-902d-4910-8037-a93bcd3e05e2,3263
Coordinator,01a0f2f5-6573-73f0-be42-85c421ef911f,2026-09-30T15:36:51.657000+00:00,2026-09-30T15:36:51.666000+00:00,Environment and operational integration,0.008999724518136345,event,Activity classified by event type and edit destination; original commands omitted.,exec-b8027782-631c-47ad-a28d-c6da5f97dd10,3264
Coordinator,01a0f2f5-6573-73f0-be42-85c421ef911f,2026-09-30T15:36:51.666000+00:00,2026-09-30T15:36:53.923000+00:00,Analysis,2.256975128180063,gap assigned to next activity,Activity classified by event type and edit destination; original commands omitted.,rs_0a17f49d6cbd7e7a016abd2c95ffcc87d285419fa686adb545,3267
Coordinator,01a0f2f5-6573-73f0-be42-85c421ef911f,2026-09-30T15:36:53.923000+00:00,2026-09-30T15:36:58.073000+00:00,Analysis,4.149953742270644,event,Activity classified by event type and edit destination; original commands omitted.,rs_0a17f49d6cbd7e7a016abd2c95ffcc87d285419fa686adb545,3267
Coordinator,01a0f2f5-6573-73f0-be42-85c421ef911f,2026-09-30T15:36:58.073000+00:00,2026-09-30T15:37:01.434000+00:00,Analysis,3.3609627136998266,gap assigned to next activity,Activity classified by event type and edit destination; original commands omitted.,exec-62a54592-dbca-4cfb-8273-8df785f0f95f,3271
Coordinator,01a0f2f5-6573-73f0-be42-85c421ef911f,2026-09-30T15:37:01.434000+00:00,2026-09-30T15:37:01.751000+00:00,Analysis,0.3169963897681195,event,Activity classified by event type and edit destination; original commands omitted.,exec-62a54592-dbca-4cfb-8273-8df785f0f95f,3271
Coordinator,01a0f2f5-6573-73f0-be42-85c421ef911f,2026-09-30T15:37:01.751000+00:00,2026-09-30T15:37:05.307000+00:00,Analysis,3.5559604801090146,gap assigned to next activity,Activity classified by event type and edit destination; original commands omitted.,rs_0a17f49d6cbd7e7a016abd2ca1627887d2959823ad131538be,3274
Coordinator,01a0f2f5-6573-73f0-be42-85c421ef911f,2026-09-30T15:37:05.307000+00:00,2026-09-30T15:37:08.151000+00:00,Analysis,2.8439684986427287,event,Activity classified by event type and edit destination; original commands omitted.,rs_0a17f49d6cbd7e7a016abd2ca1627887d2959823ad131538be,3274
Coordinator,01a0f2f5-6573-73f0-be42-85c421ef911f,2026-09-30T15:37:08.151000+00:00,2026-09-30T15:37:08.161000+00:00,Communication and follow-up,0.00999987934365245,gap assigned to next activity,Activity classified by event type and edit destination; original commands omitted.,msg_0a17f49d6cbd7e7a016abd2ca43c2887d2a74a1e6bebde4327,3276
Coordinator,01a0f2f5-6573-73f0-be42-85c421ef911f,2026-09-30T15:37:08.161000+00:00,2026-09-30T15:37:10.267000+00:00,Communication and follow-up,2.1059765447838306,event,Activity classified by event type and edit destination; original commands omitted.,msg_0a17f49d6cbd7e7a016abd2ca43c2887d2a74a1e6bebde4327,3276
Coordinator,01a0f2f5-6573-73f0-be42-85c421ef911f,2026-09-30T15:37:10.267000+00:00,2026-09-30T15:37:18.728000+00:00,Analysis,8.460905947281171,gap assigned to next activity,Activity classified by event type and edit destination; original commands omitted.,exec-b3091695-7cd0-4ed6-8dc4-1fabb783948d,3280
Coordinator,01a0f2f5-6573-73f0-be42-85c421ef911f,2026-09-30T15:37:18.728000+00:00,2026-09-30T15:37:19.055000+00:00,Analysis,0.32699650752770176,event,Activity classified by event type and edit destination; original commands omitted.,exec-b3091695-7cd0-4ed6-8dc4-1fabb783948d,3280
Coordinator,01a0f2f5-6573-73f0-be42-85c421ef911f,2026-09-30T15:37:19.055000+00:00,2026-09-30T15:37:23.376000+00:00,Analysis,4.320951845938252,gap assigned to next activity,Activity classified by event type and edit destination; original commands omitted.,rs_0a17f49d6cbd7e7a016abd2cb374a087d2902e8859c1d4b184,3283
Coordinator,01a0f2f5-6573-73f0-be42-85c421ef911f,2026-09-30T15:37:23.376000+00:00,2026-09-30T15:37:26.053000+00:00,Analysis,2.6769702990293958,event,Activity classified by event type and edit destination; original commands omitted.,rs_0a17f49d6cbd7e7a016abd2cb374a087d2902e8859c1d4b184,3283
Coordinator,01a0f2f5-6573-73f0-be42-85c421ef911f,2026-09-30T15:37:26.053000+00:00,2026-09-30T15:37:31.664000+00:00,Analysis,5.610937711764996,gap assigned to next activity,Activity classified by event type and edit destination; original commands omitted.,exec-32346cc9-efe8-4659-92f2-543566f56a16,3287
Coordinator,01a0f2f5-6573-73f0-be42-85c421ef911f,2026-09-30T15:37:31.664000+00:00,2026-09-30T15:37:31.989000+00:00,Analysis,0.32499643629259933,event,Activity classified by event type and edit destination; original commands omitted.,exec-32346cc9-efe8-4659-92f2-543566f56a16,3287
Coordinator,01a0f2f5-6573-73f0-be42-85c421ef911f,2026-09-30T15:37:31.989000+00:00,2026-09-30T15:37:34.574000+00:00,Analysis,2.5849710752854915,gap assigned to next activity,Activity classified by event type and edit destination; original commands omitted.,rs_0a17f49d6cbd7e7a016abd2cbea5ac87d2aa6e329092f748e3,3290
Coordinator,01a0f2f5-6573-73f0-be42-85c421ef911f,2026-09-30T15:37:34.574000+00:00,2026-09-30T15:37:50.283000+00:00,Analysis,15.70882555267199,event,Activity classified by event type and edit destination; original commands omitted.,rs_0a17f49d6cbd7e7a016abd2cbea5ac87d2aa6e329092f748e3,3290
Coordinator,01a0f2f5-6573-73f0-be42-85c421ef911f,2026-09-30T15:37:50.283000+00:00,2026-09-30T15:37:55.118000+00:00,Analysis,4.834946311766592,gap assigned to next activity,Activity classified by event type and edit destination; original commands omitted.,exec-6f27dc98-2b12-4e52-86ec-f754a6cf895b,3294
Coordinator,01a0f2f5-6573-73f0-be42-85c421ef911f,2026-09-30T15:37:55.118000+00:00,2026-09-30T15:37:55.431000+00:00,Analysis,0.3129964857138445,event,Activity classified by event type and edit destination; original commands omitted.,exec-6f27dc98-2b12-4e52-86ec-f754a6cf895b,3294
Coordinator,01a0f2f5-6573-73f0-be42-85c421ef911f,2026-09-30T15:37:55.431000+00:00,2026-09-30T15:37:57.646000+00:00,Analysis,2.2149753011544213,gap assigned to next activity,Activity classified by event type and edit destination; original commands omitted.,rs_0a17f49d6cbd7e7a016abd2cd5b55887d28e5bae29c2a398fa,3297
Coordinator,01a0f2f5-6573-73f0-be42-85c421ef911f,2026-09-30T15:37:57.646000+00:00,2026-09-30T15:38:01.722000+00:00,Analysis,4.075954682810802,event,Activity classified by event type and edit destination; original commands omitted.,rs_0a17f49d6cbd7e7a016abd2cd5b55887d28e5bae29c2a398fa,3297
Coordinator,01a0f2f5-6573-73f0-be42-85c421ef911f,2026-09-30T15:38:01.722000+00:00,2026-09-30T15:38:15.913000+00:00,Analysis,14.190842533176342,gap assigned to next activity,Activity classified by event type and edit destination; original commands omitted.,exec-5ee9440e-9ec6-401f-b51c-10b3a2070646,3301
Coordinator,01a0f2f5-6573-73f0-be42-85c421ef911f,2026-09-30T15:38:15.913000+00:00,2026-09-30T15:38:16.340000+00:00,Analysis,0.42699506254829644,event,Activity classified by event type and edit destination; original commands omitted.,exec-5ee9440e-9ec6-401f-b51c-10b3a2070646,3301
Coordinator,01a0f2f5-6573-73f0-be42-85c421ef911f,2026-09-30T15:38:16.340000+00:00,2026-09-30T15:38:18.921000+00:00,Analysis,2.5809714096471468,gap assigned to next activity,Activity classified by event type and edit destination; original commands omitted.,rs_0a17f49d6cbd7e7a016abd2ceaf7fc87d2ab0fba41439b7901,3304
Coordinator,01a0f2f5-6573-73f0-be42-85c421ef911f,2026-09-30T15:38:18.921000+00:00,2026-09-30T15:38:20.778000+00:00,Analysis,1.8569794776021054,event,Activity classified by event type and edit destination; original commands omitted.,rs_0a17f49d6cbd7e7a016abd2ceaf7fc87d2ab0fba41439b7901,3304
Coordinator,01a0f2f5-6573-73f0-be42-85c421ef911f,2026-09-30T15:38:20.778000+00:00,2026-09-30T15:38:24.834000+00:00,Analysis,4.055954924123497,gap assigned to next activity,Activity classified by event type and edit destination; original commands omitted.,exec-35341dfb-751a-4975-83bb-93e8ba251689,3308
Coordinator,01a0f2f5-6573-73f0-be42-85c421ef911f,2026-09-30T15:38:24.834000+00:00,2026-09-30T15:38:25.130000+00:00,Analysis,0.2959967146712283,event,Activity classified by event type and edit destination; original commands omitted.,exec-35341dfb-751a-4975-83bb-93e8ba251689,3308
Coordinator,01a0f2f5-6573-73f0-be42-85c421ef911f,2026-09-30T15:38:25.130000+00:00,2026-09-30T15:38:28.835000+00:00,Analysis,3.704958753854215,gap assigned to next activity,Activity classified by event type and edit destination; original commands omitted.,rs_0a17f49d6cbd7e7a016abd2cf4ea5087d2965fb7ba07def7fa,3311
Coordinator,01a0f2f5-6573-73f0-be42-85c421ef911f,2026-09-30T15:38:28.835000+00:00,2026-09-30T15:38:29.895000+00:00,Analysis,1.059988164090879,event,Activity classified by event type and edit destination; original commands omitted.,rs_0a17f49d6cbd7e7a016abd2cf4ea5087d2965fb7ba07def7fa,3311
Coordinator,01a0f2f5-6573-73f0-be42-85c421ef911f,2026-09-30T15:38:29.895000+00:00,2026-09-30T15:38:34.551000+00:00,Analysis,4.655948399990433,gap assigned to next activity,Activity classified by event type and edit destination; original commands omitted.,exec-87b78286-37db-4251-b7f9-bdb804ce9bb8,3315
Coordinator,01a0f2f5-6573-73f0-be42-85c421ef911f,2026-09-30T15:38:34.551000+00:00,2026-09-30T15:38:34.852000+00:00,Analysis,0.3009965351350896,event,Activity classified by event type and edit destination; original commands omitted.,exec-87b78286-37db-4251-b7f9-bdb804ce9bb8,3315
Coordinator,01a0f2f5-6573-73f0-be42-85c421ef911f,2026-09-30T15:38:34.852000+00:00,2026-09-30T15:38:34.856000+00:00,Context compaction,0.00399990405427502,gap assigned to next activity,Activity classified by event type and edit destination; original commands omitted.,01a0f2f7-b3e8-7642-b68c-e8790d0d1ac8,3324
Coordinator,01a0f2f5-6573-73f0-be42-85c421ef911f,2026-09-30T15:38:34.856000+00:00,2026-09-30T15:41:50.674000+00:00,Context compaction,195.81582415425615,event,Activity classified by event type and edit destination; original commands omitted.,01a0f2f7-b3e8-7642-b68c-e8790d0d1ac8,3324
Coordinator,01a0f2f5-6573-73f0-be42-85c421ef911f,2026-09-30T15:41:50.674000+00:00,2026-09-30T15:41:58.340000+00:00,Analysis,7.665914705005049,gap assigned to next activity,Activity classified by event type and edit destination; original commands omitted.,exec-b2661762-5b8d-490c-b6eb-64ff41983430,3327
Coordinator,01a0f2f5-6573-73f0-be42-85c421ef911f,2026-09-30T15:41:58.340000+00:00,2026-09-30T15:41:58.623000+00:00,Analysis,0.28299684768288713,event,Activity classified by event type and edit destination; original commands omitted.,exec-b2661762-5b8d-490c-b6eb-64ff41983430,3327
Coordinator,01a0f2f5-6573-73f0-be42-85c421ef911f,2026-09-30T15:41:58.623000+00:00,2026-09-30T15:42:03.219000+00:00,Analysis,4.595949123928519,gap assigned to next activity,Activity classified by event type and edit destination; original commands omitted.,rs_0a17f49d6cbd7e7a016abd2dcb4e5887d280644794107feaca,3330
Coordinator,01a0f2f5-6573-73f0-be42-85c421ef911f,2026-09-30T15:42:03.219000+00:00,2026-09-30T15:42:05.412000+00:00,Analysis,2.192975471232014,event,Activity classified by event type and edit destination; original commands omitted.,rs_0a17f49d6cbd7e7a016abd2dcb4e5887d280644794107feaca,3330
Coordinator,01a0f2f5-6573-73f0-be42-85c421ef911f,2026-09-30T15:42:05.412000+00:00,2026-09-30T15:42:11.644000+00:00,Analysis,6.231930862728824,gap assigned to next activity,Activity classified by event type and edit destination; original commands omitted.,exec-c81bc59a-a87a-459f-83e2-11ac3c9acb38,3334
Coordinator,01a0f2f5-6573-73f0-be42-85c421ef911f,2026-09-30T15:42:11.644000+00:00,2026-09-30T15:42:11.908000+00:00,Analysis,0.2639970054051685,event,Activity classified by event type and edit destination; original commands omitted.,exec-c81bc59a-a87a-459f-83e2-11ac3c9acb38,3334
Coordinator,01a0f2f5-6573-73f0-be42-85c421ef911f,2026-09-30T15:42:11.908000+00:00,2026-09-30T15:42:13.519000+00:00,Analysis,1.6109821596491394,gap assigned to next activity,Activity classified by event type and edit destination; original commands omitted.,rs_0a17f49d6cbd7e7a016abd2dd59b5887d292e24bc43ebdebcd,3337
Coordinator,01a0f2f5-6573-73f0-be42-85c421ef911f,2026-09-30T15:42:13.519000+00:00,2026-09-30T15:42:14.690000+00:00,Analysis,1.170986991696572,event,Activity classified by event type and edit destination; original commands omitted.,rs_0a17f49d6cbd7e7a016abd2dd59b5887d292e24bc43ebdebcd,3337
Coordinator,01a0f2f5-6573-73f0-be42-85c421ef911f,2026-09-30T15:42:14.690000+00:00,2026-09-30T15:42:25.910000+00:00,Analysis,11.21987535229489,gap assigned to next activity,Activity classified by event type and edit destination; original commands omitted.,exec-5ec2239b-27af-475b-80f2-4521d5db8a40,3345
Coordinator,01a0f2f5-6573-73f0-be42-85c421ef911f,2026-09-30T15:42:25.910000+00:00,2026-09-30T15:42:26.195000+00:00,Analysis,0.28499668050205973,event,Activity classified by event type and edit destination; original commands omitted.,exec-5ec2239b-27af-475b-80f2-4521d5db8a40,3345
Coordinator,01a0f2f5-6573-73f0-be42-85c421ef911f,2026-09-30T15:42:26.195000+00:00,2026-09-30T15:42:28.495000+00:00,Analysis,2.299974394783432,gap assigned to next activity,Activity classified by event type and edit destination; original commands omitted.,rs_0a17f49d6cbd7e7a016abd2de4956487d2a277824aa749db9b,3348
Coordinator,01a0f2f5-6573-73f0-be42-85c421ef911f,2026-09-30T15:42:28.495000+00:00,2026-09-30T15:42:29.003000+00:00,Analysis,0.5079944905389621,event,Activity classified by event type and edit destination; original commands omitted.,rs_0a17f49d6cbd7e7a016abd2de4956487d2a277824aa749db9b,3348
Coordinator,01a0f2f5-6573-73f0-be42-85c421ef911f,2026-09-30T15:42:29.003000+00:00,2026-09-30T15:42:29.010000+00:00,Communication and follow-up,0.006999891698963735,gap assigned to next activity,Activity classified by event type and edit destination; original commands omitted.,msg_0a17f49d6cbd7e7a016abd2de5182c87d2b46c289749f56c0b,3350
Coordinator,01a0f2f5-6573-73f0-be42-85c421ef911f,2026-09-30T15:42:29.010000+00:00,2026-09-30T15:42:30.679000+00:00,Communication and follow-up,1.6689813644759517,event,Activity classified by event type and edit destination; original commands omitted.,msg_0a17f49d6cbd7e7a016abd2de5182c87d2b46c289749f56c0b,3350
Coordinator,01a0f2f5-6573-73f0-be42-85c421ef911f,2026-09-30T15:42:30.679000+00:00,2026-09-30T15:42:37.485000+00:00,Analysis,6.805924366203148,gap assigned to next activity,Activity classified by event type and edit destination; original commands omitted.,exec-562f3801-dac2-49c6-8129-49950f03d627,3354
Coordinator,01a0f2f5-6573-73f0-be42-85c421ef911f,2026-09-30T15:42:37.485000+00:00,2026-09-30T15:42:37.756000+00:00,Analysis,0.27099713552006205,event,Activity classified by event type and edit destination; original commands omitted.,exec-562f3801-dac2-49c6-8129-49950f03d627,3354
Coordinator,01a0f2f5-6573-73f0-be42-85c421ef911f,2026-09-30T15:42:37.756000+00:00,2026-09-30T15:42:39.837000+00:00,Analysis,2.080976727216734,gap assigned to next activity,Activity classified by event type and edit destination; original commands omitted.,rs_0a17f49d6cbd7e7a016abd2defece087d2ad1d72ae2420eddb,3357
Coordinator,01a0f2f5-6573-73f0-be42-85c421ef911f,2026-09-30T15:42:39.837000+00:00,2026-09-30T15:42:40.721000+00:00,Analysis,0.8839902399594098,event,Activity classified by event type and edit destination; original commands omitted.,rs_0a17f49d6cbd7e7a016abd2defece087d2ad1d72ae2420eddb,3357
Coordinator,01a0f2f5-6573-73f0-be42-85c421ef911f,2026-09-30T15:42:40.721000+00:00,2026-09-30T15:42:45.121000+00:00,Analysis,4.399951202693815,gap assigned to next activity,Activity classified by event type and edit destination; original commands omitted.,exec-c548b229-0264-4025-8b49-e77aa74524e5,3361
Coordinator,01a0f2f5-6573-73f0-be42-85c421ef911f,2026-09-30T15:42:45.121000+00:00,2026-09-30T15:42:45.403000+00:00,Analysis,0.28199693127330083,event,Activity classified by event type and edit destination; original commands omitted.,exec-c548b229-0264-4025-8b49-e77aa74524e5,3361
Coordinator,01a0f2f5-6573-73f0-be42-85c421ef911f,2026-09-30T15:42:45.403000+00:00,2026-09-30T15:42:47.177000+00:00,Analysis,1.7739802167922674,gap assigned to next activity,Activity classified by event type and edit destination; original commands omitted.,rs_0a17f49d6cbd7e7a016abd2df743f487d2805cda973743e243,3364
Coordinator,01a0f2f5-6573-73f0-be42-85c421ef911f,2026-09-30T15:42:47.177000+00:00,2026-09-30T15:42:48.830000+00:00,Analysis,1.652981509842922,event,Activity classified by event type and edit destination; original commands omitted.,rs_0a17f49d6cbd7e7a016abd2df743f487d2805cda973743e243,3364
Coordinator,01a0f2f5-6573-73f0-be42-85c421ef911f,2026-09-30T15:42:48.830000+00:00,2026-09-30T15:42:53.236000+00:00,Analysis,4.405951177983192,gap assigned to next activity,Activity classified by event type and edit destination; original commands omitted.,exec-63db73ca-b86c-4e87-8dfd-1940c59b0c52,3368
Coordinator,01a0f2f5-6573-73f0-be42-85c421ef911f,2026-09-30T15:42:53.236000+00:00,2026-09-30T15:42:53.525000+00:00,Analysis,0.2889968229722646,event,Activity classified by event type and edit destination; original commands omitted.,exec-63db73ca-b86c-4e87-8dfd-1940c59b0c52,3368
Coordinator,01a0f2f5-6573-73f0-be42-85c421ef911f,2026-09-30T15:42:53.525000+00:00,2026-09-30T15:42:55.398000+00:00,Analysis,1.8729790938192057,gap assigned to next activity,Activity classified by event type and edit destination; original commands omitted.,rs_0a17f49d6cbd7e7a016abd2dff7c3c87d2879fdcffaa7ae6da,3371
Coordinator,01a0f2f5-6573-73f0-be42-85c421ef911f,2026-09-30T15:42:55.398000+00:00,2026-09-30T15:43:00.817000+00:00,Analysis,5.418939694584568,event,Activity classified by event type and edit destination; original commands omitted.,rs_0a17f49d6cbd7e7a016abd2dff7c3c87d2879fdcffaa7ae6da,3371
Coordinator,01a0f2f5-6573-73f0-be42-85c421ef911f,2026-09-30T15:43:00.817000+00:00,2026-09-30T15:43:59.173000+00:00,Documentation,58.355351734829,gap assigned to next activity,Activity classified by event type and edit destination; original commands omitted.,exec-0dfc09bf-14cd-4acf-a905-d41da5861f98,3374
Coordinator,01a0f2f5-6573-73f0-be42-85c421ef911f,2026-09-30T15:43:59.173000+00:00,2026-09-30T15:43:59.195000+00:00,Documentation,0.02199959150647751,event,Activity classified by event type and edit destination; original commands omitted.,exec-0dfc09bf-14cd-4acf-a905-d41da5861f98,3374
Coordinator,01a0f2f5-6573-73f0-be42-85c421ef911f,2026-09-30T15:43:59.195000+00:00,2026-09-30T15:43:59.353000+00:00,Documentation,0.1579982366792666,gap assigned to next activity,Activity classified by event type and edit destination; original commands omitted.,exec-cb9642c8-d982-47aa-909b-208cf9aafe55,3376
Coordinator,01a0f2f5-6573-73f0-be42-85c421ef911f,2026-09-30T15:43:59.353000+00:00,2026-09-30T15:43:59.721000+00:00,Documentation,0.3679959413118979,event,Activity classified by event type and edit destination; original commands omitted.,exec-cb9642c8-d982-47aa-909b-208cf9aafe55,3376
Coordinator,01a0f2f5-6573-73f0-be42-85c421ef911f,2026-09-30T15:43:59.721000+00:00,2026-09-30T15:44:13.808000+00:00,Communication and follow-up,14.086843597269613,gap assigned to next activity,Activity classified by event type and edit destination; original commands omitted.,call_uSiO1GKY24u8MH6SgvswVtoe,3380
Coordinator,01a0f2f5-6573-73f0-be42-85c421ef911f,2026-09-30T15:44:13.808000+00:00,2026-09-30T15:44:29.223000+00:00,Communication and follow-up,15.414828670819935,gap assigned to next activity,Activity classified by event type and edit destination; original commands omitted.,call_n2xSxCKLJo4SOAOjXa5PljgQ,3386
Coordinator,01a0f2f5-6573-73f0-be42-85c421ef911f,2026-09-30T15:44:29.223000+00:00,2026-09-30T15:44:31.881000+00:00,Analysis,2.6579704567516775,gap assigned to next activity,Activity classified by event type and edit destination; original commands omitted.,rs_0a17f49d6cbd7e7a016abd2e5ff62087d2a506de22150645fa,3391
Coordinator,01a0f2f5-6573-73f0-be42-85c421ef911f,2026-09-30T15:44:31.881000+00:00,2026-09-30T15:44:32.802000+00:00,Analysis,0.920989769689331,event,Activity classified by event type and edit destination; original commands omitted.,rs_0a17f49d6cbd7e7a016abd2e5ff62087d2a506de22150645fa,3391
Coordinator,01a0f2f5-6573-73f0-be42-85c421ef911f,2026-09-30T15:44:32.802000+00:00,2026-09-30T15:44:32.804000+00:00,Communication and follow-up,0.001999832819172609,gap assigned to next activity,Activity classified by event type and edit destination; original commands omitted.,msg_0a17f49d6cbd7e7a016abd2e60e53087d2a5088c3b6c82b5c7,3393
Coordinator,01a0f2f5-6573-73f0-be42-85c421ef911f,2026-09-30T15:44:32.804000+00:00,2026-09-30T15:44:34.499000+00:00,Communication and follow-up,1.694981336868564,event,Activity classified by event type and edit destination; original commands omitted.,msg_0a17f49d6cbd7e7a016abd2e60e53087d2a5088c3b6c82b5c7,3393
Coordinator,01a0f2f5-6573-73f0-be42-85c421ef911f,2026-09-30T15:44:34.499000+00:00,2026-09-30T15:44:38.935000+00:00,Analysis,4.435950577598219,gap assigned to next activity,Activity classified by event type and edit destination; original commands omitted.,exec-ab6454f1-2f98-4fe9-beb8-bee5260ad320,3397
Coordinator,01a0f2f5-6573-73f0-be42-85c421ef911f,2026-09-30T15:44:38.935000+00:00,2026-09-30T15:44:39.215000+00:00,Analysis,0.2799968600381984,event,Activity classified by event type and edit destination; original commands omitted.,exec-ab6454f1-2f98-4fe9-beb8-bee5260ad320,3397
Coordinator,01a0f2f5-6573-73f0-be42-85c421ef911f,2026-09-30T15:44:39.215000+00:00,2026-09-30T15:44:41.249000+00:00,Analysis,2.0339775565590905,gap assigned to next activity,Activity classified by event type and edit destination; original commands omitted.,rs_0a17f49d6cbd7e7a016abd2e69539087d299e6d570ae57da0b,3400
Coordinator,01a0f2f5-6573-73f0-be42-85c421ef911f,2026-09-30T15:44:41.249000+00:00,2026-09-30T15:44:42.630000+00:00,Analysis,1.3809846963292032,event,Activity classified by event type and edit destination; original commands omitted.,rs_0a17f49d6cbd7e7a016abd2e69539087d299e6d570ae57da0b,3400
Coordinator,01a0f2f5-6573-73f0-be42-85c421ef911f,2026-09-30T15:44:42.630000+00:00,2026-09-30T15:44:49.952000+00:00,Analysis,7.32191842643473,gap assigned to next activity,Activity classified by event type and edit destination; original commands omitted.,exec-80c64316-91a8-4baa-997d-26e1a6752954,3404
Coordinator,01a0f2f5-6573-73f0-be42-85c421ef911f,2026-09-30T15:44:49.952000+00:00,2026-09-30T15:44:50.233000+00:00,Analysis,0.28099701486371453,event,Activity classified by event type and edit destination; original commands omitted.,exec-80c64316-91a8-4baa-997d-26e1a6752954,3404
Coordinator,01a0f2f5-6573-73f0-be42-85c421ef911f,2026-09-30T15:44:50.233000+00:00,2026-09-30T15:44:53.510000+00:00,Analysis,3.2769635364804026,gap assigned to next activity,Activity classified by event type and edit destination; original commands omitted.,rs_0a17f49d6cbd7e7a016abd2e7599b887d29380312e1a8d91f7,3407
Coordinator,01a0f2f5-6573-73f0-be42-85c421ef911f,2026-09-30T15:44:53.510000+00:00,2026-09-30T15:44:55.037000+00:00,Analysis,1.526982982429715,event,Activity classified by event type and edit destination; original commands omitted.,rs_0a17f49d6cbd7e7a016abd2e7599b887d29380312e1a8d91f7,3407
Coordinator,01a0f2f5-6573-73f0-be42-85c421ef911f,2026-09-30T15:44:55.037000+00:00,2026-09-30T15:45:45.212000+00:00,Documentation,50.1744424091701,gap assigned to next activity,Activity classified by event type and edit destination; original commands omitted.,exec-7e946f43-b7ac-4c32-8609-a8a195ed921c,3411
Coordinator,01a0f2f5-6573-73f0-be42-85c421ef911f,2026-09-30T15:45:45.212000+00:00,2026-09-30T15:45:45.502000+00:00,Documentation,0.28999697779778066,event,Activity classified by event type and edit destination; original commands omitted.,exec-7e946f43-b7ac-4c32-8609-a8a195ed921c,3411
Coordinator,01a0f2f5-6573-73f0-be42-85c421ef911f,2026-09-30T15:45:45.502000+00:00,2026-09-30T15:45:50.296000+00:00,Analysis,4.793946639566465,gap assigned to next activity,Activity classified by event type and edit destination; original commands omitted.,rs_0a17f49d6cbd7e7a016abd2eae551087d2b6cb816263ca800c,3416
Coordinator,01a0f2f5-6573-73f0-be42-85c421ef911f,2026-09-30T15:45:50.296000+00:00,2026-09-30T15:45:56.105000+00:00,Analysis,5.808935465818873,event,Activity classified by event type and edit destination; original commands omitted.,rs_0a17f49d6cbd7e7a016abd2eae551087d2b6cb816263ca800c,3416
Coordinator,01a0f2f5-6573-73f0-be42-85c421ef911f,2026-09-30T15:45:56.105000+00:00,2026-09-30T15:46:01.721000+00:00,Analysis,5.615937532228858,gap assigned to next activity,Activity classified by event type and edit destination; original commands omitted.,exec-97acafd6-992c-4d80-9f3b-ddc850e10c88,3420
Coordinator,01a0f2f5-6573-73f0-be42-85c421ef911f,2026-09-30T15:46:01.721000+00:00,2026-09-30T15:46:02.007000+00:00,Analysis,0.2859968353275758,event,Activity classified by event type and edit destination; original commands omitted.,exec-97acafd6-992c-4d80-9f3b-ddc850e10c88,3420
Coordinator,01a0f2f5-6573-73f0-be42-85c421ef911f,2026-09-30T15:46:02.007000+00:00,2026-09-30T15:46:04.835000+00:00,Analysis,2.8279686440096987,gap assigned to next activity,Activity classified by event type and edit destination; original commands omitted.,rs_0a17f49d6cbd7e7a016abd2ebcebe487d28793c9005a874121,3423
Coordinator,01a0f2f5-6573-73f0-be42-85c421ef911f,2026-09-30T15:46:04.835000+00:00,2026-09-30T15:46:06.953000+00:00,Analysis,2.1179764953625853,event,Activity classified by event type and edit destination; original commands omitted.,rs_0a17f49d6cbd7e7a016abd2ebcebe487d28793c9005a874121,3423
Coordinator,01a0f2f5-6573-73f0-be42-85c421ef911f,2026-09-30T15:46:06.953000+00:00,2026-09-30T15:46:08.851000+00:00,Communication and follow-up,1.8979789113863017,gap assigned to next activity,Activity classified by event type and edit destination; original commands omitted.,call_wmFDnQCUMy65IDzJyB6yhNfO,3426
Coordinator,01a0f2f5-6573-73f0-be42-85c421ef911f,2026-09-30T15:46:08.851000+00:00,2026-09-30T15:46:10.793000+00:00,Analysis,1.9419783328151863,gap assigned to next activity,Activity classified by event type and edit destination; original commands omitted.,rs_0a17f49d6cbd7e7a016abd2ec2e1a087d2a28e96fbd387e7a9,3430
Coordinator,01a0f2f5-6573-73f0-be42-85c421ef911f,2026-09-30T15:46:10.793000+00:00,2026-09-30T15:46:15.235000+00:00,Analysis,4.441950552887597,event,Activity classified by event type and edit destination; original commands omitted.,rs_0a17f49d6cbd7e7a016abd2ec2e1a087d2a28e96fbd387e7a9,3430
Coordinator,01a0f2f5-6573-73f0-be42-85c421ef911f,2026-09-30T15:46:15.235000+00:00,2026-09-30T15:46:20.250000+00:00,Analysis,5.014944378368265,gap assigned to next activity,Activity classified by event type and edit destination; original commands omitted.,exec-7fa40207-5a05-4ae6-b295-344d8e1200a7,3434
Coordinator,01a0f2f5-6573-73f0-be42-85c421ef911f,2026-09-30T15:46:20.250000+00:00,2026-09-30T15:46:20.550000+00:00,Analysis,0.2999966187255033,event,Activity classified by event type and edit destination; original commands omitted.,exec-7fa40207-5a05-4ae6-b295-344d8e1200a7,3434
Coordinator,01a0f2f5-6573-73f0-be42-85c421ef911f,2026-09-30T15:46:20.550000+00:00,2026-09-30T15:46:22.723000+00:00,Analysis,2.172975950960639,gap assigned to next activity,Activity classified by event type and edit destination; original commands omitted.,rs_0a17f49d6cbd7e7a016abd2ececfc087d2944aa4ed840d1d21,3437
Coordinator,01a0f2f5-6573-73f0-be42-85c421ef911f,2026-09-30T15:46:22.723000+00:00,2026-09-30T15:46:25.917000+00:00,Analysis,3.193964514086494,event,Activity classified by event type and edit destination; original commands omitted.,rs_0a17f49d6cbd7e7a016abd2ececfc087d2944aa4ed840d1d21,3437
Coordinator,01a0f2f5-6573-73f0-be42-85c421ef911f,2026-09-30T15:46:25.917000+00:00,2026-09-30T15:46:39.639000+00:00,Documentation,13.721847405186473,gap assigned to next activity,Activity classified by event type and edit destination; original commands omitted.,exec-91bc71e6-f10b-4df6-8e91-68efcd5f33f6,3441
Coordinator,01a0f2f5-6573-73f0-be42-85c421ef911f,2026-09-30T15:46:39.639000+00:00,2026-09-30T15:46:39.919000+00:00,Documentation,0.2799968600381984,event,Activity classified by event type and edit destination; original commands omitted.,exec-91bc71e6-f10b-4df6-8e91-68efcd5f33f6,3441
Coordinator,01a0f2f5-6573-73f0-be42-85c421ef911f,2026-09-30T15:46:39.919000+00:00,2026-09-30T15:46:43.124000+00:00,Analysis,3.2049645482556626,gap assigned to next activity,Activity classified by event type and edit destination; original commands omitted.,rs_0a17f49d6cbd7e7a016abd2ee336b487d2a1a903660ed31c2f,3444
Coordinator,01a0f2f5-6573-73f0-be42-85c421ef911f,2026-09-30T15:46:43.124000+00:00,2026-09-30T15:46:46.774000+00:00,Analysis,3.649959298256162,event,Activity classified by event type and edit destination; original commands omitted.,rs_0a17f49d6cbd7e7a016abd2ee336b487d2a1a903660ed31c2f,3444
Coordinator,01a0f2f5-6573-73f0-be42-85c421ef911f,2026-09-30T15:46:46.774000+00:00,2026-09-30T15:46:49.661000+00:00,Communication and follow-up,2.886968003662027,gap assigned to next activity,Activity classified by event type and edit destination; original commands omitted.,call_FtuCP5yvNsKTCDW2lnzlN8aY,3447
Coordinator,01a0f2f5-6573-73f0-be42-85c421ef911f,2026-09-30T15:46:49.661000+00:00,2026-09-30T15:46:51.633000+00:00,Technical diagnosis,1.9719779708461438,gap assigned to next activity,Activity classified by event type and edit destination; original commands omitted.,rs_0a17f49d6cbd7e7a016abd2eebb87487d28c6654e8a65533dc,3451
Coordinator,01a0f2f5-6573-73f0-be42-85c421ef911f,2026-09-30T15:46:51.633000+00:00,2026-09-30T15:46:56.061000+00:00,Technical diagnosis,4.427951007905599,event,Activity classified by event type and edit destination; original commands omitted.,rs_0a17f49d6cbd7e7a016abd2eebb87487d28c6654e8a65533dc,3451
Coordinator,01a0f2f5-6573-73f0-be42-85c421ef911f,2026-09-30T15:46:56.061000+00:00,2026-09-30T15:47:01.480000+00:00,Technical diagnosis,5.418939694584568,gap assigned to next activity,Activity classified by event type and edit destination; original commands omitted.,exec-7771f5d3-6db6-453c-9cb1-c1709d3c45a5,3455
Coordinator,01a0f2f5-6573-73f0-be42-85c421ef911f,2026-09-30T15:47:01.480000+00:00,2026-09-30T15:47:01.852000+00:00,Technical diagnosis,0.37199584536617286,event,Activity classified by event type and edit destination; original commands omitted.,exec-7771f5d3-6db6-453c-9cb1-c1709d3c45a5,3455
Coordinator,01a0f2f5-6573-73f0-be42-85c421ef911f,2026-09-30T15:47:01.852000+00:00,2026-09-30T15:47:03.616000+00:00,Analysis,1.763980337448615,gap assigned to next activity,Activity classified by event type and edit destination; original commands omitted.,rs_0a17f49d6cbd7e7a016abd2ef7b4e087d2b452e99e64e5f832,3458
Coordinator,01a0f2f5-6573-73f0-be42-85c421ef911f,2026-09-30T15:47:03.616000+00:00,2026-09-30T15:47:13.918000+00:00,Analysis,10.30188557025025,event,Activity classified by event type and edit destination; original commands omitted.,rs_0a17f49d6cbd7e7a016abd2ef7b4e087d2b452e99e64e5f832,3458
Coordinator,01a0f2f5-6573-73f0-be42-85c421ef911f,2026-09-30T15:47:13.918000+00:00,2026-09-30T15:47:19.453000+00:00,Environment and operational integration,5.534938581070052,gap assigned to next activity,Activity classified by event type and edit destination; original commands omitted.,exec-74ad1009-9c56-4556-89b9-fa417e543328,3462
Coordinator,01a0f2f5-6573-73f0-be42-85c421ef911f,2026-09-30T15:47:19.453000+00:00,2026-09-30T15:47:19.843000+00:00,Environment and operational integration,0.3899955328183754,event,Activity classified by event type and edit destination; original commands omitted.,exec-74ad1009-9c56-4556-89b9-fa417e543328,3462
Coordinator,01a0f2f5-6573-73f0-be42-85c421ef911f,2026-09-30T15:47:19.843000+00:00,2026-09-30T15:47:21.666000+00:00,Analysis,1.8229796971009433,gap assigned to next activity,Activity classified by event type and edit destination; original commands omitted.,rs_0a17f49d6cbd7e7a016abd2f09c0c487d2afb2efe9b7389934,3467
Coordinator,01a0f2f5-6573-73f0-be42-85c421ef911f,2026-09-30T15:47:21.666000+00:00,2026-09-30T15:47:22.804000+00:00,Analysis,1.1379873660209259,event,Activity classified by event type and edit destination; original commands omitted.,rs_0a17f49d6cbd7e7a016abd2f09c0c487d2afb2efe9b7389934,3467
Coordinator,01a0f2f5-6573-73f0-be42-85c421ef911f,2026-09-30T15:47:22.804000+00:00,2026-09-30T15:47:22.811000+00:00,Communication and follow-up,0.007000130114893537,gap assigned to next activity,Activity classified by event type and edit destination; original commands omitted.,msg_0a17f49d6cbd7e7a016abd2f0ae68c87d28606acb2b2a9829d,3469
Coordinator,01a0f2f5-6573-73f0-be42-85c421ef911f,2026-09-30T15:47:22.811000+00:00,2026-09-30T15:47:24.312000+00:00,Communication and follow-up,1.5009832484530328,event,Activity classified by event type and edit destination; original commands omitted.,msg_0a17f49d6cbd7e7a016abd2f0ae68c87d28606acb2b2a9829d,3469
Coordinator,01a0f2f5-6573-73f0-be42-85c421ef911f,2026-09-30T15:47:24.312000+00:00,2026-09-30T15:47:28.893000+00:00,Environment and operational integration,4.580948947289145,gap assigned to next activity,Activity classified by event type and edit destination; original commands omitted.,exec-5c5589ea-5e96-45da-a77c-efbc0a2f2e5b,3473
Coordinator,01a0f2f5-6573-73f0-be42-85c421ef911f,2026-09-30T15:47:28.893000+00:00,2026-09-30T15:47:29.195000+00:00,Environment and operational integration,0.3019966899606057,event,Activity classified by event type and edit destination; original commands omitted.,exec-5c5589ea-5e96-45da-a77c-efbc0a2f2e5b,3473
Coordinator,01a0f2f5-6573-73f0-be42-85c421ef911f,2026-09-30T15:47:29.195000+00:00,2026-09-30T15:47:33.256000+00:00,Analysis,4.060954983003288,gap assigned to next activity,Activity classified by event type and edit destination; original commands omitted.,rs_0a17f49d6cbd7e7a016abd2f15587c87d29000feef25557394,3476
Coordinator,01a0f2f5-6573-73f0-be42-85c421ef911f,2026-09-30T15:47:33.256000+00:00,2026-09-30T15:47:34.698000+00:00,Analysis,1.4419838888007042,event,Activity classified by event type and edit destination; original commands omitted.,rs_0a17f49d6cbd7e7a016abd2f15587c87d29000feef25557394,3476
Coordinator,01a0f2f5-6573-73f0-be42-85c421ef911f,2026-09-30T15:47:34.698000+00:00,2026-09-30T15:47:39.749000+00:00,Environment and operational integration,5.0509439916886,gap assigned to next activity,Activity classified by event type and edit destination; original commands omitted.,exec-26bfd5f0-6a1c-41cc-ba2a-c86718b56fcc,3480
Coordinator,01a0f2f5-6573-73f0-be42-85c421ef911f,2026-09-30T15:47:39.749000+00:00,2026-09-30T15:47:40.144000+00:00,Environment and operational integration,0.3949955916981665,event,Activity classified by event type and edit destination; original commands omitted.,exec-26bfd5f0-6a1c-41cc-ba2a-c86718b56fcc,3480
Coordinator,01a0f2f5-6573-73f0-be42-85c421ef911f,2026-09-30T15:47:40.144000+00:00,2026-09-30T15:47:42.207000+00:00,Analysis,2.062977039764532,gap assigned to next activity,Activity classified by event type and edit destination; original commands omitted.,rs_0a17f49d6cbd7e7a016abd2f1e4c5087d29118f382515a7e1c,3483
Coordinator,01a0f2f5-6573-73f0-be42-85c421ef911f,2026-09-30T15:47:42.207000+00:00,2026-09-30T15:47:42.775000+00:00,Analysis,0.5679937666008767,event,Activity classified by event type and edit destination; original commands omitted.,rs_0a17f49d6cbd7e7a016abd2f1e4c5087d29118f382515a7e1c,3483
Coordinator,01a0f2f5-6573-73f0-be42-85c421ef911f,2026-09-30T15:47:42.775000+00:00,2026-09-30T15:47:46.753000+00:00,Analysis,3.97795572219345,gap assigned to next activity,Activity classified by event type and edit destination; original commands omitted.,exec-e6361247-d42e-401c-a1b1-0eedb5730d8a,3487
Coordinator,01a0f2f5-6573-73f0-be42-85c421ef911f,2026-09-30T15:47:46.753000+00:00,2026-09-30T15:47:47.118000+00:00,Analysis,0.36499595366720916,event,Activity classified by event type and edit destination; original commands omitted.,exec-e6361247-d42e-401c-a1b1-0eedb5730d8a,3487
Coordinator,01a0f2f5-6573-73f0-be42-85c421ef911f,2026-09-30T15:47:47.118000+00:00,2026-09-30T15:47:50.563000+00:00,Analysis,3.4449616525033213,gap assigned to next activity,Activity classified by event type and edit destination; original commands omitted.,rs_0a17f49d6cbd7e7a016abd2f26a6d887d2bbca0ffd6d296958,3490
Coordinator,01a0f2f5-6573-73f0-be42-85c421ef911f,2026-09-30T15:47:50.563000+00:00,2026-09-30T15:47:56.542000+00:00,Analysis,5.978933653076894,event,Activity classified by event type and edit destination; original commands omitted.,rs_0a17f49d6cbd7e7a016abd2f26a6d887d2bbca0ffd6d296958,3490
Coordinator,01a0f2f5-6573-73f0-be42-85c421ef911f,2026-09-30T15:47:56.542000+00:00,2026-09-30T15:48:01.336000+00:00,Analysis,4.793946639566465,gap assigned to next activity,Activity classified by event type and edit destination; original commands omitted.,exec-7e1d0d55-aaa6-442b-8c55-eefb41b13acb,3494
Coordinator,01a0f2f5-6573-73f0-be42-85c421ef911f,2026-09-30T15:48:01.336000+00:00,2026-09-30T15:48:01.669000+00:00,Analysis,0.3329962444011494,event,Activity classified by event type and edit destination; original commands omitted.,exec-7e1d0d55-aaa6-442b-8c55-eefb41b13acb,3494
Coordinator,01a0f2f5-6573-73f0-be42-85c421ef911f,2026-09-30T15:48:01.669000+00:00,2026-09-30T15:48:03.688000+00:00,Analysis,2.018977618335647,gap assigned to next activity,Activity classified by event type and edit destination; original commands omitted.,rs_0a17f49d6cbd7e7a016abd2f33c7c087d2b5e5b0ecb84e7754,3497
Coordinator,01a0f2f5-6573-73f0-be42-85c421ef911f,2026-09-30T15:48:03.688000+00:00,2026-09-30T15:48:04.850000+00:00,Analysis,1.161987028762506,event,Activity classified by event type and edit destination; original commands omitted.,rs_0a17f49d6cbd7e7a016abd2f33c7c087d2b5e5b0ecb84e7754,3497
Coordinator,01a0f2f5-6573-73f0-be42-85c421ef911f,2026-09-30T15:48:04.850000+00:00,2026-09-30T15:48:12.884000+00:00,Analysis,8.033910884732876,gap assigned to next activity,Activity classified by event type and edit destination; original commands omitted.,exec-24bd63f4-25dd-4db0-99a0-ca316eb6e1d3,3504
Coordinator,01a0f2f5-6573-73f0-be42-85c421ef911f,2026-09-30T15:48:12.884000+00:00,2026-09-30T15:48:13.236000+00:00,Analysis,0.351996086678868,event,Activity classified by event type and edit destination; original commands omitted.,exec-24bd63f4-25dd-4db0-99a0-ca316eb6e1d3,3504
Coordinator,01a0f2f5-6573-73f0-be42-85c421ef911f,2026-09-30T15:48:13.236000+00:00,2026-09-30T15:48:18.374000+00:00,Analysis,5.137942918136782,gap assigned to next activity,Activity classified by event type and edit destination; original commands omitted.,rs_0a17f49d6cbd7e7a016abd2f42763087d299e236b71898b35d,3507
Coordinator,01a0f2f5-6573-73f0-be42-85c421ef911f,2026-09-30T15:48:18.374000+00:00,2026-09-30T15:48:21.950000+00:00,Analysis,3.5759602387963194,event,Activity classified by event type and edit destination; original commands omitted.,rs_0a17f49d6cbd7e7a016abd2f42763087d299e236b71898b35d,3507
Coordinator,01a0f2f5-6573-73f0-be42-85c421ef911f,2026-09-30T15:48:21.950000+00:00,2026-09-30T15:48:24.672000+00:00,Communication and follow-up,2.721969636867867,gap assigned to next activity,Activity classified by event type and edit destination; original commands omitted.,call_FUCwwLW25NsMT11fph7kbc4w,3510
Coordinator,01a0f2f5-6573-73f0-be42-85c421ef911f,2026-09-30T15:48:24.672000+00:00,2026-09-30T15:48:27.551000+00:00,Analysis,2.878968195553477,gap assigned to next activity,Activity classified by event type and edit destination; original commands omitted.,rs_0a17f49d6cbd7e7a016abd2f4ba2fc87d2b276b34ccfe8e41f,3517
Coordinator,01a0f2f5-6573-73f0-be42-85c421ef911f,2026-09-30T15:48:27.551000+00:00,2026-09-30T15:48:28.256000+00:00,Analysis,0.7049920897673222,event,Activity classified by event type and edit destination; original commands omitted.,rs_0a17f49d6cbd7e7a016abd2f4ba2fc87d2b276b34ccfe8e41f,3517
Coordinator,01a0f2f5-6573-73f0-be42-85c421ef911f,2026-09-30T15:48:28.256000+00:00,2026-09-30T15:48:28.338000+00:00,Analysis,0.08199910598432202,event,Activity classified by event type and edit destination; original commands omitted.,rs_0a17f49d6cbd7e7a016abd2f4ba2fc87d2b276b34ccfe8e41f,3517
Coordinator,01a0f2f5-6573-73f0-be42-85c421ef911f,2026-09-30T15:48:28.338000+00:00,2026-09-30T15:48:32.506000+00:00,Analysis,4.167953668138776,gap assigned to next activity,Activity classified by event type and edit destination; original commands omitted.,rs_0a17f49d6cbd7e7a016abd2f50993487d2b0bcf536f08d3517,3522
Coordinator,01a0f2f5-6573-73f0-be42-85c421ef911f,2026-09-30T15:48:32.506000+00:00,2026-09-30T15:48:41.932000+00:00,Analysis,9.425895138399389,event,Activity classified by event type and edit destination; original commands omitted.,rs_0a17f49d6cbd7e7a016abd2f50993487d2b0bcf536f08d3517,3522
Coordinator,01a0f2f5-6573-73f0-be42-85c421ef911f,2026-09-30T15:48:41.932000+00:00,2026-09-30T15:48:45.587000+00:00,Environment and operational integration,3.6549593571359527,gap assigned to next activity,Activity classified by event type and edit destination; original commands omitted.,exec-6f59fd8d-6e09-45ac-ba25-f02f4bf8f0b2,3526
Coordinator,01a0f2f5-6573-73f0-be42-85c421ef911f,2026-09-30T15:48:45.587000+00:00,2026-09-30T15:48:45.961000+00:00,Environment and operational integration,0.3739959166012753,event,Activity classified by event type and edit destination; original commands omitted.,exec-6f59fd8d-6e09-45ac-ba25-f02f4bf8f0b2,3526
Coordinator,01a0f2f5-6573-73f0-be42-85c421ef911f,2026-09-30T15:48:45.961000+00:00,2026-09-30T15:48:48.628000+00:00,Analysis,2.666970419685743,gap assigned to next activity,Activity classified by event type and edit destination; original commands omitted.,rs_0a17f49d6cbd7e7a016abd2f60b86487d2b919049dddf08dff,3529
Coordinator,01a0f2f5-6573-73f0-be42-85c421ef911f,2026-09-30T15:48:48.628000+00:00,2026-09-30T15:48:59.882000+00:00,Analysis,11.253874894380123,event,Activity classified by event type and edit destination; original commands omitted.,rs_0a17f49d6cbd7e7a016abd2f60b86487d2b919049dddf08dff,3529
Coordinator,01a0f2f5-6573-73f0-be42-85c421ef911f,2026-09-30T15:48:59.882000+00:00,2026-09-30T15:49:01.598000+00:00,Communication and follow-up,1.715981011965455,gap assigned to next activity,Activity classified by event type and edit destination; original commands omitted.,call_X4cyrXthoDThLtzoiJhg4zae,3532
Coordinator,01a0f2f5-6573-73f0-be42-85c421ef911f,2026-09-30T15:49:01.598000+00:00,2026-09-30T15:49:09.709000+00:00,Environment and operational integration,8.110909931837407,gap assigned to next activity,Activity classified by event type and edit destination; original commands omitted.,exec-acd27f55-0bad-4042-bd5d-c414c0eef623,3538
Coordinator,01a0f2f5-6573-73f0-be42-85c421ef911f,2026-09-30T15:49:09.709000+00:00,2026-09-30T15:49:10.021000+00:00,Environment and operational integration,0.3119963308883284,event,Activity classified by event type and edit destination; original commands omitted.,exec-acd27f55-0bad-4042-bd5d-c414c0eef623,3538
Coordinator,01a0f2f5-6573-73f0-be42-85c421ef911f,2026-09-30T15:49:10.021000+00:00,2026-09-30T15:49:15.090000+00:00,Analysis,5.068943679140802,gap assigned to next activity,Activity classified by event type and edit destination; original commands omitted.,rs_0a17f49d6cbd7e7a016abd2f7b2e3487d2ad93930a11fd50a7,3541
Coordinator,01a0f2f5-6573-73f0-be42-85c421ef911f,2026-09-30T15:49:15.090000+00:00,2026-09-30T15:49:17.072000+00:00,Analysis,1.9819780886057259,event,Activity classified by event type and edit destination; original commands omitted.,rs_0a17f49d6cbd7e7a016abd2f7b2e3487d2ad93930a11fd50a7,3541
Coordinator,01a0f2f5-6573-73f0-be42-85c421ef911f,2026-09-30T15:49:17.072000+00:00,2026-09-30T15:49:17.734000+00:00,Testing and verification,0.6619925847480238,gap assigned to next activity,Activity classified by event type and edit destination; original commands omitted.,call_NHtNzMpZ47Er8Mzb2zK68T1t,3545
Coordinator,01a0f2f5-6573-73f0-be42-85c421ef911f,2026-09-30T15:49:17.734000+00:00,2026-09-30T15:49:24.118000+00:00,Testing and verification,6.383929124118714,event,Activity classified by event type and edit destination; original commands omitted.,call_NHtNzMpZ47Er8Mzb2zK68T1t,3545
Coordinator,01a0f2f5-6573-73f0-be42-85c421ef911f,2026-09-30T15:49:24.118000+00:00,2026-09-30T15:49:26.571000+00:00,Analysis,2.452972810998837,gap assigned to next activity,Activity classified by event type and edit destination; original commands omitted.,rs_0a17f49d6cbd7e7a016abd2f86a9e087d2bd3647ecb5ad345e,3548
Coordinator,01a0f2f5-6573-73f0-be42-85c421ef911f,2026-09-30T15:49:26.571000+00:00,2026-09-30T15:49:29.135000+00:00,Analysis,2.5639714001886005,event,Activity classified by event type and edit destination; original commands omitted.,rs_0a17f49d6cbd7e7a016abd2f86a9e087d2bd3647ecb5ad345e,3548
Coordinator,01a0f2f5-6573-73f0-be42-85c421ef911f,2026-09-30T15:49:29.135000+00:00,2026-09-30T15:49:29.418000+00:00,Communication and follow-up,0.28299684768288713,gap assigned to next activity,Activity classified by event type and edit destination; original commands omitted.,call_CJ092RdfeIFZBJeeKpivCj0H,3552
Coordinator,01a0f2f5-6573-73f0-be42-85c421ef911f,2026-09-30T15:49:29.418000+00:00,2026-09-30T15:49:39.420000+00:00,Communication and follow-up,10.001888951524744,event,Activity classified by event type and edit destination; original commands omitted.,call_CJ092RdfeIFZBJeeKpivCj0H,3552
Coordinator,01a0f2f5-6573-73f0-be42-85c421ef911f,2026-09-30T15:49:39.420000+00:00,2026-09-30T15:49:45.087000+00:00,Analysis,5.666936845356706,gap assigned to next activity,Activity classified by event type and edit destination; original commands omitted.,rs_0a17f49d6cbd7e7a016abd2f992d9887d28076b1cb8f47b6ba,3555
Coordinator,01a0f2f5-6573-73f0-be42-85c421ef911f,2026-09-30T15:49:45.087000+00:00,2026-09-30T15:49:46.881000+00:00,Analysis,1.793980213895502,event,Activity classified by event type and edit destination; original commands omitted.,rs_0a17f49d6cbd7e7a016abd2f992d9887d28076b1cb8f47b6ba,3555
Coordinator,01a0f2f5-6573-73f0-be42-85c421ef911f,2026-09-30T15:49:46.881000+00:00,2026-09-30T15:49:50.422000+00:00,Analysis,3.5409605418855707,gap assigned to next activity,Activity classified by event type and edit destination; original commands omitted.,exec-a20f7d56-2c0e-4c38-814e-12ddd3ac358a,3559
Coordinator,01a0f2f5-6573-73f0-be42-85c421ef911f,2026-09-30T15:49:50.422000+00:00,2026-09-30T15:49:50.745000+00:00,Analysis,0.32299636505749696,event,Activity classified by event type and edit destination; original commands omitted.,exec-a20f7d56-2c0e-4c38-814e-12ddd3ac358a,3559
Coordinator,01a0f2f5-6573-73f0-be42-85c421ef911f,2026-09-30T15:49:50.745000+00:00,2026-09-30T15:49:52.703000+00:00,Analysis,1.957978425864146,gap assigned to next activity,Activity classified by event type and edit destination; original commands omitted.,rs_0a17f49d6cbd7e7a016abd2fa0cac487d2b97b20a5696c4181,3562
Coordinator,01a0f2f5-6573-73f0-be42-85c421ef911f,2026-09-30T15:49:52.703000+00:00,2026-09-30T15:49:54.144000+00:00,Analysis,1.440983972391118,event,Activity classified by event type and edit destination; original commands omitted.,rs_0a17f49d6cbd7e7a016abd2fa0cac487d2b97b20a5696c4181,3562
Coordinator,01a0f2f5-6573-73f0-be42-85c421ef911f,2026-09-30T15:49:54.144000+00:00,2026-09-30T15:49:56.992000+00:00,Analysis,2.8479684026970036,gap assigned to next activity,Activity classified by event type and edit destination; original commands omitted.,exec-e81ec599-251a-4292-b369-c275b216eab2,3566
Coordinator,01a0f2f5-6573-73f0-be42-85c421ef911f,2026-09-30T15:49:56.992000+00:00,2026-09-30T15:49:57.280000+00:00,Analysis,0.28799666814674846,event,Activity classified by event type and edit destination; original commands omitted.,exec-e81ec599-251a-4292-b369-c275b216eab2,3566
Coordinator,01a0f2f5-6573-73f0-be42-85c421ef911f,2026-09-30T15:49:57.280000+00:00,2026-09-30T15:49:59.887000+00:00,Analysis,2.6069711436238285,gap assigned to next activity,Activity classified by event type and edit destination; original commands omitted.,rs_0a17f49d6cbd7e7a016abd2fa7f95487d282659992f4cac3a1,3569
Coordinator,01a0f2f5-6573-73f0-be42-85c421ef911f,2026-09-30T15:49:59.887000+00:00,2026-09-30T15:50:01.719000+00:00,Analysis,1.8319796600350096,event,Activity classified by event type and edit destination; original commands omitted.,rs_0a17f49d6cbd7e7a016abd2fa7f95487d282659992f4cac3a1,3569
Coordinator,01a0f2f5-6573-73f0-be42-85c421ef911f,2026-09-30T15:50:01.719000+00:00,2026-09-30T15:50:02.115000+00:00,Communication and follow-up,0.3959955081077528,gap assigned to next activity,Activity classified by event type and edit destination; original commands omitted.,call_rtXoZBWbZ1i0LT2RdrRBFC5u,3573
Coordinator,01a0f2f5-6573-73f0-be42-85c421ef911f,2026-09-30T15:50:02.115000+00:00,2026-09-30T15:50:32.117000+00:00,Communication and follow-up,30.00166671210403,event,Activity classified by event type and edit destination; original commands omitted.,call_rtXoZBWbZ1i0LT2RdrRBFC5u,3573
Coordinator,01a0f2f5-6573-73f0-be42-85c421ef911f,2026-09-30T15:50:32.117000+00:00,2026-09-30T15:50:37.749000+00:00,Analysis,5.631937386861888,gap assigned to next activity,Activity classified by event type and edit destination; original commands omitted.,rs_0a17f49d6cbd7e7a016abd2fcdd75887d28cc4f03073918c63,3576
Coordinator,01a0f2f5-6573-73f0-be42-85c421ef911f,2026-09-30T15:50:37.749000+00:00,2026-09-30T15:50:38.164000+00:00,Analysis,0.4149953503854714,event,Activity classified by event type and edit destination; original commands omitted.,rs_0a17f49d6cbd7e7a016abd2fcdd75887d28cc4f03073918c63,3576
Coordinator,01a0f2f5-6573-73f0-be42-85c421ef911f,2026-09-30T15:50:38.164000+00:00,2026-09-30T15:50:38.167000+00:00,Communication and follow-up,0.002999987644688715,gap assigned to next activity,Activity classified by event type and edit destination; original commands omitted.,msg_0a17f49d6cbd7e7a016abd2fce430c87d2a10527b7f8736eae,3578
Coordinator,01a0f2f5-6573-73f0-be42-85c421ef911f,2026-09-30T15:50:38.167000+00:00,2026-09-30T15:50:39.639000+00:00,Communication and follow-up,1.4719835268316617,event,Activity classified by event type and edit destination; original commands omitted.,msg_0a17f49d6cbd7e7a016abd2fce430c87d2a10527b7f8736eae,3578
Coordinator,01a0f2f5-6573-73f0-be42-85c421ef911f,2026-09-30T15:50:39.639000+00:00,2026-09-30T15:50:39.640000+00:00,Analysis,0.0010001548255161058,gap assigned to next activity,Activity classified by event type and edit destination; original commands omitted.,rs_0a17f49d6cbd7e7a016abd2fcfbae487d2a6aedc6f92b88058,3580
Coordinator,01a0f2f5-6573-73f0-be42-85c421ef911f,2026-09-30T15:50:39.640000+00:00,2026-09-30T15:50:55.477000+00:00,Analysis,15.83682391290437,event,Activity classified by event type and edit destination; original commands omitted.,rs_0a17f49d6cbd7e7a016abd2fcfbae487d2a6aedc6f92b88058,3580
Coordinator,01a0f2f5-6573-73f0-be42-85c421ef911f,2026-09-30T15:50:55.477000+00:00,2026-09-30T15:50:58.188000+00:00,Communication and follow-up,2.710969841114628,gap assigned to next activity,Activity classified by event type and edit destination; original commands omitted.,call_4plnWvtC4cbNhQaV1SDyWiLL,3583
Coordinator,01a0f2f5-6573-73f0-be42-85c421ef911f,2026-09-30T15:50:58.188000+00:00,2026-09-30T15:51:03.233000+00:00,Analysis,5.044944016399222,gap assigned to next activity,Activity classified by event type and edit destination; original commands omitted.,rs_0a17f49d6cbd7e7a016abd2fe7480887d2ac7237df35861f1b,3587
Coordinator,01a0f2f5-6573-73f0-be42-85c421ef911f,2026-09-30T15:51:03.233000+00:00,2026-09-30T15:51:09.009000+00:00,Analysis,5.775935840143227,event,Activity classified by event type and edit destination; original commands omitted.,rs_0a17f49d6cbd7e7a016abd2fe7480887d2ac7237df35861f1b,3587
Coordinator,01a0f2f5-6573-73f0-be42-85c421ef911f,2026-09-30T15:51:09.009000+00:00,2026-09-30T15:51:13.233000+00:00,Analysis,4.223953040146416,gap assigned to next activity,Activity classified by event type and edit destination; original commands omitted.,exec-681c3a23-0752-4692-bbd7-a39c93f0a5b8,3591
Coordinator,01a0f2f5-6573-73f0-be42-85c421ef911f,2026-09-30T15:51:13.233000+00:00,2026-09-30T15:51:13.675000+00:00,Analysis,0.44199500077174003,event,Activity classified by event type and edit destination; original commands omitted.,exec-681c3a23-0752-4692-bbd7-a39c93f0a5b8,3591
Coordinator,01a0f2f5-6573-73f0-be42-85c421ef911f,2026-09-30T15:51:13.675000+00:00,2026-09-30T15:51:16.136000+00:00,Analysis,2.460972619107387,gap assigned to next activity,Activity classified by event type and edit destination; original commands omitted.,rs_0a17f49d6cbd7e7a016abd2ff439dc87d2bb33bb76b5754910,3594
Coordinator,01a0f2f5-6573-73f0-be42-85c421ef911f,2026-09-30T15:51:16.136000+00:00,2026-09-30T15:51:20+00:00,Analysis,3.863957145358998,event,Activity classified by event type and edit destination; original commands omitted.,rs_0a17f49d6cbd7e7a016abd2ff439dc87d2bb33bb76b5754910,3594
Coordinator,01a0f2f5-6573-73f0-be42-85c421ef911f,2026-09-30T15:51:20+00:00,2026-09-30T15:51:24.953000+00:00,Analysis,4.9529450310712475,gap assigned to next activity,Activity classified by event type and edit destination; original commands omitted.,rs_0a17f49d6cbd7e7a016abd2ffd0c4c87d2946c17f9218cea73,3599
Coordinator,01a0f2f5-6573-73f0-be42-85c421ef911f,2026-09-30T15:51:24.953000+00:00,2026-09-30T15:51:25.790000+00:00,Analysis,0.8369905924699066,event,Activity classified by event type and edit destination; original commands omitted.,rs_0a17f49d6cbd7e7a016abd2ffd0c4c87d2946c17f9218cea73,3599
Coordinator,01a0f2f5-6573-73f0-be42-85c421ef911f,2026-09-30T15:51:25.790000+00:00,2026-09-30T15:51:29.147000+00:00,Analysis,3.3569628096455517,gap assigned to next activity,Activity classified by event type and edit destination; original commands omitted.,exec-873564c1-f086-4e88-930f-159ed62ba032,3603
Coordinator,01a0f2f5-6573-73f0-be42-85c421ef911f,2026-09-30T15:51:29.147000+00:00,2026-09-30T15:51:29.507000+00:00,Analysis,0.35999589478741806,event,Activity classified by event type and edit destination; original commands omitted.,exec-873564c1-f086-4e88-930f-159ed62ba032,3603
Coordinator,01a0f2f5-6573-73f0-be42-85c421ef911f,2026-09-30T15:51:29.507000+00:00,2026-09-30T15:51:35.698000+00:00,Analysis,6.190931190528699,gap assigned to next activity,Activity classified by event type and edit destination; original commands omitted.,rs_0a17f49d6cbd7e7a016abd3007cb2c87d28a76f5c0d71cf4dc,3606
Coordinator,01a0f2f5-6573-73f0-be42-85c421ef911f,2026-09-30T15:51:35.698000+00:00,2026-09-30T15:51:45.414000+00:00,Analysis,9.71589211619717,event,Activity classified by event type and edit destination; original commands omitted.,rs_0a17f49d6cbd7e7a016abd3007cb2c87d28a76f5c0d71cf4dc,3606
Coordinator,01a0f2f5-6573-73f0-be42-85c421ef911f,2026-09-30T15:51:45.414000+00:00,2026-09-30T15:52:01.537000+00:00,Testing and verification,16.122820748231945,gap assigned to next activity,Activity classified by event type and edit destination; original commands omitted.,exec-bc0ef8f7-3e3b-4645-9669-96d41de5d8b9,3610
Coordinator,01a0f2f5-6573-73f0-be42-85c421ef911f,2026-09-30T15:52:01.537000+00:00,2026-09-30T15:52:01.856000+00:00,Testing and verification,0.31899646100322193,event,Activity classified by event type and edit destination; original commands omitted.,exec-bc0ef8f7-3e3b-4645-9669-96d41de5d8b9,3610
Coordinator,01a0f2f5-6573-73f0-be42-85c421ef911f,2026-09-30T15:52:01.856000+00:00,2026-09-30T15:52:04.374000+00:00,Analysis,2.517972145940543,gap assigned to next activity,Activity classified by event type and edit destination; original commands omitted.,rs_0a17f49d6cbd7e7a016abd3024770887d2bf43433917f8c99a,3613
Coordinator,01a0f2f5-6573-73f0-be42-85c421ef911f,2026-09-30T15:52:04.374000+00:00,2026-09-30T15:52:05.325000+00:00,Analysis,0.9509894077202884,event,Activity classified by event type and edit destination; original commands omitted.,rs_0a17f49d6cbd7e7a016abd3024770887d2bf43433917f8c99a,3613
Coordinator,01a0f2f5-6573-73f0-be42-85c421ef911f,2026-09-30T15:52:05.325000+00:00,2026-09-30T15:52:05.331000+00:00,Communication and follow-up,0.00599997528937743,gap assigned to next activity,Activity classified by event type and edit destination; original commands omitted.,msg_0a17f49d6cbd7e7a016abd30256b1887d2a2249deb5b94eaea,3615
Coordinator,01a0f2f5-6573-73f0-be42-85c421ef911f,2026-09-30T15:52:05.331000+00:00,2026-09-30T15:52:07.028000+00:00,Communication and follow-up,1.6969811696877366,event,Activity classified by event type and edit destination; original commands omitted.,msg_0a17f49d6cbd7e7a016abd30256b1887d2a2249deb5b94eaea,3615
Coordinator,01a0f2f5-6573-73f0-be42-85c421ef911f,2026-09-30T15:52:07.028000+00:00,2026-09-30T15:52:15.705000+00:00,Communication and follow-up,8.676903388787252,gap assigned to next activity,Activity classified by event type and edit destination; original commands omitted.,call_ckcGowO7CL6Jk0uK921W172r,3618
Coordinator,01a0f2f5-6573-73f0-be42-85c421ef911f,2026-09-30T15:52:15.705000+00:00,2026-09-30T15:52:26.426000+00:00,Communication and follow-up,10.720881063105926,gap assigned to next activity,Activity classified by event type and edit destination; original commands omitted.,call_VEf85D1kzYLctiv8ZMCSUEQc,3623
Coordinator,01a0f2f5-6573-73f0-be42-85c421ef911f,2026-09-30T15:52:26.426000+00:00,2026-09-30T15:52:31.418000+00:00,Analysis,4.991944393620342,gap assigned to next activity,Activity classified by event type and edit destination; original commands omitted.,rs_0a17f49d6cbd7e7a016abd303f83ec87d2afb52db236318a31,3627
Coordinator,01a0f2f5-6573-73f0-be42-85c421ef911f,2026-09-30T15:52:31.418000+00:00,2026-09-30T15:52:32.754000+00:00,Analysis,1.3359851200748023,event,Activity classified by event type and edit destination; original commands omitted.,rs_0a17f49d6cbd7e7a016abd303f83ec87d2afb52db236318a31,3627
Coordinator,01a0f2f5-6573-73f0-be42-85c421ef911f,2026-09-30T15:52:32.754000+00:00,2026-09-30T15:52:40.104000+00:00,Testing and verification,7.349918470062445,gap assigned to next activity,Activity classified by event type and edit destination; original commands omitted.,call_K16VYZBtXm4PD2XglS3ErOpn,3633
Coordinator,01a0f2f5-6573-73f0-be42-85c421ef911f,2026-09-30T15:52:40.104000+00:00,2026-09-30T15:52:40.260000+00:00,Testing and verification,0.1559981654441642,event,Activity classified by event type and edit destination; original commands omitted.,call_K16VYZBtXm4PD2XglS3ErOpn,3633
Coordinator,01a0f2f5-6573-73f0-be42-85c421ef911f,2026-09-30T15:52:40.260000+00:00,2026-09-30T15:52:44.746000+00:00,Testing and verification,4.485950212732411,gap assigned to next activity,Activity classified by event type and edit destination; original commands omitted.,call_COAQetbdV1SrYTCcmdPx2Pte,3639
Coordinator,01a0f2f5-6573-73f0-be42-85c421ef911f,2026-09-30T15:52:44.746000+00:00,2026-09-30T15:53:05.914000+00:00,Testing and verification,21.16776476463117,event,Activity classified by event type and edit destination; original commands omitted.,call_COAQetbdV1SrYTCcmdPx2Pte,3639
Coordinator,01a0f2f5-6573-73f0-be42-85c421ef911f,2026-09-30T15:53:05.914000+00:00,2026-09-30T15:53:08.927000+00:00,Analysis,3.012966531075234,gap assigned to next activity,Activity classified by event type and edit destination; original commands omitted.,rs_0a17f49d6cbd7e7a016abd3065060887d28813458e81f1b22c,3644
Coordinator,01a0f2f5-6573-73f0-be42-85c421ef911f,2026-09-30T15:53:08.927000+00:00,2026-09-30T15:53:10.186000+00:00,Analysis,1.2589860729702715,event,Activity classified by event type and edit destination; original commands omitted.,rs_0a17f49d6cbd7e7a016abd3065060887d28813458e81f1b22c,3644
Coordinator,01a0f2f5-6573-73f0-be42-85c421ef911f,2026-09-30T15:53:10.186000+00:00,2026-09-30T15:53:11.057000+00:00,Testing and verification,0.870990134555139,gap assigned to next activity,Activity classified by event type and edit destination; original commands omitted.,call_5Pz2X8Lo0W5PWuViEwpzrbeC,3647
Coordinator,01a0f2f5-6573-73f0-be42-85c421ef911f,2026-09-30T15:53:11.057000+00:00,2026-09-30T15:53:11.063000+00:00,Testing and verification,0.00599997528937743,event,Activity classified by event type and edit destination; original commands omitted.,call_5Pz2X8Lo0W5PWuViEwpzrbeC,3647
Coordinator,01a0f2f5-6573-73f0-be42-85c421ef911f,2026-09-30T15:53:11.063000+00:00,2026-09-30T15:53:15.328000+00:00,Analysis,4.264952712346542,gap assigned to next activity,Activity classified by event type and edit destination; original commands omitted.,rs_0a17f49d6cbd7e7a016abd306b6b6c87d29a2461b62ca6b8dd,3651
Coordinator,01a0f2f5-6573-73f0-be42-85c421ef911f,2026-09-30T15:53:15.328000+00:00,2026-09-30T15:53:18.311000+00:00,Analysis,2.9829668930442765,event,Activity classified by event type and edit destination; original commands omitted.,rs_0a17f49d6cbd7e7a016abd306b6b6c87d29a2461b62ca6b8dd,3651
Coordinator,01a0f2f5-6573-73f0-be42-85c421ef911f,2026-09-30T15:53:18.311000+00:00,2026-09-30T15:53:20.173000+00:00,Testing and verification,1.8619792980659668,gap assigned to next activity,Activity classified by event type and edit destination; original commands omitted.,call_pNmcDk0f6EvjFqt7XWb1qXFm,3655
Coordinator,01a0f2f5-6573-73f0-be42-85c421ef911f,2026-09-30T15:53:20.173000+00:00,2026-09-30T15:53:24.337000+00:00,Testing and verification,4.163953525668571,event,Activity classified by event type and edit destination; original commands omitted.,call_pNmcDk0f6EvjFqt7XWb1qXFm,3655
Coordinator,01a0f2f5-6573-73f0-be42-85c421ef911f,2026-09-30T15:53:24.337000+00:00,2026-09-30T15:53:27.526000+00:00,Analysis,3.188964693622633,gap assigned to next activity,Activity classified by event type and edit destination; original commands omitted.,rs_0a17f49d6cbd7e7a016abd3077950487d2ab4f620e633831a2,3658
Coordinator,01a0f2f5-6573-73f0-be42-85c421ef911f,2026-09-30T15:53:27.526000+00:00,2026-09-30T15:53:33.212000+00:00,Analysis,5.685936687634425,event,Activity classified by event type and edit destination; original commands omitted.,rs_0a17f49d6cbd7e7a016abd3077950487d2ab4f620e633831a2,3658
Coordinator,01a0f2f5-6573-73f0-be42-85c421ef911f,2026-09-30T15:53:33.212000+00:00,2026-09-30T15:53:37.424000+00:00,Communication and follow-up,4.211953327983591,gap assigned to next activity,Activity classified by event type and edit destination; original commands omitted.,exec-7c4ace1f-027c-4b99-b808-e1608c30fbe5,3661
Coordinator,01a0f2f5-6573-73f0-be42-85c421ef911f,2026-09-30T15:53:37.424000+00:00,2026-09-30T15:53:37.428000+00:00,Communication and follow-up,0.00399990405427502,event,Activity classified by event type and edit destination; original commands omitted.,exec-7c4ace1f-027c-4b99-b808-e1608c30fbe5,3661
Coordinator,01a0f2f5-6573-73f0-be42-85c421ef911f,2026-09-30T15:53:37.428000+00:00,2026-09-30T15:53:40.605000+00:00,Analysis,3.176964743043878,gap assigned to next activity,Activity classified by event type and edit destination; original commands omitted.,exec-24b42c2b-1480-46e5-888c-68036248628d,3663
Coordinator,01a0f2f5-6573-73f0-be42-85c421ef911f,2026-09-30T15:53:40.605000+00:00,2026-09-30T15:53:40.920000+00:00,Analysis,0.3149965569489469,event,Activity classified by event type and edit destination; original commands omitted.,exec-24b42c2b-1480-46e5-888c-68036248628d,3663
Coordinator,01a0f2f5-6573-73f0-be42-85c421ef911f,2026-09-30T15:53:40.920000+00:00,2026-09-30T15:53:43.107000+00:00,Analysis,2.1869757343585663,gap assigned to next activity,Activity classified by event type and edit destination; original commands omitted.,rs_0a17f49d6cbd7e7a016abd3087341487d2886fdb35ab416876,3666
Coordinator,01a0f2f5-6573-73f0-be42-85c421ef911f,2026-09-30T15:53:43.107000+00:00,2026-09-30T15:53:52.002000+00:00,Analysis,8.894901139944363,event,Activity classified by event type and edit destination; original commands omitted.,rs_0a17f49d6cbd7e7a016abd3087341487d2886fdb35ab416876,3666
Coordinator,01a0f2f5-6573-73f0-be42-85c421ef911f,2026-09-30T15:53:52.002000+00:00,2026-09-30T15:53:52.933000+00:00,Testing and verification,0.9309896490329834,gap assigned to next activity,Activity classified by event type and edit destination; original commands omitted.,call_rNLhEGe3fyJcf3giMavCGrKK,3669
Coordinator,01a0f2f5-6573-73f0-be42-85c421ef911f,2026-09-30T15:53:52.933000+00:00,2026-09-30T15:53:53.075000+00:00,Testing and verification,0.14199838204623674,event,Activity classified by event type and edit destination; original commands omitted.,call_rNLhEGe3fyJcf3giMavCGrKK,3669
Coordinator,01a0f2f5-6573-73f0-be42-85c421ef911f,2026-09-30T15:53:53.075000+00:00,2026-09-30T15:53:57.800000+00:00,Analysis,4.724947400570484,gap assigned to next activity,Activity classified by event type and edit destination; original commands omitted.,rs_0a17f49d6cbd7e7a016abd3095e45487d283e4a8f88da149f4,3673
Coordinator,01a0f2f5-6573-73f0-be42-85c421ef911f,2026-09-30T15:53:57.800000+00:00,2026-09-30T15:53:58.914000+00:00,Analysis,1.113987703279346,event,Activity classified by event type and edit destination; original commands omitted.,rs_0a17f49d6cbd7e7a016abd3095e45487d283e4a8f88da149f4,3673
Coordinator,01a0f2f5-6573-73f0-be42-85c421ef911f,2026-09-30T15:53:58.914000+00:00,2026-09-30T15:53:58.923000+00:00,Communication and follow-up,0.008999962934066146,gap assigned to next activity,Activity classified by event type and edit destination; original commands omitted.,msg_0a17f49d6cbd7e7a016abd3097044887d2b955493324159ceb,3675
Coordinator,01a0f2f5-6573-73f0-be42-85c421ef911f,2026-09-30T15:53:58.923000+00:00,2026-09-30T15:54:00.909000+00:00,Communication and follow-up,1.9859777542440713,event,Activity classified by event type and edit destination; original commands omitted.,msg_0a17f49d6cbd7e7a016abd3097044887d2b955493324159ceb,3675
Coordinator,01a0f2f5-6573-73f0-be42-85c421ef911f,2026-09-30T15:54:00.909000+00:00,2026-09-30T15:54:02.507000+00:00,Testing and verification,1.5979822926607983,gap assigned to next activity,Activity classified by event type and edit destination; original commands omitted.,call_mBUz3lGkU768Sm6f6V4moCqs,3679
Coordinator,01a0f2f5-6573-73f0-be42-85c421ef911f,2026-09-30T15:54:02.507000+00:00,2026-09-30T15:54:03.264000+00:00,Testing and verification,0.7569915577206869,event,Activity classified by event type and edit destination; original commands omitted.,call_mBUz3lGkU768Sm6f6V4moCqs,3679
Coordinator,01a0f2f5-6573-73f0-be42-85c421ef911f,2026-09-30T15:54:03.264000+00:00,2026-09-30T15:54:05.245000+00:00,Analysis,1.98097793378021,gap assigned to next activity,Activity classified by event type and edit destination; original commands omitted.,rs_0a17f49d6cbd7e7a016abd309d57b487d2ac2bd4e75b666874,3682
Coordinator,01a0f2f5-6573-73f0-be42-85c421ef911f,2026-09-30T15:54:05.245000+00:00,2026-09-30T15:54:06.380000+00:00,Analysis,1.1349876167921669,event,Activity classified by event type and edit destination; original commands omitted.,rs_0a17f49d6cbd7e7a016abd309d57b487d2ac2bd4e75b666874,3682
Coordinator,01a0f2f5-6573-73f0-be42-85c421ef911f,2026-09-30T15:54:06.380000+00:00,2026-09-30T15:54:10.552000+00:00,Testing and verification,4.171953572193051,gap assigned to next activity,Activity classified by event type and edit destination; original commands omitted.,call_C7LyMmoyz70zANs1urRBuahn,3685
Coordinator,01a0f2f5-6573-73f0-be42-85c421ef911f,2026-09-30T15:54:10.552000+00:00,2026-09-30T15:54:10.637000+00:00,Testing and verification,0.08499909362901073,event,Activity classified by event type and edit destination; original commands omitted.,call_C7LyMmoyz70zANs1urRBuahn,3685
Coordinator,01a0f2f5-6573-73f0-be42-85c421ef911f,2026-09-30T15:54:10.637000+00:00,2026-09-30T15:54:13.327000+00:00,Analysis,2.6899699276018074,gap assigned to next activity,Activity classified by event type and edit destination; original commands omitted.,rs_0a17f49d6cbd7e7a016abd30a56ca487d2a8825554557fed8a,3689
Coordinator,01a0f2f5-6573-73f0-be42-85c421ef911f,2026-09-30T15:54:13.327000+00:00,2026-09-30T15:54:14.413000+00:00,Analysis,1.0859881364834911,event,Activity classified by event type and edit destination; original commands omitted.,rs_0a17f49d6cbd7e7a016abd30a56ca487d2a8825554557fed8a,3689
Coordinator,01a0f2f5-6573-73f0-be42-85c421ef911f,2026-09-30T15:54:14.413000+00:00,2026-09-30T15:54:16.048000+00:00,Testing and verification,1.6349818223907193,gap assigned to next activity,Activity classified by event type and edit destination; original commands omitted.,call_hnRswNUP5nxqxKtu6uXPBryq,3693
Coordinator,01a0f2f5-6573-73f0-be42-85c421ef911f,2026-09-30T15:54:16.048000+00:00,2026-09-30T15:54:19.489000+00:00,Testing and verification,3.4409617484490465,event,Activity classified by event type and edit destination; original commands omitted.,call_hnRswNUP5nxqxKtu6uXPBryq,3693
Coordinator,01a0f2f5-6573-73f0-be42-85c421ef911f,2026-09-30T15:54:19.489000+00:00,2026-09-30T15:54:21.530000+00:00,Analysis,2.040977209842125,gap assigned to next activity,Activity classified by event type and edit destination; original commands omitted.,rs_0a17f49d6cbd7e7a016abd30ada0c087d29506de1ad4f8a17c,3696
Coordinator,01a0f2f5-6573-73f0-be42-85c421ef911f,2026-09-30T15:54:21.530000+00:00,2026-09-30T15:54:28.346000+00:00,Analysis,6.8159242455468005,event,Activity classified by event type and edit destination; original commands omitted.,rs_0a17f49d6cbd7e7a016abd30ada0c087d29506de1ad4f8a17c,3696
Coordinator,01a0f2f5-6573-73f0-be42-85c421ef911f,2026-09-30T15:54:28.346000+00:00,2026-09-30T15:54:29.035000+00:00,Testing and verification,0.6889924735502222,gap assigned to next activity,Activity classified by event type and edit destination; original commands omitted.,call_zubB2cmjxsk69Ernl9VwgaGQ,3700
Coordinator,01a0f2f5-6573-73f0-be42-85c421ef911f,2026-09-30T15:54:29.035000+00:00,2026-09-30T15:54:29.342000+00:00,Testing and verification,0.3069965104244671,event,Activity classified by event type and edit destination; original commands omitted.,call_zubB2cmjxsk69Ernl9VwgaGQ,3700
Coordinator,01a0f2f5-6573-73f0-be42-85c421ef911f,2026-09-30T15:54:29.342000+00:00,2026-09-30T15:54:32.037000+00:00,Analysis,2.6949699864815986,gap assigned to next activity,Activity classified by event type and edit destination; original commands omitted.,rs_0a17f49d6cbd7e7a016abd30b80b2887d2bd090e5f3d64c623,3703
Coordinator,01a0f2f5-6573-73f0-be42-85c421ef911f,2026-09-30T15:54:32.037000+00:00,2026-09-30T15:54:39.929000+00:00,Analysis,7.891912264270709,event,Activity classified by event type and edit destination; original commands omitted.,rs_0a17f49d6cbd7e7a016abd30b80b2887d2bd090e5f3d64c623,3703
Coordinator,01a0f2f5-6573-73f0-be42-85c421ef911f,2026-09-30T15:54:39.929000+00:00,2026-09-30T15:54:43.182000+00:00,Testing and verification,3.2529638737388225,gap assigned to next activity,Activity classified by event type and edit destination; original commands omitted.,call_PyS832Oq1JafCogYWk4pGJB6,3707
Coordinator,01a0f2f5-6573-73f0-be42-85c421ef911f,2026-09-30T15:54:43.182000+00:00,2026-09-30T15:54:43.800000+00:00,Testing and verification,0.6179931633191389,event,Activity classified by event type and edit destination; original commands omitted.,call_PyS832Oq1JafCogYWk4pGJB6,3707
Coordinator,01a0f2f5-6573-73f0-be42-85c421ef911f,2026-09-30T15:54:43.800000+00:00,2026-09-30T15:54:46.394000+00:00,Analysis,2.5939712766354877,gap assigned to next activity,Activity classified by event type and edit destination; original commands omitted.,rs_0a17f49d6cbd7e7a016abd30c67d8887d2ba38c51549d50cb4,3710
Coordinator,01a0f2f5-6573-73f0-be42-85c421ef911f,2026-09-30T15:54:46.394000+00:00,2026-09-30T15:54:48.649000+00:00,Analysis,2.254974818529031,event,Activity classified by event type and edit destination; original commands omitted.,rs_0a17f49d6cbd7e7a016abd30c67d8887d2ba38c51549d50cb4,3710
Coordinator,01a0f2f5-6573-73f0-be42-85c421ef911f,2026-09-30T15:54:48.649000+00:00,2026-09-30T15:54:50.476000+00:00,Communication and follow-up,1.826979839571148,gap assigned to next activity,Activity classified by event type and edit destination; original commands omitted.,call_WTV5udg5d2NciKjZ3EPbhVVL,3713
Coordinator,01a0f2f5-6573-73f0-be42-85c421ef911f,2026-09-30T15:54:50.476000+00:00,2026-09-30T15:54:56.273000+00:00,Communication and follow-up,5.7969355152401185,gap assigned to next activity,Activity classified by event type and edit destination; original commands omitted.,call_1J1VtpqxXgtfkYDTTGpNqX3c,3718
Coordinator,01a0f2f5-6573-73f0-be42-85c421ef911f,2026-09-30T15:54:56.273000+00:00,2026-09-30T15:55:00.094000+00:00,Analysis,3.820957640339699,gap assigned to next activity,Activity classified by event type and edit destination; original commands omitted.,rs_0a17f49d6cbd7e7a016abd30d4311487d29b6b30bbeda1c7ab,3722
Coordinator,01a0f2f5-6573-73f0-be42-85c421ef911f,2026-09-30T15:55:00.094000+00:00,2026-09-30T15:55:05.152000+00:00,Analysis,5.057943644971634,event,Activity classified by event type and edit destination; original commands omitted.,rs_0a17f49d6cbd7e7a016abd30d4311487d29b6b30bbeda1c7ab,3722
Coordinator,01a0f2f5-6573-73f0-be42-85c421ef911f,2026-09-30T15:55:05.152000+00:00,2026-09-30T15:55:06.154000+00:00,Testing and verification,1.0019889592640667,gap assigned to next activity,Activity classified by event type and edit destination; original commands omitted.,call_w2DZQJusPyR6b3UQZUpgKyVZ,3726
Coordinator,01a0f2f5-6573-73f0-be42-85c421ef911f,2026-09-30T15:55:06.154000+00:00,2026-09-30T15:55:06.448000+00:00,Testing and verification,0.29399664343612586,event,Activity classified by event type and edit destination; original commands omitted.,call_w2DZQJusPyR6b3UQZUpgKyVZ,3726
Coordinator,01a0f2f5-6573-73f0-be42-85c421ef911f,2026-09-30T15:55:06.448000+00:00,2026-09-30T15:55:08.994000+00:00,Analysis,2.545971712736398,gap assigned to next activity,Activity classified by event type and edit destination; original commands omitted.,rs_0a17f49d6cbd7e7a016abd30dd178087d2965346e45a6fc6ed,3729
Coordinator,01a0f2f5-6573-73f0-be42-85c421ef911f,2026-09-30T15:55:08.994000+00:00,2026-09-30T15:55:11.448000+00:00,Analysis,2.4539727274084235,event,Activity classified by event type and edit destination; original commands omitted.,rs_0a17f49d6cbd7e7a016abd30dd178087d2965346e45a6fc6ed,3729
Coordinator,01a0f2f5-6573-73f0-be42-85c421ef911f,2026-09-30T15:55:11.448000+00:00,2026-09-30T15:55:16.369000+00:00,Testing and verification,4.9209453218051875,gap assigned to next activity,Activity classified by event type and edit destination; original commands omitted.,call_NXpZwhC9Nt0DKrjN2jsKYDwE,3733
Coordinator,01a0f2f5-6573-73f0-be42-85c421ef911f,2026-09-30T15:55:16.369000+00:00,2026-09-30T15:55:16.783000+00:00,Testing and verification,0.4139954339758851,event,Activity classified by event type and edit destination; original commands omitted.,call_NXpZwhC9Nt0DKrjN2jsKYDwE,3733
Coordinator,01a0f2f5-6573-73f0-be42-85c421ef911f,2026-09-30T15:55:16.783000+00:00,2026-09-30T15:55:20.087000+00:00,Analysis,3.303963186866671,gap assigned to next activity,Activity classified by event type and edit destination; original commands omitted.,rs_0a17f49d6cbd7e7a016abd30e82f3487d2a38385c9bc9d2727,3736
Coordinator,01a0f2f5-6573-73f0-be42-85c421ef911f,2026-09-30T15:55:20.087000+00:00,2026-09-30T15:55:21.454000+00:00,Analysis,1.3669849129312759,event,Activity classified by event type and edit destination; original commands omitted.,rs_0a17f49d6cbd7e7a016abd30e82f3487d2a38385c9bc9d2727,3736
Coordinator,01a0f2f5-6573-73f0-be42-85c421ef911f,2026-09-30T15:55:21.454000+00:00,2026-09-30T15:55:26.042000+00:00,Analysis,4.587949077404039,gap assigned to next activity,Activity classified by event type and edit destination; original commands omitted.,exec-74a5ce2d-f854-4384-af79-2416352dd539,3740
Coordinator,01a0f2f5-6573-73f0-be42-85c421ef911f,2026-09-30T15:55:26.042000+00:00,2026-09-30T15:55:26.361000+00:00,Analysis,0.31899646100322193,event,Activity classified by event type and edit destination; original commands omitted.,exec-74a5ce2d-f854-4384-af79-2416352dd539,3740
Coordinator,01a0f2f5-6573-73f0-be42-85c421ef911f,2026-09-30T15:55:26.361000+00:00,2026-09-30T15:55:30.860000+00:00,Analysis,4.498949841304824,gap assigned to next activity,Activity classified by event type and edit destination; original commands omitted.,rs_0a17f49d6cbd7e7a016abd30f2f52487d28522aaa2ba06b11b,3743
Coordinator,01a0f2f5-6573-73f0-be42-85c421ef911f,2026-09-30T15:55:30.860000+00:00,2026-09-30T15:55:32.600000+00:00,Analysis,1.739980674707035,event,Activity classified by event type and edit destination; original commands omitted.,rs_0a17f49d6cbd7e7a016abd30f2f52487d28522aaa2ba06b11b,3743
Coordinator,01a0f2f5-6573-73f0-be42-85c421ef911f,2026-09-30T15:55:32.600000+00:00,2026-09-30T15:55:36.444000+00:00,Analysis,3.843957386671693,gap assigned to next activity,Activity classified by event type and edit destination; original commands omitted.,exec-fa939487-210b-4c33-a057-9d496169994e,3747
Coordinator,01a0f2f5-6573-73f0-be42-85c421ef911f,2026-09-30T15:55:36.444000+00:00,2026-09-30T15:55:36.753000+00:00,Analysis,0.30899658165956945,event,Activity classified by event type and edit destination; original commands omitted.,exec-fa939487-210b-4c33-a057-9d496169994e,3747
Coordinator,01a0f2f5-6573-73f0-be42-85c421ef911f,2026-09-30T15:55:36.753000+00:00,2026-09-30T15:55:38.672000+00:00,Analysis,1.9189785864831927,gap assigned to next activity,Activity classified by event type and edit destination; original commands omitted.,rs_0a17f49d6cbd7e7a016abd30fac4f487d29990986abd6d95ec,3750
Coordinator,01a0f2f5-6573-73f0-be42-85c421ef911f,2026-09-30T15:55:38.672000+00:00,2026-09-30T15:55:40.902000+00:00,Analysis,2.2299752393778647,event,Activity classified by event type and edit destination; original commands omitted.,rs_0a17f49d6cbd7e7a016abd30fac4f487d29990986abd6d95ec,3750
Coordinator,01a0f2f5-6573-73f0-be42-85c421ef911f,2026-09-30T15:55:40.902000+00:00,2026-09-30T15:55:44.907000+00:00,Testing and verification,4.004955610995648,gap assigned to next activity,Activity classified by event type and edit destination; original commands omitted.,exec-26d2427c-c1f1-4ecf-837c-48d185cd5baf,3754
Coordinator,01a0f2f5-6573-73f0-be42-85c421ef911f,2026-09-30T15:55:44.907000+00:00,2026-09-30T15:55:45.245000+00:00,Testing and verification,0.3379960648650107,event,Activity classified by event type and edit destination; original commands omitted.,exec-26d2427c-c1f1-4ecf-837c-48d185cd5baf,3754
Coordinator,01a0f2f5-6573-73f0-be42-85c421ef911f,2026-09-30T15:55:45.245000+00:00,2026-09-30T15:55:48.440000+00:00,Analysis,3.1949646689120104,gap assigned to next activity,Activity classified by event type and edit destination; original commands omitted.,rs_0a17f49d6cbd7e7a016abd310489b887d2a8b3b55690af75eb,3757
Coordinator,01a0f2f5-6573-73f0-be42-85c421ef911f,2026-09-30T15:55:48.440000+00:00,2026-09-30T15:56:00.414000+00:00,Analysis,11.97386692237089,event,Activity classified by event type and edit destination; original commands omitted.,rs_0a17f49d6cbd7e7a016abd310489b887d2a8b3b55690af75eb,3757
Coordinator,01a0f2f5-6573-73f0-be42-85c421ef911f,2026-09-30T15:56:00.414000+00:00,2026-09-30T15:56:04.779000+00:00,Analysis,4.364951505783067,gap assigned to next activity,Activity classified by event type and edit destination; original commands omitted.,rs_0a17f49d6cbd7e7a016abd3114dfbc87d2abd5121b69b817ac,3762
Coordinator,01a0f2f5-6573-73f0-be42-85c421ef911f,2026-09-30T15:56:04.779000+00:00,2026-09-30T15:56:05.754000+00:00,Analysis,0.9749890704618683,event,Activity classified by event type and edit destination; original commands omitted.,rs_0a17f49d6cbd7e7a016abd3114dfbc87d2abd5121b69b817ac,3762
Coordinator,01a0f2f5-6573-73f0-be42-85c421ef911f,2026-09-30T15:56:05.754000+00:00,2026-09-30T15:56:05.761000+00:00,Communication and follow-up,0.006999891698963735,gap assigned to next activity,Activity classified by event type and edit destination; original commands omitted.,msg_0a17f49d6cbd7e7a016abd3115db8c87d2830c60c4a03065a8,3764
Coordinator,01a0f2f5-6573-73f0-be42-85c421ef911f,2026-09-30T15:56:05.761000+00:00,2026-09-30T15:56:07.709000+00:00,Communication and follow-up,1.9479785465204937,event,Activity classified by event type and edit destination; original commands omitted.,msg_0a17f49d6cbd7e7a016abd3115db8c87d2830c60c4a03065a8,3764
Coordinator,01a0f2f5-6573-73f0-be42-85c421ef911f,2026-09-30T15:56:07.709000+00:00,2026-09-30T15:56:12.033000+00:00,Testing and verification,4.32395183358294,gap assigned to next activity,Activity classified by event type and edit destination; original commands omitted.,exec-8bb58c07-71b9-4ebe-a16d-0b4caca013ef,3767
Coordinator,01a0f2f5-6573-73f0-be42-85c421ef911f,2026-09-30T15:56:12.033000+00:00,2026-09-30T15:56:12.954000+00:00,Testing and verification,0.920989769689331,event,Activity classified by event type and edit destination; original commands omitted.,exec-8bb58c07-71b9-4ebe-a16d-0b4caca013ef,3767
Coordinator,01a0f2f5-6573-73f0-be42-85c421ef911f,2026-09-30T15:56:12.954000+00:00,2026-09-30T15:56:15.288000+00:00,Analysis,2.333974175284594,gap assigned to next activity,Activity classified by event type and edit destination; original commands omitted.,rs_0a17f49d6cbd7e7a016abd311f616087d28432ab43a4c9fb7d,3771
Coordinator,01a0f2f5-6573-73f0-be42-85c421ef911f,2026-09-30T15:56:15.288000+00:00,2026-09-30T15:56:30.989000+00:00,Analysis,15.70082550614751,event,Activity classified by event type and edit destination; original commands omitted.,rs_0a17f49d6cbd7e7a016abd311f616087d28432ab43a4c9fb7d,3771
Coordinator,01a0f2f5-6573-73f0-be42-85c421ef911f,2026-09-30T15:56:30.989000+00:00,2026-09-30T15:56:36.770000+00:00,Environment and operational integration,5.780935660607088,gap assigned to next activity,Activity classified by event type and edit destination; original commands omitted.,exec-b1866baa-ba23-4ed7-9d24-f9fee7c7f545,3775
Coordinator,01a0f2f5-6573-73f0-be42-85c421ef911f,2026-09-30T15:56:36.770000+00:00,2026-09-30T15:56:37.110000+00:00,Environment and operational integration,0.3399961361001131,event,Activity classified by event type and edit destination; original commands omitted.,exec-b1866baa-ba23-4ed7-9d24-f9fee7c7f545,3775
Coordinator,01a0f2f5-6573-73f0-be42-85c421ef911f,2026-09-30T15:56:37.110000+00:00,2026-09-30T15:56:39.670000+00:00,Analysis,2.559971734550255,gap assigned to next activity,Activity classified by event type and edit destination; original commands omitted.,rs_0a17f49d6cbd7e7a016abd3137c42c87d2b873ce13ffbfb1e0,3780
Coordinator,01a0f2f5-6573-73f0-be42-85c421ef911f,2026-09-30T15:56:39.670000+00:00,2026-09-30T15:56:46.291000+00:00,Analysis,6.620926240721684,event,Activity classified by event type and edit destination; original commands omitted.,rs_0a17f49d6cbd7e7a016abd3137c42c87d2b873ce13ffbfb1e0,3780
Coordinator,01a0f2f5-6573-73f0-be42-85c421ef911f,2026-09-30T15:56:46.291000+00:00,2026-09-30T15:56:48.169000+00:00,Communication and follow-up,1.8779791526989968,gap assigned to next activity,Activity classified by event type and edit destination; original commands omitted.,call_YtSRfcH1uthxknxLoVAR0L5v,3783
Coordinator,01a0f2f5-6573-73f0-be42-85c421ef911f,2026-09-30T15:56:48.169000+00:00,2026-09-30T15:56:59.030000+00:00,Testing and verification,10.86087937391706,gap assigned to next activity,Activity classified by event type and edit destination; original commands omitted.,exec-0df1c1f9-da0c-4e6b-a299-cc985c8ba0b8,3789
Coordinator,01a0f2f5-6573-73f0-be42-85c421ef911f,2026-09-30T15:56:59.030000+00:00,2026-09-30T15:56:59.485000+00:00,Testing and verification,0.45499486776008125,event,Activity classified by event type and edit destination; original commands omitted.,exec-0df1c1f9-da0c-4e6b-a299-cc985c8ba0b8,3789
Coordinator,01a0f2f5-6573-73f0-be42-85c421ef911f,2026-09-30T15:56:59.485000+00:00,2026-09-30T15:57:03.921000+00:00,Analysis,4.43595081601415,gap assigned to next activity,Activity classified by event type and edit destination; original commands omitted.,rs_0a17f49d6cbd7e7a016abd3150045c87d2b8f5e2457a79b7d2,3794
Coordinator,01a0f2f5-6573-73f0-be42-85c421ef911f,2026-09-30T15:57:03.921000+00:00,2026-09-30T15:57:19.951000+00:00,Analysis,16.029821846494386,event,Activity classified by event type and edit destination; original commands omitted.,rs_0a17f49d6cbd7e7a016abd3150045c87d2b8f5e2457a79b7d2,3794
Coordinator,01a0f2f5-6573-73f0-be42-85c421ef911f,2026-09-30T15:57:19.951000+00:00,2026-09-30T15:57:22.203000+00:00,Communication and follow-up,2.251975069300272,gap assigned to next activity,Activity classified by event type and edit destination; original commands omitted.,call_zfqau2LqWh9XvpGK9TZGRKGi,3797
Coordinator,01a0f2f5-6573-73f0-be42-85c421ef911f,2026-09-30T15:57:22.203000+00:00,2026-09-30T15:57:29.837000+00:00,Communication and follow-up,7.633914995738988,gap assigned to next activity,Activity classified by event type and edit destination; original commands omitted.,call_Bjno2jmbFL2wzlHwSH34Inc7,3804
Coordinator,01a0f2f5-6573-73f0-be42-85c421ef911f,2026-09-30T15:57:29.837000+00:00,2026-09-30T15:57:35.106000+00:00,Analysis,5.2689415044297805,gap assigned to next activity,Activity classified by event type and edit destination; original commands omitted.,rs_0a17f49d6cbd7e7a016abd316f344887d28ef7bd1d625b7167,3808
Coordinator,01a0f2f5-6573-73f0-be42-85c421ef911f,2026-09-30T15:57:35.106000+00:00,2026-09-30T15:57:53.067000+00:00,Analysis,17.960800383556336,event,Activity classified by event type and edit destination; original commands omitted.,rs_0a17f49d6cbd7e7a016abd316f344887d28ef7bd1d625b7167,3808
Coordinator,01a0f2f5-6573-73f0-be42-85c421ef911f,2026-09-30T15:57:53.067000+00:00,2026-09-30T15:57:58.512000+00:00,Analysis,5.44493966697718,gap assigned to next activity,Activity classified by event type and edit destination; original commands omitted.,rs_0a17f49d6cbd7e7a016abd31869d2487d2b820f880ba0a0a96,3813
Coordinator,01a0f2f5-6573-73f0-be42-85c421ef911f,2026-09-30T15:57:58.512000+00:00,2026-09-30T15:58:02.905000+00:00,Analysis,4.392951072578921,event,Activity classified by event type and edit destination; original commands omitted.,rs_0a17f49d6cbd7e7a016abd31869d2487d2b820f880ba0a0a96,3813
Coordinator,01a0f2f5-6573-73f0-be42-85c421ef911f,2026-09-30T15:58:02.905000+00:00,2026-09-30T15:58:12.288000+00:00,Analysis,9.38289587179602,gap assigned to next activity,Activity classified by event type and edit destination; original commands omitted.,rs_0a17f49d6cbd7e7a016abd3194628c87d2afe81bd124538bb1,3818
Coordinator,01a0f2f5-6573-73f0-be42-85c421ef911f,2026-09-30T15:58:12.288000+00:00,2026-09-30T15:58:15.144000+00:00,Analysis,2.8559682108055537,event,Activity classified by event type and edit destination; original commands omitted.,rs_0a17f49d6cbd7e7a016abd3194628c87d2afe81bd124538bb1,3818
Coordinator,01a0f2f5-6573-73f0-be42-85c421ef911f,2026-09-30T15:58:15.144000+00:00,2026-09-30T15:58:18.148000+00:00,Communication and follow-up,3.0039665681411676,gap assigned to next activity,Activity classified by event type and edit destination; original commands omitted.,call_c9kJ6JFL09cQqTXtZmLGEwyB,3821
Coordinator,01a0f2f5-6573-73f0-be42-85c421ef911f,2026-09-30T15:58:18.148000+00:00,2026-09-30T15:58:22.351000+00:00,Analysis,4.202953365049525,gap assigned to next activity,Activity classified by event type and edit destination; original commands omitted.,rs_0a17f49d6cbd7e7a016abd319e740c87d2af8d682c94d6ee07,3825
Coordinator,01a0f2f5-6573-73f0-be42-85c421ef911f,2026-09-30T15:58:22.351000+00:00,2026-09-30T15:58:32.492000+00:00,Analysis,10.140887345926293,event,Activity classified by event type and edit destination; original commands omitted.,rs_0a17f49d6cbd7e7a016abd319e740c87d2af8d682c94d6ee07,3825
Coordinator,01a0f2f5-6573-73f0-be42-85c421ef911f,2026-09-30T15:58:32.492000+00:00,2026-09-30T15:58:32.497000+00:00,Communication and follow-up,0.004999820463861325,gap assigned to next activity,Activity classified by event type and edit destination; original commands omitted.,msg_0a17f49d6cbd7e7a016abd31a89a0c87d2886819434263df9e,3827
Coordinator,01a0f2f5-6573-73f0-be42-85c421ef911f,2026-09-30T15:58:32.497000+00:00,2026-09-30T15:58:34.204000+00:00,Communication and follow-up,1.706981049031389,event,Activity classified by event type and edit destination; original commands omitted.,msg_0a17f49d6cbd7e7a016abd31a89a0c87d2886819434263df9e,3827
Coordinator,01a0f2f5-6573-73f0-be42-85c421ef911f,2026-09-30T15:58:34.204000+00:00,2026-09-30T15:58:38.062000+00:00,Analysis,3.8579571700696205,gap assigned to next activity,Activity classified by event type and edit destination; original commands omitted.,exec-4101e98d-c58c-4428-8051-474e1fd83de8,3831
Coordinator,01a0f2f5-6573-73f0-be42-85c421ef911f,2026-09-30T15:58:38.062000+00:00,2026-09-30T15:58:38.387000+00:00,Analysis,0.32499643629259933,event,Activity classified by event type and edit destination; original commands omitted.,exec-4101e98d-c58c-4428-8051-474e1fd83de8,3831
Coordinator,01a0f2f5-6573-73f0-be42-85c421ef911f,2026-09-30T15:58:38.387000+00:00,2026-09-30T15:58:41.485000+00:00,Analysis,3.0979653862883145,gap assigned to next activity,Activity classified by event type and edit destination; original commands omitted.,rs_0a17f49d6cbd7e7a016abd31b196f487d2bd0adc044eaacabf,3834
Coordinator,01a0f2f5-6573-73f0-be42-85c421ef911f,2026-09-30T15:58:41.485000+00:00,2026-09-30T15:58:48.320000+00:00,Analysis,6.83492408782452,event,Activity classified by event type and edit destination; original commands omitted.,rs_0a17f49d6cbd7e7a016abd31b196f487d2bd0adc044eaacabf,3834
Coordinator,01a0f2f5-6573-73f0-be42-85c421ef911f,2026-09-30T15:58:48.320000+00:00,2026-09-30T15:58:51.165000+00:00,Communication and follow-up,2.844968415052315,gap assigned to next activity,Activity classified by event type and edit destination; original commands omitted.,call_RhmcQvORh9K3SBCFHvezQ39K,3837
Coordinator,01a0f2f5-6573-73f0-be42-85c421ef911f,2026-09-30T15:58:51.165000+00:00,2026-09-30T15:58:54.340000+00:00,Analysis,3.1749646718087754,gap assigned to next activity,Activity classified by event type and edit destination; original commands omitted.,rs_0a17f49d6cbd7e7a016abd31be716c87d2979a770d46661dfd,3842
Coordinator,01a0f2f5-6573-73f0-be42-85c421ef911f,2026-09-30T15:58:54.340000+00:00,2026-09-30T15:59:03.135000+00:00,Analysis,8.794902346507838,event,Activity classified by event type and edit destination; original commands omitted.,rs_0a17f49d6cbd7e7a016abd31be716c87d2979a770d46661dfd,3842
Coordinator,01a0f2f5-6573-73f0-be42-85c421ef911f,2026-09-30T15:59:03.135000+00:00,2026-09-30T15:59:09.436000+00:00,Analysis,6.300930101724805,event,Activity classified by event type and edit destination; original commands omitted.,rs_0a17f49d6cbd7e7a016abd31be716c87d2979a770d46661dfd,3842
Coordinator,01a0f2f5-6573-73f0-be42-85c421ef911f,2026-09-30T15:59:09.436000+00:00,2026-09-30T15:59:13.374000+00:00,Analysis,3.93795620481884,gap assigned to next activity,Activity classified by event type and edit destination; original commands omitted.,rs_0a17f49d6cbd7e7a016abd31d1786487d298dcaa75c21d285a,3849
Coordinator,01a0f2f5-6573-73f0-be42-85c421ef911f,2026-09-30T15:59:13.374000+00:00,2026-09-30T15:59:13.895000+00:00,Analysis,0.5209941191113733,event,Activity classified by event type and edit destination; original commands omitted.,rs_0a17f49d6cbd7e7a016abd31d1786487d298dcaa75c21d285a,3849
Coordinator,01a0f2f5-6573-73f0-be42-85c421ef911f,2026-09-30T15:59:13.895000+00:00,2026-09-30T15:59:17.601000+00:00,Environment and operational integration,3.705958908679731,gap assigned to next activity,Activity classified by event type and edit destination; original commands omitted.,exec-48c03be4-c96d-4a2e-b51a-c497e79bfd22,3852
Coordinator,01a0f2f5-6573-73f0-be42-85c421ef911f,2026-09-30T15:59:17.601000+00:00,2026-09-30T15:59:17.916000+00:00,Environment and operational integration,0.31499631853301713,event,Activity classified by event type and edit destination; original commands omitted.,exec-48c03be4-c96d-4a2e-b51a-c497e79bfd22,3852
Coordinator,01a0f2f5-6573-73f0-be42-85c421ef911f,2026-09-30T15:59:17.916000+00:00,2026-09-30T15:59:21.124000+00:00,Analysis,3.2079645359003517,gap assigned to next activity,Activity classified by event type and edit destination; original commands omitted.,rs_0a17f49d6cbd7e7a016abd31d9384887d2be680b643711b54d,3856
Coordinator,01a0f2f5-6573-73f0-be42-85c421ef911f,2026-09-30T15:59:21.124000+00:00,2026-09-30T15:59:23.923000+00:00,Analysis,2.798968922388328,event,Activity classified by event type and edit destination; original commands omitted.,rs_0a17f49d6cbd7e7a016abd31d9384887d2be680b643711b54d,3856
Coordinator,01a0f2f5-6573-73f0-be42-85c421ef911f,2026-09-30T15:59:23.923000+00:00,2026-09-30T15:59:25.944000+00:00,Communication and follow-up,2.0209774511548195,gap assigned to next activity,Activity classified by event type and edit destination; original commands omitted.,call_vSCCeWPr2E1rsLsIz5KcPUUT,3859
Coordinator,01a0f2f5-6573-73f0-be42-85c421ef911f,2026-09-30T15:59:25.944000+00:00,2026-09-30T15:59:27.866000+00:00,Analysis,1.9219785741278814,gap assigned to next activity,Activity classified by event type and edit destination; original commands omitted.,rs_0a17f49d6cbd7e7a016abd31dff7dc87d2ab069699ce0a1ae5,3863
Coordinator,01a0f2f5-6573-73f0-be42-85c421ef911f,2026-09-30T15:59:27.866000+00:00,2026-09-30T15:59:43.584000+00:00,Analysis,15.717825515606059,event,Activity classified by event type and edit destination; original commands omitted.,rs_0a17f49d6cbd7e7a016abd31dff7dc87d2ab069699ce0a1ae5,3863
Coordinator,01a0f2f5-6573-73f0-be42-85c421ef911f,2026-09-30T15:59:43.584000+00:00,2026-09-30T15:59:59.176000+00:00,Documentation,15.591826749776919,gap assigned to next activity,Activity classified by event type and edit destination; original commands omitted.,exec-98fb715a-60fc-423e-85f7-2bd8a0c7996e,3867
Coordinator,01a0f2f5-6573-73f0-be42-85c421ef911f,2026-09-30T15:59:59.176000+00:00,2026-09-30T15:59:59.575000+00:00,Documentation,0.39899549575244153,event,Activity classified by event type and edit destination; original commands omitted.,exec-98fb715a-60fc-423e-85f7-2bd8a0c7996e,3867
Coordinator,01a0f2f5-6573-73f0-be42-85c421ef911f,2026-09-30T15:59:59.575000+00:00,2026-09-30T16:00:01.975000+00:00,Analysis,2.399973188219956,gap assigned to next activity,Activity classified by event type and edit destination; original commands omitted.,rs_0a17f49d6cbd7e7a016abd320212fc87d29bd6f2002dbeb17a,3870
Coordinator,01a0f2f5-6573-73f0-be42-85c421ef911f,2026-09-30T16:00:01.975000+00:00,2026-09-30T16:00:02.806000+00:00,Analysis,0.8309908555964589,event,Activity classified by event type and edit destination; original commands omitted.,rs_0a17f49d6cbd7e7a016abd320212fc87d29bd6f2002dbeb17a,3870
Coordinator,01a0f2f5-6573-73f0-be42-85c421ef911f,2026-09-30T16:00:02.806000+00:00,2026-09-30T16:00:03.187000+00:00,Communication and follow-up,0.380995808300239,gap assigned to next activity,Activity classified by event type and edit destination; original commands omitted.,call_rx3qmdI1natya5S2p8nvejTU,3874
Coordinator,01a0f2f5-6573-73f0-be42-85c421ef911f,2026-09-30T16:00:03.187000+00:00,2026-09-30T16:00:13.188000+00:00,Communication and follow-up,10.000888796699229,event,Activity classified by event type and edit destination; original commands omitted.,call_rx3qmdI1natya5S2p8nvejTU,3874
Coordinator,01a0f2f5-6573-73f0-be42-85c421ef911f,2026-09-30T16:00:13.188000+00:00,2026-09-30T16:00:15.863000+00:00,Analysis,2.6749702277942937,gap assigned to next activity,Activity classified by event type and edit destination; original commands omitted.,rs_0a17f49d6cbd7e7a016abd320ff1b887d2aaeb194dbb86cf4d,3877
Coordinator,01a0f2f5-6573-73f0-be42-85c421ef911f,2026-09-30T16:00:15.863000+00:00,2026-09-30T16:00:17.850000+00:00,Analysis,1.9869779090695874,event,Activity classified by event type and edit destination; original commands omitted.,rs_0a17f49d6cbd7e7a016abd320ff1b887d2aaeb194dbb86cf4d,3877
Coordinator,01a0f2f5-6573-73f0-be42-85c421ef911f,2026-09-30T16:00:17.850000+00:00,2026-09-30T16:00:17.853000+00:00,Communication and follow-up,0.002999987644688715,gap assigned to next activity,Activity classified by event type and edit destination; original commands omitted.,msg_0a17f49d6cbd7e7a016abd3211f07887d29758742c00aa4416,3879
Coordinator,01a0f2f5-6573-73f0-be42-85c421ef911f,2026-09-30T16:00:17.853000+00:00,2026-09-30T16:00:19.094000+00:00,Communication and follow-up,1.2409863855180692,event,Activity classified by event type and edit destination; original commands omitted.,msg_0a17f49d6cbd7e7a016abd3211f07887d29758742c00aa4416,3879
Coordinator,01a0f2f5-6573-73f0-be42-85c421ef911f,2026-09-30T16:00:19.094000+00:00,2026-09-30T16:00:26.997000+00:00,Testing and verification,7.902912060023949,gap assigned to next activity,Activity classified by event type and edit destination; original commands omitted.,exec-10e6110e-af97-4da2-8324-dfa88a1ce7e4,3885
Coordinator,01a0f2f5-6573-73f0-be42-85c421ef911f,2026-09-30T16:00:26.997000+00:00,2026-09-30T16:00:28.084000+00:00,Testing and verification,1.0869880528930773,event,Activity classified by event type and edit destination; original commands omitted.,exec-10e6110e-af97-4da2-8324-dfa88a1ce7e4,3885
Coordinator,01a0f2f5-6573-73f0-be42-85c421ef911f,2026-09-30T16:00:28.084000+00:00,2026-09-30T16:00:32.259000+00:00,Analysis,4.17495355983774,gap assigned to next activity,Activity classified by event type and edit destination; original commands omitted.,rs_0a17f49d6cbd7e7a016abd3220559487d2961ac7c9a3917b4a,3886
Coordinator,01a0f2f5-6573-73f0-be42-85c421ef911f,2026-09-30T16:00:32.259000+00:00,2026-09-30T16:00:34.158000+00:00,Analysis,1.898978827795888,event,Activity classified by event type and edit destination; original commands omitted.,rs_0a17f49d6cbd7e7a016abd3220559487d2961ac7c9a3917b4a,3886
Coordinator,01a0f2f5-6573-73f0-be42-85c421ef911f,2026-09-30T16:00:34.158000+00:00,2026-09-30T16:00:34.408000+00:00,Communication and follow-up,0.24999722200724106,gap assigned to next activity,Activity classified by event type and edit destination; original commands omitted.,subagent-completed-01a0f2fc-dff0-71b1-a771-95ae025b05b9,3891
Coordinator,01a0f2f5-6573-73f0-be42-85c421ef911f,2026-09-30T16:00:34.408000+00:00,2026-09-30T16:00:42.504000+00:00,Technical diagnosis,8.095909993613963,gap assigned to next activity,Activity classified by event type and edit destination; original commands omitted.,rs_0a17f49d6cbd7e7a016abd322a92cc87d2a529765e3529d581,3892
Coordinator,01a0f2f5-6573-73f0-be42-85c421ef911f,2026-09-30T16:00:42.504000+00:00,2026-09-30T16:00:44.419000+00:00,Technical diagnosis,1.9149786824289179,event,Activity classified by event type and edit destination; original commands omitted.,rs_0a17f49d6cbd7e7a016abd322a92cc87d2a529765e3529d581,3892
Coordinator,01a0f2f5-6573-73f0-be42-85c421ef911f,2026-09-30T16:00:44.419000+00:00,2026-09-30T16:00:51.074000+00:00,Technical diagnosis,6.654926021222845,gap assigned to next activity,Activity classified by event type and edit destination; original commands omitted.,exec-7c72355c-c873-4ae0-995d-29d473333ec0,3899
Coordinator,01a0f2f5-6573-73f0-be42-85c421ef911f,2026-09-30T16:00:51.074000+00:00,2026-09-30T16:00:51.406000+00:00,Technical diagnosis,0.3319963279915631,event,Activity classified by event type and edit destination; original commands omitted.,exec-7c72355c-c873-4ae0-995d-29d473333ec0,3899
Coordinator,01a0f2f5-6573-73f0-be42-85c421ef911f,2026-09-30T16:00:51.406000+00:00,2026-09-30T16:00:54.378000+00:00,Analysis,2.9719670972910377,gap assigned to next activity,Activity classified by event type and edit destination; original commands omitted.,rs_0a17f49d6cbd7e7a016abd32366adc87d287aa2dc8b72ce7c6,3902
Coordinator,01a0f2f5-6573-73f0-be42-85c421ef911f,2026-09-30T16:00:54.378000+00:00,2026-09-30T16:00:55.965000+00:00,Analysis,1.5869822584916298,event,Activity classified by event type and edit destination; original commands omitted.,rs_0a17f49d6cbd7e7a016abd32366adc87d287aa2dc8b72ce7c6,3902
Coordinator,01a0f2f5-6573-73f0-be42-85c421ef911f,2026-09-30T16:00:55.965000+00:00,2026-09-30T16:01:02.868000+00:00,Testing and verification,6.902923410410914,gap assigned to next activity,Activity classified by event type and edit destination; original commands omitted.,exec-3f17dcaf-97ee-41d5-8d53-5e76f4475118,3906
Coordinator,01a0f2f5-6573-73f0-be42-85c421ef911f,2026-09-30T16:01:02.868000+00:00,2026-09-30T16:01:03.176000+00:00,Testing and verification,0.3079966652499832,event,Activity classified by event type and edit destination; original commands omitted.,exec-3f17dcaf-97ee-41d5-8d53-5e76f4475118,3906
Coordinator,01a0f2f5-6573-73f0-be42-85c421ef911f,2026-09-30T16:01:03.176000+00:00,2026-09-30T16:01:06.423000+00:00,Testing and verification,3.246963898449445,gap assigned to next activity,Activity classified by event type and edit destination; original commands omitted.,exec-25859b70-ee10-4192-8782-73a94b69b014,3916
Coordinator,01a0f2f5-6573-73f0-be42-85c421ef911f,2026-09-30T16:01:06.423000+00:00,2026-09-30T16:01:10.394000+00:00,Testing and verification,3.970955830494486,event,Activity classified by event type and edit destination; original commands omitted.,exec-25859b70-ee10-4192-8782-73a94b69b014,3916
Coordinator,01a0f2f5-6573-73f0-be42-85c421ef911f,2026-09-30T16:01:10.394000+00:00,2026-09-30T16:01:13.404000+00:00,Technical diagnosis,3.009966543430545,event,Activity classified by event type and edit destination; original commands omitted.,rs_0a17f49d6cbd7e7a016abd3246734c87d2ba8c316d97f73efc,3909
Coordinator,01a0f2f5-6573-73f0-be42-85c421ef911f,2026-09-30T16:01:13.404000+00:00,2026-09-30T16:01:16.572000+00:00,Testing and verification,3.167964780109812,event,Activity classified by event type and edit destination; original commands omitted.,exec-25859b70-ee10-4192-8782-73a94b69b014,3916
Coordinator,01a0f2f5-6573-73f0-be42-85c421ef911f,2026-09-30T16:01:16.572000+00:00,2026-09-30T16:01:16.933000+00:00,Technical diagnosis,0.36099604961293413,event,Activity classified by event type and edit destination; original commands omitted.,exec-5250ef98-cf20-4863-b6e2-1f6ff32bd15f,3913
Coordinator,01a0f2f5-6573-73f0-be42-85c421ef911f,2026-09-30T16:01:16.933000+00:00,2026-09-30T16:01:20.941000+00:00,Testing and verification,4.007955360224407,event,Activity classified by event type and edit destination; original commands omitted.,exec-25859b70-ee10-4192-8782-73a94b69b014,3916
Coordinator,01a0f2f5-6573-73f0-be42-85c421ef911f,2026-09-30T16:01:20.941000+00:00,2026-09-30T16:01:20.967000+00:00,Technical diagnosis,0.025999733976682333,gap assigned to next activity,Activity classified by event type and edit destination; original commands omitted.,rs_0a17f49d6cbd7e7a016abd325105a887d282a31ff93ab419d4,3917
Coordinator,01a0f2f5-6573-73f0-be42-85c421ef911f,2026-09-30T16:01:20.967000+00:00,2026-09-30T16:01:22.519000+00:00,Technical diagnosis,1.551982799996811,event,Activity classified by event type and edit destination; original commands omitted.,rs_0a17f49d6cbd7e7a016abd325105a887d282a31ff93ab419d4,3917
Coordinator,01a0f2f5-6573-73f0-be42-85c421ef911f,2026-09-30T16:01:22.519000+00:00,2026-09-30T16:01:25.481000+00:00,Technical diagnosis,2.961966979531456,gap assigned to next activity,Activity classified by event type and edit destination; original commands omitted.,exec-2abee76b-11e1-4de9-9b4c-ffc08680dca4,3921
Coordinator,01a0f2f5-6573-73f0-be42-85c421ef911f,2026-09-30T16:01:25.481000+00:00,2026-09-30T16:01:25.786000+00:00,Technical diagnosis,0.3049966776052944,event,Activity classified by event type and edit destination; original commands omitted.,exec-2abee76b-11e1-4de9-9b4c-ffc08680dca4,3921
Coordinator,01a0f2f5-6573-73f0-be42-85c421ef911f,2026-09-30T16:01:25.786000+00:00,2026-09-30T16:01:29.200000+00:00,Analysis,3.413962098062778,gap assigned to next activity,Activity classified by event type and edit destination; original commands omitted.,rs_0a17f49d6cbd7e7a016abd325942d087d2846ee30ffdddd788,3924
Coordinator,01a0f2f5-6573-73f0-be42-85c421ef911f,2026-09-30T16:01:29.200000+00:00,2026-09-30T16:01:36.691000+00:00,Analysis,7.490916697283166,event,Activity classified by event type and edit destination; original commands omitted.,rs_0a17f49d6cbd7e7a016abd325942d087d2846ee30ffdddd788,3924
Coordinator,01a0f2f5-6573-73f0-be42-85c421ef911f,2026-09-30T16:01:36.691000+00:00,2026-09-30T16:01:39.633000+00:00,Communication and follow-up,2.9419672208441505,gap assigned to next activity,Activity classified by event type and edit destination; original commands omitted.,call_j3ktAdpGzmRwuxk8ElCwB60R,3927
Coordinator,01a0f2f5-6573-73f0-be42-85c421ef911f,2026-09-30T16:01:39.633000+00:00,2026-09-30T16:01:45.196000+00:00,Analysis,5.562938386281837,gap assigned to next activity,Activity classified by event type and edit destination; original commands omitted.,rs_0a17f49d6cbd7e7a016abd32693d5c87d2b92dad9abb407e98,3931
Coordinator,01a0f2f5-6573-73f0-be42-85c421ef911f,2026-09-30T16:01:45.196000+00:00,2026-09-30T16:01:58.102000+00:00,Analysis,12.905856487813457,event,Activity classified by event type and edit destination; original commands omitted.,rs_0a17f49d6cbd7e7a016abd32693d5c87d2b92dad9abb407e98,3931
Coordinator,01a0f2f5-6573-73f0-be42-85c421ef911f,2026-09-30T16:01:58.102000+00:00,2026-09-30T16:01:58.405000+00:00,Communication and follow-up,0.30299660637019205,gap assigned to next activity,Activity classified by event type and edit destination; original commands omitted.,subagent-completed-01a0f30c-d531-7d23-99ac-77454e8d3dc2,3933
Coordinator,01a0f2f5-6573-73f0-be42-85c421ef911f,2026-09-30T16:01:58.405000+00:00,2026-09-30T16:02:01.206000+00:00,Technical diagnosis,2.8009689936234303,gap assigned to next activity,Activity classified by event type and edit destination; original commands omitted.,exec-489b8d0f-66cb-4f04-971e-4141b4198a96,3936
Coordinator,01a0f2f5-6573-73f0-be42-85c421ef911f,2026-09-30T16:02:01.206000+00:00,2026-09-30T16:02:01.572000+00:00,Technical diagnosis,0.36599587007679546,event,Activity classified by event type and edit destination; original commands omitted.,exec-489b8d0f-66cb-4f04-971e-4141b4198a96,3936
Coordinator,01a0f2f5-6573-73f0-be42-85c421ef911f,2026-09-30T16:02:01.572000+00:00,2026-09-30T16:02:07.461000+00:00,Analysis,5.888934500568092,gap assigned to next activity,Activity classified by event type and edit destination; original commands omitted.,rs_0a17f49d6cbd7e7a016abd327f7e7c87d2aa9e8b91652c5291,3941
Coordinator,01a0f2f5-6573-73f0-be42-85c421ef911f,2026-09-30T16:02:07.461000+00:00,2026-09-30T16:02:11.698000+00:00,Analysis,4.236952907134757,event,Activity classified by event type and edit destination; original commands omitted.,rs_0a17f49d6cbd7e7a016abd327f7e7c87d2aa9e8b91652c5291,3941
Coordinator,01a0f2f5-6573-73f0-be42-85c421ef911f,2026-09-30T16:02:11.698000+00:00,2026-09-30T16:02:11.702000+00:00,Communication and follow-up,0.00399990405427502,gap assigned to next activity,Activity classified by event type and edit destination; original commands omitted.,msg_0a17f49d6cbd7e7a016abd3283c36c87d2bb515037321cb031,3943
Coordinator,01a0f2f5-6573-73f0-be42-85c421ef911f,2026-09-30T16:02:11.702000+00:00,2026-09-30T16:02:13.222000+00:00,Communication and follow-up,1.5199830907307512,event,Activity classified by event type and edit destination; original commands omitted.,msg_0a17f49d6cbd7e7a016abd3283c36c87d2bb515037321cb031,3943
Coordinator,01a0f2f5-6573-73f0-be42-85c421ef911f,2026-09-30T16:02:13.222000+00:00,2026-09-30T16:02:27.690000+00:00,Testing and verification,14.467839405569853,gap assigned to next activity,Activity classified by event type and edit destination; original commands omitted.,exec-7b311ae4-928f-486c-b7ce-839fed39c3c0,4002
Coordinator,01a0f2f5-6573-73f0-be42-85c421ef911f,2026-09-30T16:02:27.690000+00:00,2026-09-30T16:02:31.635000+00:00,Testing and verification,3.944956096517804,event,Activity classified by event type and edit destination; original commands omitted.,exec-7b311ae4-928f-486c-b7ce-839fed39c3c0,4002
Coordinator,01a0f2f5-6573-73f0-be42-85c421ef911f,2026-09-30T16:02:31.635000+00:00,2026-09-30T16:02:47.588000+00:00,Analysis,15.952822799389857,event,Activity classified by event type and edit destination; original commands omitted.,rs_0a17f49d6cbd7e7a016abd3297b27c87d2abc8ad09b852ecd1,3949
Coordinator,01a0f2f5-6573-73f0-be42-85c421ef911f,2026-09-30T16:02:47.588000+00:00,2026-09-30T16:02:52.201000+00:00,Testing and verification,4.612948656555204,event,Activity classified by event type and edit destination; original commands omitted.,exec-7b311ae4-928f-486c-b7ce-839fed39c3c0,4002
Coordinator,01a0f2f5-6573-73f0-be42-85c421ef911f,2026-09-30T16:02:52.201000+00:00,2026-09-30T16:02:52.838000+00:00,Testing and verification,0.6369930055968576,event,Activity classified by event type and edit destination; original commands omitted.,call_GLEBxYFwb21WSuNtO4D7vyH4,3953
Coordinator,01a0f2f5-6573-73f0-be42-85c421ef911f,2026-09-30T16:02:52.838000+00:00,2026-09-30T16:03:01.566000+00:00,Testing and verification,8.72790294033103,event,Activity classified by event type and edit destination; original commands omitted.,exec-7b311ae4-928f-486c-b7ce-839fed39c3c0,4002
Coordinator,01a0f2f5-6573-73f0-be42-85c421ef911f,2026-09-30T16:03:01.566000+00:00,2026-09-30T16:03:02.960000+00:00,Technical diagnosis,1.3939845633175445,event,Activity classified by event type and edit destination; original commands omitted.,rs_0a17f49d6cbd7e7a016abd32b5a0b487d2a936fbf2d6516642,3956
Coordinator,01a0f2f5-6573-73f0-be42-85c421ef911f,2026-09-30T16:03:02.960000+00:00,2026-09-30T16:03:04.840000+00:00,Testing and verification,1.8799789855181692,event,Activity classified by event type and edit destination; original commands omitted.,exec-7b311ae4-928f-486c-b7ce-839fed39c3c0,4002
Coordinator,01a0f2f5-6573-73f0-be42-85c421ef911f,2026-09-30T16:03:04.840000+00:00,2026-09-30T16:03:05.206000+00:00,Technical diagnosis,0.36599610849272524,event,Activity classified by event type and edit destination; original commands omitted.,exec-72938fce-cdfb-408a-8b4e-f00980aba679,3960
Coordinator,01a0f2f5-6573-73f0-be42-85c421ef911f,2026-09-30T16:03:05.206000+00:00,2026-09-30T16:03:08.371000+00:00,Testing and verification,3.164964792465123,event,Activity classified by event type and edit destination; original commands omitted.,exec-7b311ae4-928f-486c-b7ce-839fed39c3c0,4002
Coordinator,01a0f2f5-6573-73f0-be42-85c421ef911f,2026-09-30T16:03:08.371000+00:00,2026-09-30T16:03:23.917000+00:00,Technical diagnosis,15.545827257112935,event,Activity classified by event type and edit destination; original commands omitted.,rs_0a17f49d6cbd7e7a016abd32bc6d4c87d295862e8cf591429e,3963
Coordinator,01a0f2f5-6573-73f0-be42-85c421ef911f,2026-09-30T16:03:23.917000+00:00,2026-09-30T16:03:23.919000+00:00,Testing and verification,0.001999832819172609,event,Activity classified by event type and edit destination; original commands omitted.,exec-7b311ae4-928f-486c-b7ce-839fed39c3c0,4002
Coordinator,01a0f2f5-6573-73f0-be42-85c421ef911f,2026-09-30T16:03:23.919000+00:00,2026-09-30T16:03:39.450000+00:00,Technical diagnosis,15.530827557305418,event,Activity classified by event type and edit destination; original commands omitted.,rs_0a17f49d6cbd7e7a016abd32cbf95487d2ba279183a595cf2b,3965
Coordinator,01a0f2f5-6573-73f0-be42-85c421ef911f,2026-09-30T16:03:39.450000+00:00,2026-09-30T16:03:39.453000+00:00,Testing and verification,0.002999987644688715,event,Activity classified by event type and edit destination; original commands omitted.,exec-7b311ae4-928f-486c-b7ce-839fed39c3c0,4002
Coordinator,01a0f2f5-6573-73f0-be42-85c421ef911f,2026-09-30T16:03:39.453000+00:00,2026-09-30T16:03:55.186000+00:00,Technical diagnosis,15.732825215413573,event,Activity classified by event type and edit destination; original commands omitted.,rs_0a17f49d6cbd7e7a016abd32db818887d2a90150b687d4f8bb,3967
Coordinator,01a0f2f5-6573-73f0-be42-85c421ef911f,2026-09-30T16:03:55.186000+00:00,2026-09-30T16:03:57.543000+00:00,Testing and verification,2.356973683200658,event,Activity classified by event type and edit destination; original commands omitted.,exec-7b311ae4-928f-486c-b7ce-839fed39c3c0,4002
Coordinator,01a0f2f5-6573-73f0-be42-85c421ef911f,2026-09-30T16:03:57.543000+00:00,2026-09-30T16:03:57.832000+00:00,Technical diagnosis,0.2889968229722646,event,Activity classified by event type and edit destination; original commands omitted.,exec-f6ebd1f0-ddca-4a58-b496-741f359854db,3971
Coordinator,01a0f2f5-6573-73f0-be42-85c421ef911f,2026-09-30T16:03:57.832000+00:00,2026-09-30T16:04:02.107000+00:00,Testing and verification,4.274952591690194,event,Activity classified by event type and edit destination; original commands omitted.,exec-7b311ae4-928f-486c-b7ce-839fed39c3c0,4002
Coordinator,01a0f2f5-6573-73f0-be42-85c421ef911f,2026-09-30T16:04:02.107000+00:00,2026-09-30T16:04:04.492000+00:00,Analysis,2.3849734884124425,event,Activity classified by event type and edit destination; original commands omitted.,rs_0a17f49d6cbd7e7a016abd32f22ac887d288296913955835de,3974
Coordinator,01a0f2f5-6573-73f0-be42-85c421ef911f,2026-09-30T16:04:04.492000+00:00,2026-09-30T16:04:04.494000+00:00,Testing and verification,0.001999832819172609,event,Activity classified by event type and edit destination; original commands omitted.,exec-7b311ae4-928f-486c-b7ce-839fed39c3c0,4002
Coordinator,01a0f2f5-6573-73f0-be42-85c421ef911f,2026-09-30T16:04:04.494000+00:00,2026-09-30T16:04:05.629000+00:00,Communication and follow-up,1.1349873783762372,event,Activity classified by event type and edit destination; original commands omitted.,msg_0a17f49d6cbd7e7a016abd32f48cf887d2bb4af4de506de1ca,3976
Coordinator,01a0f2f5-6573-73f0-be42-85c421ef911f,2026-09-30T16:04:05.629000+00:00,2026-09-30T16:04:05.630000+00:00,Testing and verification,0.0010001548255161058,event,Activity classified by event type and edit destination; original commands omitted.,exec-7b311ae4-928f-486c-b7ce-839fed39c3c0,4002
Coordinator,01a0f2f5-6573-73f0-be42-85c421ef911f,2026-09-30T16:04:05.630000+00:00,2026-09-30T16:04:21.563000+00:00,Analysis,15.93282280228662,event,Activity classified by event type and edit destination; original commands omitted.,rs_0a17f49d6cbd7e7a016abd32f5b03087d2a038c7e1ab63f837,3978
Coordinator,01a0f2f5-6573-73f0-be42-85c421ef911f,2026-09-30T16:04:21.563000+00:00,2026-09-30T16:04:25.509000+00:00,Testing and verification,3.94595625134332,event,Activity classified by event type and edit destination; original commands omitted.,exec-7b311ae4-928f-486c-b7ce-839fed39c3c0,4002
Coordinator,01a0f2f5-6573-73f0-be42-85c421ef911f,2026-09-30T16:04:25.509000+00:00,2026-09-30T16:04:26.310000+00:00,Testing and verification,0.8009909791495717,event,Activity classified by event type and edit destination; original commands omitted.,call_Pc7GgekxJF4viDv5HNtqgClc,3982
Coordinator,01a0f2f5-6573-73f0-be42-85c421ef911f,2026-09-30T16:04:26.310000+00:00,2026-09-30T16:04:28.733000+00:00,Testing and verification,2.42297317296788,event,Activity classified by event type and edit destination; original commands omitted.,exec-7b311ae4-928f-486c-b7ce-839fed39c3c0,4002
Coordinator,01a0f2f5-6573-73f0-be42-85c421ef911f,2026-09-30T16:04:28.733000+00:00,2026-09-30T16:04:32.066000+00:00,Analysis,3.3329629084880423,event,Activity classified by event type and edit destination; original commands omitted.,rs_0a17f49d6cbd7e7a016abd330ccb6487d28467ca7c716fcd6a,3985
Coordinator,01a0f2f5-6573-73f0-be42-85c421ef911f,2026-09-30T16:04:32.066000+00:00,2026-09-30T16:04:35.490000+00:00,Testing and verification,3.4239619774064303,event,Activity classified by event type and edit destination; original commands omitted.,exec-7b311ae4-928f-486c-b7ce-839fed39c3c0,4002
Coordinator,01a0f2f5-6573-73f0-be42-85c421ef911f,2026-09-30T16:04:35.490000+00:00,2026-09-30T16:04:35.646000+00:00,Testing and verification,0.1559981654441642,event,Activity classified by event type and edit destination; original commands omitted.,exec-7b311ae4-928f-486c-b7ce-839fed39c3c0,4002
Coordinator,01a0f2f5-6573-73f0-be42-85c421ef911f,2026-09-30T16:04:35.646000+00:00,2026-09-30T16:04:35.968000+00:00,Technical diagnosis,0.32199644864791066,event,Activity classified by event type and edit destination; original commands omitted.,exec-9a31bbf1-8fd3-4eec-8d3f-c1e24d751a63,3990
Coordinator,01a0f2f5-6573-73f0-be42-85c421ef911f,2026-09-30T16:04:35.968000+00:00,2026-09-30T16:04:40.229000+00:00,Testing and verification,4.2609528082922665,event,Activity classified by event type and edit destination; original commands omitted.,exec-7b311ae4-928f-486c-b7ce-839fed39c3c0,4002
Coordinator,01a0f2f5-6573-73f0-be42-85c421ef911f,2026-09-30T16:04:40.229000+00:00,2026-09-30T16:04:55.778000+00:00,Analysis,15.548827244757621,event,Activity classified by event type and edit destination; original commands omitted.,rs_0a17f49d6cbd7e7a016abd331849cc87d2a5cc7427799ae822,3993
Coordinator,01a0f2f5-6573-73f0-be42-85c421ef911f,2026-09-30T16:04:55.778000+00:00,2026-09-30T16:04:55.782000+00:00,Testing and verification,0.00399990405427502,event,Activity classified by event type and edit destination; original commands omitted.,exec-7b311ae4-928f-486c-b7ce-839fed39c3c0,4002
Coordinator,01a0f2f5-6573-73f0-be42-85c421ef911f,2026-09-30T16:04:55.782000+00:00,2026-09-30T16:04:57.849000+00:00,Analysis,2.066976943818807,event,Activity classified by event type and edit destination; original commands omitted.,rs_0a17f49d6cbd7e7a016abd3327d65887d2ad4655947b4800ce,3995
Coordinator,01a0f2f5-6573-73f0-be42-85c421ef911f,2026-09-30T16:04:57.849000+00:00,2026-09-30T16:04:59.344000+00:00,Testing and verification,1.494983511579585,event,Activity classified by event type and edit destination; original commands omitted.,exec-7b311ae4-928f-486c-b7ce-839fed39c3c0,4002
Coordinator,01a0f2f5-6573-73f0-be42-85c421ef911f,2026-09-30T16:04:59.344000+00:00,2026-09-30T16:04:59.494000+00:00,Testing and verification,0.14999819015478674,event,Activity classified by event type and edit destination; original commands omitted.,call_eMWSVGuRfcMm7Ce0jjYKAfgC,3998
Coordinator,01a0f2f5-6573-73f0-be42-85c421ef911f,2026-09-30T16:04:59.494000+00:00,2026-09-30T16:05:01.412000+00:00,Testing and verification,1.9179786700736063,event,Activity classified by event type and edit destination; original commands omitted.,exec-7b311ae4-928f-486c-b7ce-839fed39c3c0,4002
Coordinator,01a0f2f5-6573-73f0-be42-85c421ef911f,2026-09-30T16:05:01.412000+00:00,2026-09-30T16:05:05.391000+00:00,Analysis,3.9789558770189655,gap assigned to next activity,Activity classified by event type and edit destination; original commands omitted.,rs_0a17f49d6cbd7e7a016abd333173a887d298589a6db469692a,4003
Coordinator,01a0f2f5-6573-73f0-be42-85c421ef911f,2026-09-30T16:05:05.391000+00:00,2026-09-30T16:05:07.785000+00:00,Analysis,2.393973451346509,event,Activity classified by event type and edit destination; original commands omitted.,rs_0a17f49d6cbd7e7a016abd333173a887d298589a6db469692a,4003
Coordinator,01a0f2f5-6573-73f0-be42-85c421ef911f,2026-09-30T16:05:07.785000+00:00,2026-09-30T16:05:09.889000+00:00,Testing and verification,2.103976473548728,gap assigned to next activity,Activity classified by event type and edit destination; original commands omitted.,call_Hj8ZouuedPMvNfqVhWNlLYdm,4006
Coordinator,01a0f2f5-6573-73f0-be42-85c421ef911f,2026-09-30T16:05:09.889000+00:00,2026-09-30T16:05:09.916000+00:00,Testing and verification,0.026999650386268635,event,Activity classified by event type and edit destination; original commands omitted.,call_Hj8ZouuedPMvNfqVhWNlLYdm,4006
Coordinator,01a0f2f5-6573-73f0-be42-85c421ef911f,2026-09-30T16:05:09.916000+00:00,2026-09-30T16:05:14.951000+00:00,Analysis,5.03494413705557,gap assigned to next activity,Activity classified by event type and edit destination; original commands omitted.,rs_0a17f49d6cbd7e7a016abd333afecc87d296ff818d61d491c6,4010
Coordinator,01a0f2f5-6573-73f0-be42-85c421ef911f,2026-09-30T16:05:14.951000+00:00,2026-09-30T16:05:30.581000+00:00,Analysis,15.629826434332356,event,Activity classified by event type and edit destination; original commands omitted.,rs_0a17f49d6cbd7e7a016abd333afecc87d296ff818d61d491c6,4010
Coordinator,01a0f2f5-6573-73f0-be42-85c421ef911f,2026-09-30T16:05:30.581000+00:00,2026-09-30T16:05:30.583000+00:00,Analysis,0.001999832819172609,gap assigned to next activity,Activity classified by event type and edit destination; original commands omitted.,rs_0a17f49d6cbd7e7a016abd334a9dec87d2a737083f4ff0a92d,4012
Coordinator,01a0f2f5-6573-73f0-be42-85c421ef911f,2026-09-30T16:05:30.583000+00:00,2026-09-30T16:05:32.052000+00:00,Analysis,1.4689837776029029,event,Activity classified by event type and edit destination; original commands omitted.,rs_0a17f49d6cbd7e7a016abd334a9dec87d2a737083f4ff0a92d,4012
Coordinator,01a0f2f5-6573-73f0-be42-85c421ef911f,2026-09-30T16:05:32.052000+00:00,2026-09-30T16:05:34.780000+00:00,Testing and verification,2.7279696121572443,gap assigned to next activity,Activity classified by event type and edit destination; original commands omitted.,call_iyaagZcGa74S0BjovwnrFq9M,4016
Coordinator,01a0f2f5-6573-73f0-be42-85c421ef911f,2026-09-30T16:05:34.780000+00:00,2026-09-30T16:05:37.826000+00:00,Testing and verification,3.0459661567508802,event,Activity classified by event type and edit destination; original commands omitted.,call_iyaagZcGa74S0BjovwnrFq9M,4016
Coordinator,01a0f2f5-6573-73f0-be42-85c421ef911f,2026-09-30T16:05:37.826000+00:00,2026-09-30T16:05:40.711000+00:00,Analysis,2.8849679324269246,gap assigned to next activity,Activity classified by event type and edit destination; original commands omitted.,rs_0a17f49d6cbd7e7a016abd3354c58487d2b511bb8d9272c8f8,4019
Coordinator,01a0f2f5-6573-73f0-be42-85c421ef911f,2026-09-30T16:05:40.711000+00:00,2026-09-30T16:05:43.867000+00:00,Analysis,3.155965067946987,event,Activity classified by event type and edit destination; original commands omitted.,rs_0a17f49d6cbd7e7a016abd3354c58487d2b511bb8d9272c8f8,4019
Coordinator,01a0f2f5-6573-73f0-be42-85c421ef911f,2026-09-30T16:05:43.867000+00:00,2026-09-30T16:05:45.930000+00:00,Testing and verification,2.062977039764532,gap assigned to next activity,Activity classified by event type and edit destination; original commands omitted.,call_EwgIjCCJe6m5WisrKty1XvuB,4023
Coordinator,01a0f2f5-6573-73f0-be42-85c421ef911f,2026-09-30T16:05:45.930000+00:00,2026-09-30T16:05:46.163000+00:00,Testing and verification,0.23299745096462487,event,Activity classified by event type and edit destination; original commands omitted.,call_EwgIjCCJe6m5WisrKty1XvuB,4023
Coordinator,01a0f2f5-6573-73f0-be42-85c421ef911f,2026-09-30T16:05:46.163000+00:00,2026-09-30T16:05:50.263000+00:00,Technical diagnosis,4.099954345552382,gap assigned to next activity,Activity classified by event type and edit destination; original commands omitted.,rs_0a17f49d6cbd7e7a016abd335e525087d2b3496f8d929d4b47,4026
Coordinator,01a0f2f5-6573-73f0-be42-85c421ef911f,2026-09-30T16:05:50.263000+00:00,2026-09-30T16:05:53.988000+00:00,Technical diagnosis,3.7249585125415203,event,Activity classified by event type and edit destination; original commands omitted.,rs_0a17f49d6cbd7e7a016abd335e525087d2b3496f8d929d4b47,4026
Coordinator,01a0f2f5-6573-73f0-be42-85c421ef911f,2026-09-30T16:05:53.988000+00:00,2026-09-30T16:05:56.362000+00:00,Technical diagnosis,2.3739736926592037,gap assigned to next activity,Activity classified by event type and edit destination; original commands omitted.,exec-5c2c3a65-c85f-45d7-9539-b4579af5e605,4030
Coordinator,01a0f2f5-6573-73f0-be42-85c421ef911f,2026-09-30T16:05:56.362000+00:00,2026-09-30T16:05:56.708000+00:00,Technical diagnosis,0.34599611138949055,event,Activity classified by event type and edit destination; original commands omitted.,exec-5c2c3a65-c85f-45d7-9539-b4579af5e605,4030
Coordinator,01a0f2f5-6573-73f0-be42-85c421ef911f,2026-09-30T16:05:56.708000+00:00,2026-09-30T16:06:02.685000+00:00,Analysis,5.9769335818417915,gap assigned to next activity,Activity classified by event type and edit destination; original commands omitted.,rs_0a17f49d6cbd7e7a016abd336abe2487d29c4aec0eaf9b9cd6,4033
Coordinator,01a0f2f5-6573-73f0-be42-85c421ef911f,2026-09-30T16:06:02.685000+00:00,2026-09-30T16:06:05.660000+00:00,Analysis,2.974967084935727,event,Activity classified by event type and edit destination; original commands omitted.,rs_0a17f49d6cbd7e7a016abd336abe2487d29c4aec0eaf9b9cd6,4033
Coordinator,01a0f2f5-6573-73f0-be42-85c421ef911f,2026-09-30T16:06:05.660000+00:00,2026-09-30T16:06:09.453000+00:00,Analysis,3.7929578351279143,gap assigned to next activity,Activity classified by event type and edit destination; original commands omitted.,exec-b4c52987-ac9c-462d-867d-9b708c8017b1,4037
Coordinator,01a0f2f5-6573-73f0-be42-85c421ef911f,2026-09-30T16:06:09.453000+00:00,2026-09-30T16:06:09.756000+00:00,Analysis,0.30299660637019205,event,Activity classified by event type and edit destination; original commands omitted.,exec-b4c52987-ac9c-462d-867d-9b708c8017b1,4037
Coordinator,01a0f2f5-6573-73f0-be42-85c421ef911f,2026-09-30T16:06:09.756000+00:00,2026-09-30T16:06:19.100000+00:00,Analysis,9.343896032415067,gap assigned to next activity,Activity classified by event type and edit destination; original commands omitted.,rs_0a17f49d6cbd7e7a016abd337b295487d2833379427362b886,4040
Coordinator,01a0f2f5-6573-73f0-be42-85c421ef911f,2026-09-30T16:06:19.100000+00:00,2026-09-30T16:06:32.871000+00:00,Analysis,13.77084712391108,event,Activity classified by event type and edit destination; original commands omitted.,rs_0a17f49d6cbd7e7a016abd337b295487d2833379427362b886,4040
Coordinator,01a0f2f5-6573-73f0-be42-85c421ef911f,2026-09-30T16:06:32.871000+00:00,2026-09-30T16:06:32.881000+00:00,Communication and follow-up,0.00999987934365245,gap assigned to next activity,Activity classified by event type and edit destination; original commands omitted.,msg_0a17f49d6cbd7e7a016abd3388f02c87d29bf811c05ae2d7fb,4042
Coordinator,01a0f2f5-6573-73f0-be42-85c421ef911f,2026-09-30T16:06:32.881000+00:00,2026-09-30T16:06:34.511000+00:00,Communication and follow-up,1.6299817635109284,event,Activity classified by event type and edit destination; original commands omitted.,msg_0a17f49d6cbd7e7a016abd3388f02c87d29bf811c05ae2d7fb,4042
Coordinator,01a0f2f5-6573-73f0-be42-85c421ef911f,2026-09-30T16:06:34.511000+00:00,2026-09-30T16:06:49.358000+00:00,Analysis,14.846835142634989,gap assigned to next activity,Activity classified by event type and edit destination; original commands omitted.,exec-40204988-0339-4eaa-b9f5-aa5371a2a2fa,4056
Coordinator,01a0f2f5-6573-73f0-be42-85c421ef911f,2026-09-30T16:06:49.358000+00:00,2026-09-30T16:06:50.515000+00:00,Analysis,1.1569872082986445,event,Activity classified by event type and edit destination; original commands omitted.,exec-40204988-0339-4eaa-b9f5-aa5371a2a2fa,4056
Coordinator,01a0f2f5-6573-73f0-be42-85c421ef911f,2026-09-30T16:06:50.515000+00:00,2026-09-30T16:06:50.807000+00:00,Analysis,0.2919965722010235,event,Activity classified by event type and edit destination; original commands omitted.,exec-b52709de-6225-4ac4-ad4b-4b559aa5f218,4046
Coordinator,01a0f2f5-6573-73f0-be42-85c421ef911f,2026-09-30T16:06:50.807000+00:00,2026-09-30T16:06:52.715000+00:00,Analysis,1.9079787907299541,event,Activity classified by event type and edit destination; original commands omitted.,exec-40204988-0339-4eaa-b9f5-aa5371a2a2fa,4056
Coordinator,01a0f2f5-6573-73f0-be42-85c421ef911f,2026-09-30T16:06:52.715000+00:00,2026-09-30T16:07:08.422000+00:00,Technical diagnosis,15.706825481436889,event,Activity classified by event type and edit destination; original commands omitted.,rs_0a17f49d6cbd7e7a016abd339cc6b887d29b16ee7746c3139a,4049
Coordinator,01a0f2f5-6573-73f0-be42-85c421ef911f,2026-09-30T16:07:08.422000+00:00,2026-09-30T16:07:11.507000+00:00,Analysis,3.0849657577159033,event,Activity classified by event type and edit destination; original commands omitted.,exec-40204988-0339-4eaa-b9f5-aa5371a2a2fa,4056
Coordinator,01a0f2f5-6573-73f0-be42-85c421ef911f,2026-09-30T16:07:11.507000+00:00,2026-09-30T16:07:11.789000+00:00,Technical diagnosis,0.28199693127330083,event,Activity classified by event type and edit destination; original commands omitted.,exec-45f2cfe9-ad9e-4527-85e6-c92f6901213c,4053
Coordinator,01a0f2f5-6573-73f0-be42-85c421ef911f,2026-09-30T16:07:11.789000+00:00,2026-09-30T16:07:15.026000+00:00,Analysis,3.2369640191057925,event,Activity classified by event type and edit destination; original commands omitted.,exec-40204988-0339-4eaa-b9f5-aa5371a2a2fa,4056
Coordinator,01a0f2f5-6573-73f0-be42-85c421ef911f,2026-09-30T16:07:15.026000+00:00,2026-09-30T16:07:16.551000+00:00,Technical diagnosis,1.5249831496105424,event,Activity classified by event type and edit destination; original commands omitted.,rs_0a17f49d6cbd7e7a016abd33b3159487d29a12dd0d167aff8a,4057
Coordinator,01a0f2f5-6573-73f0-be42-85c421ef911f,2026-09-30T16:07:16.551000+00:00,2026-09-30T16:07:18.444000+00:00,Technical diagnosis,1.8929788525065105,event,Activity classified by event type and edit destination; original commands omitted.,rs_0a17f49d6cbd7e7a016abd33b3159487d29a12dd0d167aff8a,4057
Coordinator,01a0f2f5-6573-73f0-be42-85c421ef911f,2026-09-30T16:07:18.444000+00:00,2026-09-30T16:07:20.198000+00:00,Technical diagnosis,1.7539804581049625,gap assigned to next activity,Activity classified by event type and edit destination; original commands omitted.,exec-550886ee-2469-4ab7-a94e-0230c1db5b2f,4061
Coordinator,01a0f2f5-6573-73f0-be42-85c421ef911f,2026-09-30T16:07:20.198000+00:00,2026-09-30T16:07:20.506000+00:00,Technical diagnosis,0.3079966652499832,event,Activity classified by event type and edit destination; original commands omitted.,exec-550886ee-2469-4ab7-a94e-0230c1db5b2f,4061
Coordinator,01a0f2f5-6573-73f0-be42-85c421ef911f,2026-09-30T16:07:20.506000+00:00,2026-09-30T16:07:24.006000+00:00,Analysis,3.4999611081013753,gap assigned to next activity,Activity classified by event type and edit destination; original commands omitted.,rs_0a17f49d6cbd7e7a016abd33bc112087d2810cea4b6b8bcd56,4064
Coordinator,01a0f2f5-6573-73f0-be42-85c421ef911f,2026-09-30T16:07:24.006000+00:00,2026-09-30T16:07:28.379000+00:00,Analysis,4.372951313891616,event,Activity classified by event type and edit destination; original commands omitted.,rs_0a17f49d6cbd7e7a016abd33bc112087d2810cea4b6b8bcd56,4064
Coordinator,01a0f2f5-6573-73f0-be42-85c421ef911f,2026-09-30T16:07:28.379000+00:00,2026-09-30T16:07:32.180000+00:00,Communication and follow-up,3.8009578816523946,gap assigned to next activity,Activity classified by event type and edit destination; original commands omitted.,call_cOZ9U1UDrJyIU4TaFmYweNAu,4067
Coordinator,01a0f2f5-6573-73f0-be42-85c421ef911f,2026-09-30T16:07:32.180000+00:00,2026-09-30T16:07:34.720000+00:00,Analysis,2.5399717374470203,gap assigned to next activity,Activity classified by event type and edit destination; original commands omitted.,rs_0a17f49d6cbd7e7a016abd33c6bf6087d2be6c56629e9fb69f,4071
Coordinator,01a0f2f5-6573-73f0-be42-85c421ef911f,2026-09-30T16:07:34.720000+00:00,2026-09-30T16:07:50.374000+00:00,Analysis,15.653826097073939,event,Activity classified by event type and edit destination; original commands omitted.,rs_0a17f49d6cbd7e7a016abd33c6bf6087d2be6c56629e9fb69f,4071
Coordinator,01a0f2f5-6573-73f0-be42-85c421ef911f,2026-09-30T16:07:50.374000+00:00,2026-09-30T16:07:51.680000+00:00,Testing and verification,1.305985482043845,gap assigned to next activity,Activity classified by event type and edit destination; original commands omitted.,exec-c11b598a-c526-425a-b2e2-73e07f314b95,4074
Coordinator,01a0f2f5-6573-73f0-be42-85c421ef911f,2026-09-30T16:07:51.680000+00:00,2026-09-30T16:07:56.647000+00:00,Communication and follow-up,4.9669448144691755,gap assigned to next activity,Activity classified by event type and edit destination; original commands omitted.,subagent-completed-01a0f312-3654-7942-9cae-2264287067b4,4078
Coordinator,01a0f2f5-6573-73f0-be42-85c421ef911f,2026-09-30T16:07:56.647000+00:00,2026-09-30T16:07:58.095000+00:00,Analysis,1.4479838640900817,gap assigned to next activity,Activity classified by event type and edit destination; original commands omitted.,rs_0a17f49d6cbd7e7a016abd33de282487d291ffc3e76d4980b7,4079
Coordinator,01a0f2f5-6573-73f0-be42-85c421ef911f,2026-09-30T16:07:58.095000+00:00,2026-09-30T16:08:04.525000+00:00,Analysis,6.429928616782701,event,Activity classified by event type and edit destination; original commands omitted.,rs_0a17f49d6cbd7e7a016abd33de282487d291ffc3e76d4980b7,4079
Coordinator,01a0f2f5-6573-73f0-be42-85c421ef911f,2026-09-30T16:08:04.525000+00:00,2026-09-30T16:08:12.023000+00:00,Testing and verification,7.49791658898213,gap assigned to next activity,Activity classified by event type and edit destination; original commands omitted.,call_zLxS32FnW5p7B2I4rHqRMTMA,4086
Coordinator,01a0f2f5-6573-73f0-be42-85c421ef911f,2026-09-30T16:08:12.023000+00:00,2026-09-30T16:08:12.687000+00:00,Testing and verification,0.6639926559831262,event,Activity classified by event type and edit destination; original commands omitted.,call_zLxS32FnW5p7B2I4rHqRMTMA,4086
Coordinator,01a0f2f5-6573-73f0-be42-85c421ef911f,2026-09-30T16:08:12.687000+00:00,2026-09-30T16:08:15.299000+00:00,Technical diagnosis,2.61197096408769,gap assigned to next activity,Activity classified by event type and edit destination; original commands omitted.,rs_0a17f49d6cbd7e7a016abd33ef58f887d29140e04355985b3f,4089
Coordinator,01a0f2f5-6573-73f0-be42-85c421ef911f,2026-09-30T16:08:15.299000+00:00,2026-09-30T16:08:22.539000+00:00,Technical diagnosis,7.2399195588663385,event,Activity classified by event type and edit destination; original commands omitted.,rs_0a17f49d6cbd7e7a016abd33ef58f887d29140e04355985b3f,4089
Coordinator,01a0f2f5-6573-73f0-be42-85c421ef911f,2026-09-30T16:08:22.539000+00:00,2026-09-30T16:08:37.911000+00:00,Technical diagnosis,15.371829165800635,gap assigned to next activity,Activity classified by event type and edit destination; original commands omitted.,exec-e589d955-e68e-477e-95a8-b34fcb96b4fe,4101
Coordinator,01a0f2f5-6573-73f0-be42-85c421ef911f,2026-09-30T16:08:37.911000+00:00,2026-09-30T16:08:41.635000+00:00,Technical diagnosis,3.7239585961319337,event,Activity classified by event type and edit destination; original commands omitted.,exec-e589d955-e68e-477e-95a8-b34fcb96b4fe,4101
Coordinator,01a0f2f5-6573-73f0-be42-85c421ef911f,2026-09-30T16:08:41.635000+00:00,2026-09-30T16:08:43.586000+00:00,Technical diagnosis,1.9509782957492525,event,Activity classified by event type and edit destination; original commands omitted.,rs_0a17f49d6cbd7e7a016abd3409b1e087d2b4a156861f57bda2,4095
Coordinator,01a0f2f5-6573-73f0-be42-85c421ef911f,2026-09-30T16:08:43.586000+00:00,2026-09-30T16:08:43.587000+00:00,Technical diagnosis,0.0009999164095863045,event,Activity classified by event type and edit destination; original commands omitted.,exec-e589d955-e68e-477e-95a8-b34fcb96b4fe,4101
Coordinator,01a0f2f5-6573-73f0-be42-85c421ef911f,2026-09-30T16:08:43.587000+00:00,2026-09-30T16:08:45.152000+00:00,Communication and follow-up,1.564982666985152,event,Activity classified by event type and edit destination; original commands omitted.,msg_0a17f49d6cbd7e7a016abd340ba17c87d2b954ca8d62729fb0,4097
Coordinator,01a0f2f5-6573-73f0-be42-85c421ef911f,2026-09-30T16:08:45.152000+00:00,2026-09-30T16:08:45.154000+00:00,Technical diagnosis,0.0020000712351024106,event,Activity classified by event type and edit destination; original commands omitted.,exec-e589d955-e68e-477e-95a8-b34fcb96b4fe,4101
Coordinator,01a0f2f5-6573-73f0-be42-85c421ef911f,2026-09-30T16:08:45.154000+00:00,2026-09-30T16:09:01.661000+00:00,Technical diagnosis,16.506816544176875,event,Activity classified by event type and edit destination; original commands omitted.,rs_0a17f49d6cbd7e7a016abd340d362487d28c1abe50018d4583,4099
Coordinator,01a0f2f5-6573-73f0-be42-85c421ef911f,2026-09-30T16:09:01.661000+00:00,2026-09-30T16:09:01.663000+00:00,Technical diagnosis,0.0020000712351024106,event,Activity classified by event type and edit destination; original commands omitted.,exec-e589d955-e68e-477e-95a8-b34fcb96b4fe,4101
Coordinator,01a0f2f5-6573-73f0-be42-85c421ef911f,2026-09-30T16:09:01.663000+00:00,2026-09-30T16:09:03.509000+00:00,Technical diagnosis,1.845979443432937,event,Activity classified by event type and edit destination; original commands omitted.,rs_0a17f49d6cbd7e7a016abd341db66487d2b75d04d61fcdecef,4102
Coordinator,01a0f2f5-6573-73f0-be42-85c421ef911f,2026-09-30T16:09:03.509000+00:00,2026-09-30T16:09:11.230000+00:00,Technical diagnosis,7.720914160603103,event,Activity classified by event type and edit destination; original commands omitted.,rs_0a17f49d6cbd7e7a016abd341db66487d2b75d04d61fcdecef,4102
Coordinator,01a0f2f5-6573-73f0-be42-85c421ef911f,2026-09-30T16:09:11.230000+00:00,2026-09-30T16:09:14.637000+00:00,Technical diagnosis,3.406962206363814,gap assigned to next activity,Activity classified by event type and edit destination; original commands omitted.,exec-fe7508cc-2835-4da3-a1d9-acf3701cebf1,4106
Coordinator,01a0f2f5-6573-73f0-be42-85c421ef911f,2026-09-30T16:09:14.637000+00:00,2026-09-30T16:09:15.055000+00:00,Technical diagnosis,0.4179953380301601,event,Activity classified by event type and edit destination; original commands omitted.,exec-fe7508cc-2835-4da3-a1d9-acf3701cebf1,4106
Coordinator,01a0f2f5-6573-73f0-be42-85c421ef911f,2026-09-30T16:09:15.055000+00:00,2026-09-30T16:09:19.503000+00:00,Analysis,4.447950528176974,gap assigned to next activity,Activity classified by event type and edit destination; original commands omitted.,rs_0a17f49d6cbd7e7a016abd342f8fa487d2bf32d420e2b40381,4109
Coordinator,01a0f2f5-6573-73f0-be42-85c421ef911f,2026-09-30T16:09:19.503000+00:00,2026-09-30T16:09:31.391000+00:00,Analysis,11.887867912332293,event,Activity classified by event type and edit destination; original commands omitted.,rs_0a17f49d6cbd7e7a016abd342f8fa487d2bf32d420e2b40381,4109
Coordinator,01a0f2f5-6573-73f0-be42-85c421ef911f,2026-09-30T16:09:31.391000+00:00,2026-09-30T16:09:36.552000+00:00,Analysis,5.160942664468776,gap assigned to next activity,Activity classified by event type and edit destination; original commands omitted.,exec-519761e6-2583-4a91-95c4-964b78f84194,4113
Coordinator,01a0f2f5-6573-73f0-be42-85c421ef911f,2026-09-30T16:09:36.552000+00:00,2026-09-30T16:09:36.868000+00:00,Analysis,0.3159964733585332,event,Activity classified by event type and edit destination; original commands omitted.,exec-519761e6-2583-4a91-95c4-964b78f84194,4113
Coordinator,01a0f2f5-6573-73f0-be42-85c421ef911f,2026-09-30T16:09:36.868000+00:00,2026-09-30T16:09:39.508000+00:00,Analysis,2.639970530883545,gap assigned to next activity,Activity classified by event type and edit destination; original commands omitted.,rs_0a17f49d6cbd7e7a016abd3443913487d2b6640816b7547792,4116
Coordinator,01a0f2f5-6573-73f0-be42-85c421ef911f,2026-09-30T16:09:39.508000+00:00,2026-09-30T16:09:55.097000+00:00,Analysis,15.58882676213223,event,Activity classified by event type and edit destination; original commands omitted.,rs_0a17f49d6cbd7e7a016abd3443913487d2b6640816b7547792,4116
Coordinator,01a0f2f5-6573-73f0-be42-85c421ef911f,2026-09-30T16:09:55.097000+00:00,2026-09-30T16:09:55.104000+00:00,Analysis,0.007000130114893537,gap assigned to next activity,Activity classified by event type and edit destination; original commands omitted.,rs_0a17f49d6cbd7e7a016abd3453228c87d29fa99e9cabe21dc4,4118
Coordinator,01a0f2f5-6573-73f0-be42-85c421ef911f,2026-09-30T16:09:55.104000+00:00,2026-09-30T16:09:59.464000+00:00,Analysis,4.359951446903275,event,Activity classified by event type and edit destination; original commands omitted.,rs_0a17f49d6cbd7e7a016abd3453228c87d29fa99e9cabe21dc4,4118
Coordinator,01a0f2f5-6573-73f0-be42-85c421ef911f,2026-09-30T16:09:59.464000+00:00,2026-09-30T16:09:59.466000+00:00,Communication and follow-up,0.0020000712351024106,gap assigned to next activity,Activity classified by event type and edit destination; original commands omitted.,msg_0a17f49d6cbd7e7a016abd345785c087d2bf4f1f65fa69835c,4120
Coordinator,01a0f2f5-6573-73f0-be42-85c421ef911f,2026-09-30T16:09:59.466000+00:00,2026-09-30T16:10:01.336000+00:00,Communication and follow-up,1.869979106174517,event,Activity classified by event type and edit destination; original commands omitted.,msg_0a17f49d6cbd7e7a016abd345785c087d2bf4f1f65fa69835c,4120
Coordinator,01a0f2f5-6573-73f0-be42-85c421ef911f,2026-09-30T16:10:01.336000+00:00,2026-09-30T16:11:12.126000+00:00,Documentation,70.78921334542383,gap assigned to next activity,Activity classified by event type and edit destination; original commands omitted.,exec-74b4fb2b-49ab-43e1-b4fa-0faaf2cae9be,4124
Coordinator,01a0f2f5-6573-73f0-be42-85c421ef911f,2026-09-30T16:11:12.126000+00:00,2026-09-30T16:11:12.989000+00:00,Documentation,0.8629905648625187,event,Activity classified by event type and edit destination; original commands omitted.,exec-74b4fb2b-49ab-43e1-b4fa-0faaf2cae9be,4124
Coordinator,01a0f2f5-6573-73f0-be42-85c421ef911f,2026-09-30T16:11:12.989000+00:00,2026-09-30T16:11:15.941000+00:00,Analysis,2.951967100187803,gap assigned to next activity,Activity classified by event type and edit destination; original commands omitted.,rs_0a17f49d6cbd7e7a016abd34a3ff6887d2b75dac9a123d49a0,4127
Coordinator,01a0f2f5-6573-73f0-be42-85c421ef911f,2026-09-30T16:11:15.941000+00:00,2026-09-30T16:11:23.867000+00:00,Analysis,7.925912044771873,event,Activity classified by event type and edit destination; original commands omitted.,rs_0a17f49d6cbd7e7a016abd34a3ff6887d2b75dac9a123d49a0,4127
Coordinator,01a0f2f5-6573-73f0-be42-85c421ef911f,2026-09-30T16:11:23.867000+00:00,2026-09-30T16:11:28.758000+00:00,Analysis,4.890945445358302,gap assigned to next activity,Activity classified by event type and edit destination; original commands omitted.,exec-2406f215-2a8a-4497-9170-bb944a0990ae,4131
Coordinator,01a0f2f5-6573-73f0-be42-85c421ef911f,2026-09-30T16:11:28.758000+00:00,2026-09-30T16:11:29.127000+00:00,Analysis,0.36899609613741396,event,Activity classified by event type and edit destination; original commands omitted.,exec-2406f215-2a8a-4497-9170-bb944a0990ae,4131
Coordinator,01a0f2f5-6573-73f0-be42-85c421ef911f,2026-09-30T16:11:29.127000+00:00,2026-09-30T16:11:32.829000+00:00,Analysis,3.7019587662095264,gap assigned to next activity,Activity classified by event type and edit destination; original commands omitted.,rs_0a17f49d6cbd7e7a016abd34b4e36887d28e00c27a8d7ab15c,4134
Coordinator,01a0f2f5-6573-73f0-be42-85c421ef911f,2026-09-30T16:11:32.829000+00:00,2026-09-30T16:11:34.310000+00:00,Analysis,1.480983489765728,event,Activity classified by event type and edit destination; original commands omitted.,rs_0a17f49d6cbd7e7a016abd34b4e36887d28e00c27a8d7ab15c,4134
Coordinator,01a0f2f5-6573-73f0-be42-85c421ef911f,2026-09-30T16:11:34.310000+00:00,2026-09-30T16:11:41.913000+00:00,Documentation,7.602915679714375,gap assigned to next activity,Activity classified by event type and edit destination; original commands omitted.,exec-f2447c21-cf0b-4a21-a415-2d6a30675493,4138
Coordinator,01a0f2f5-6573-73f0-be42-85c421ef911f,2026-09-30T16:11:41.913000+00:00,2026-09-30T16:11:42.484000+00:00,Documentation,0.5709935158296356,event,Activity classified by event type and edit destination; original commands omitted.,exec-f2447c21-cf0b-4a21-a415-2d6a30675493,4138
Coordinator,01a0f2f5-6573-73f0-be42-85c421ef911f,2026-09-30T16:11:42.484000+00:00,2026-09-30T16:11:42.487000+00:00,Testing and verification,0.002999987644688715,gap assigned to next activity,Activity classified by event type and edit destination; original commands omitted.,exec-b42f45b6-913b-4045-827a-43dfbd516508,4139
Coordinator,01a0f2f5-6573-73f0-be42-85c421ef911f,2026-09-30T16:11:42.487000+00:00,2026-09-30T16:11:47.053000+00:00,Analysis,4.5659492474816314,gap assigned to next activity,Activity classified by event type and edit destination; original commands omitted.,rs_0a17f49d6cbd7e7a016abd34c31cc487d28ce6501f58934cee,4142
Coordinator,01a0f2f5-6573-73f0-be42-85c421ef911f,2026-09-30T16:11:47.053000+00:00,2026-09-30T16:12:00.515000+00:00,Analysis,13.46185054225151,event,Activity classified by event type and edit destination; original commands omitted.,rs_0a17f49d6cbd7e7a016abd34c31cc487d28ce6501f58934cee,4142
Coordinator,01a0f2f5-6573-73f0-be42-85c421ef911f,2026-09-30T16:12:00.515000+00:00,2026-09-30T16:12:00.523000+00:00,Communication and follow-up,0.00799980810855004,gap assigned to next activity,Activity classified by event type and edit destination; original commands omitted.,msg_0a17f49d6cbd7e7a016abd34d0947087d2bd6d5316eceabab5,4144
Coordinator,01a0f2f5-6573-73f0-be42-85c421ef911f,2026-09-30T16:12:00.523000+00:00,2026-09-30T16:12:03.527000+00:00,Communication and follow-up,3.0039665681411676,event,Activity classified by event type and edit destination; original commands omitted.,msg_0a17f49d6cbd7e7a016abd34d0947087d2bd6d5316eceabab5,4144
Graph presentation,01a0f2fc-dff0-71b1-a771-95ae025b05b9,2026-09-30T15:44:13.819000+00:00,2026-09-30T15:44:18.226000+00:00,Analysis,4.406901191253606,gap assigned to next activity,Activity classified by event type and edit destination; original commands omitted.,rs_0f10f54d0cdfbf3e016abd2e52506087d282f27a63c68ad3c3,11
Graph presentation,01a0f2fc-dff0-71b1-a771-95ae025b05b9,2026-09-30T15:44:18.226000+00:00,2026-09-30T15:44:19.336000+00:00,Analysis,1.1099749916059574,event,Activity classified by event type and edit destination; original commands omitted.,rs_0f10f54d0cdfbf3e016abd2e52506087d282f27a63c68ad3c3,11
Graph presentation,01a0f2fc-dff0-71b1-a771-95ae025b05b9,2026-09-30T15:44:19.336000+00:00,2026-09-30T15:44:19.344000+00:00,Communication and follow-up,0.007999955934086042,gap assigned to next activity,Activity classified by event type and edit destination; original commands omitted.,msg_0f10f54d0cdfbf3e016abd2e536f5087d2ae3cceb4bcd87ace,13
Graph presentation,01a0f2fc-dff0-71b1-a771-95ae025b05b9,2026-09-30T15:44:19.344000+00:00,2026-09-30T15:44:20.901000+00:00,Communication and follow-up,1.556964989604615,event,Activity classified by event type and edit destination; original commands omitted.,msg_0f10f54d0cdfbf3e016abd2e536f5087d2ae3cceb4bcd87ace,13
Graph presentation,01a0f2fc-dff0-71b1-a771-95ae025b05b9,2026-09-30T15:44:20.901000+00:00,2026-09-30T15:44:24.557000+00:00,Analysis,3.65591787443751,gap assigned to next activity,Activity classified by event type and edit destination; original commands omitted.,exec-cf666c8b-1c15-4bc5-934c-02c6f3321c92,17
Graph presentation,01a0f2fc-dff0-71b1-a771-95ae025b05b9,2026-09-30T15:44:24.557000+00:00,2026-09-30T15:44:24.845000+00:00,Analysis,0.28799364536249666,event,Activity classified by event type and edit destination; original commands omitted.,exec-cf666c8b-1c15-4bc5-934c-02c6f3321c92,17
Graph presentation,01a0f2fc-dff0-71b1-a771-95ae025b05b9,2026-09-30T15:44:24.845000+00:00,2026-09-30T15:44:31.525000+00:00,Analysis,6.679850197090805,gap assigned to next activity,Activity classified by event type and edit destination; original commands omitted.,exec-bce4a0a3-44f5-4d86-bf33-cd3062e1c6b4,22
Graph presentation,01a0f2fc-dff0-71b1-a771-95ae025b05b9,2026-09-30T15:44:31.525000+00:00,2026-09-30T15:44:31.806000+00:00,Analysis,0.28099359451521005,event,Activity classified by event type and edit destination; original commands omitted.,exec-bce4a0a3-44f5-4d86-bf33-cd3062e1c6b4,22
Graph presentation,01a0f2fc-dff0-71b1-a771-95ae025b05b9,2026-09-30T15:44:31.806000+00:00,2026-09-30T15:44:37.461000+00:00,Analysis,5.654873098193555,gap assigned to next activity,Activity classified by event type and edit destination; original commands omitted.,exec-2a3b3e43-b4c5-49fa-838f-a7beeddb40a7,27
Graph presentation,01a0f2fc-dff0-71b1-a771-95ae025b05b9,2026-09-30T15:44:37.461000+00:00,2026-09-30T15:44:37.731000+00:00,Analysis,0.2699939233207256,event,Activity classified by event type and edit destination; original commands omitted.,exec-2a3b3e43-b4c5-49fa-838f-a7beeddb40a7,27
Graph presentation,01a0f2fc-dff0-71b1-a771-95ae025b05b9,2026-09-30T15:44:37.731000+00:00,2026-09-30T15:44:47.238000+00:00,Analysis,9.506786674437569,gap assigned to next activity,Activity classified by event type and edit destination; original commands omitted.,exec-35b3437a-69d4-41ff-b133-e91d48b77ce7,32
Graph presentation,01a0f2fc-dff0-71b1-a771-95ae025b05b9,2026-09-30T15:44:47.238000+00:00,2026-09-30T15:44:47.518000+00:00,Analysis,0.27999368942841063,event,Activity classified by event type and edit destination; original commands omitted.,exec-35b3437a-69d4-41ff-b133-e91d48b77ce7,32
Graph presentation,01a0f2fc-dff0-71b1-a771-95ae025b05b9,2026-09-30T15:44:47.518000+00:00,2026-09-30T15:44:54.691000+00:00,Analysis,7.172839166867459,gap assigned to next activity,Activity classified by event type and edit destination; original commands omitted.,exec-8e3a7ac5-20cf-4ae1-be4c-02e2dfb58a2a,37
Graph presentation,01a0f2fc-dff0-71b1-a771-95ae025b05b9,2026-09-30T15:44:54.691000+00:00,2026-09-30T15:44:54.951000+00:00,Analysis,0.2599941572130406,event,Activity classified by event type and edit destination; original commands omitted.,exec-8e3a7ac5-20cf-4ae1-be4c-02e2dfb58a2a,37
Graph presentation,01a0f2fc-dff0-71b1-a771-95ae025b05b9,2026-09-30T15:44:54.951000+00:00,2026-09-30T15:44:58.491000+00:00,Analysis,3.539920539905718,gap assigned to next activity,Activity classified by event type and edit destination; original commands omitted.,rs_0f10f54d0cdfbf3e016abd2e7a956487d2943beaac793b66f3,40
Graph presentation,01a0f2fc-dff0-71b1-a771-95ae025b05b9,2026-09-30T15:44:58.491000+00:00,2026-09-30T15:44:59.233000+00:00,Analysis,0.7419834557952106,event,Activity classified by event type and edit destination; original commands omitted.,rs_0f10f54d0cdfbf3e016abd2e7a956487d2943beaac793b66f3,40
Graph presentation,01a0f2fc-dff0-71b1-a771-95ae025b05b9,2026-09-30T15:44:59.233000+00:00,2026-09-30T15:45:04.877000+00:00,Analysis,5.643873426999071,gap assigned to next activity,Activity classified by event type and edit destination; original commands omitted.,exec-36d975e3-82b2-47b3-8696-224ca5a031ce,44
Graph presentation,01a0f2fc-dff0-71b1-a771-95ae025b05b9,2026-09-30T15:45:04.877000+00:00,2026-09-30T15:45:05.153000+00:00,Analysis,0.2759938306679826,event,Activity classified by event type and edit destination; original commands omitted.,exec-36d975e3-82b2-47b3-8696-224ca5a031ce,44
Graph presentation,01a0f2fc-dff0-71b1-a771-95ae025b05b9,2026-09-30T15:45:05.153000+00:00,2026-09-30T15:45:06.556000+00:00,Analysis,1.4029684008156815,gap assigned to next activity,Activity classified by event type and edit destination; original commands omitted.,rs_0f10f54d0cdfbf3e016abd2e82a50887d2b2c7da25dcceaced,47
Graph presentation,01a0f2fc-dff0-71b1-a771-95ae025b05b9,2026-09-30T15:45:06.556000+00:00,2026-09-30T15:45:21.068000+00:00,Analysis,14.511674498805137,event,Activity classified by event type and edit destination; original commands omitted.,rs_0f10f54d0cdfbf3e016abd2e82a50887d2b2c7da25dcceaced,47
Graph presentation,01a0f2fc-dff0-71b1-a771-95ae025b05b9,2026-09-30T15:45:21.068000+00:00,2026-09-30T15:45:25.964000+00:00,Analysis,4.895890063856602,gap assigned to next activity,Activity classified by event type and edit destination; original commands omitted.,exec-a7be0c67-f5fb-4dbd-876e-1f5dc7a27f22,51
Graph presentation,01a0f2fc-dff0-71b1-a771-95ae025b05b9,2026-09-30T15:45:25.964000+00:00,2026-09-30T15:45:26.321000+00:00,Analysis,0.3569921030294923,event,Activity classified by event type and edit destination; original commands omitted.,exec-a7be0c67-f5fb-4dbd-876e-1f5dc7a27f22,51
Graph presentation,01a0f2fc-dff0-71b1-a771-95ae025b05b9,2026-09-30T15:45:26.321000+00:00,2026-09-30T15:45:32.140000+00:00,Analysis,5.818869453090173,gap assigned to next activity,Activity classified by event type and edit destination; original commands omitted.,exec-f41a2b70-02af-4c8d-b17b-ae0fa23c313d,56
Graph presentation,01a0f2fc-dff0-71b1-a771-95ae025b05b9,2026-09-30T15:45:32.140000+00:00,2026-09-30T15:45:32.398000+00:00,Analysis,0.2579941086262115,event,Activity classified by event type and edit destination; original commands omitted.,exec-f41a2b70-02af-4c8d-b17b-ae0fa23c313d,56
Graph presentation,01a0f2fc-dff0-71b1-a771-95ae025b05b9,2026-09-30T15:45:32.398000+00:00,2026-09-30T15:45:35.340000+00:00,Analysis,2.941933906791755,gap assigned to next activity,Activity classified by event type and edit destination; original commands omitted.,rs_0f10f54d0cdfbf3e016abd2e9f6ee487d29a9a3f4303418d6b,59
Graph presentation,01a0f2fc-dff0-71b1-a771-95ae025b05b9,2026-09-30T15:45:35.340000+00:00,2026-09-30T15:45:50.926000+00:00,Analysis,15.58565052315401,event,Activity classified by event type and edit destination; original commands omitted.,rs_0f10f54d0cdfbf3e016abd2e9f6ee487d29a9a3f4303418d6b,59
Graph presentation,01a0f2fc-dff0-71b1-a771-95ae025b05b9,2026-09-30T15:45:50.926000+00:00,2026-09-30T15:45:50.931000+00:00,Communication and follow-up,0.004999763847227489,gap assigned to next activity,Activity classified by event type and edit destination; original commands omitted.,msg_0f10f54d0cdfbf3e016abd2eaf05e087d2b2dec324c2e8cb66,61
Graph presentation,01a0f2fc-dff0-71b1-a771-95ae025b05b9,2026-09-30T15:45:50.931000+00:00,2026-09-30T15:45:52.644000+00:00,Communication and follow-up,1.7129616269803773,event,Activity classified by event type and edit destination; original commands omitted.,msg_0f10f54d0cdfbf3e016abd2eaf05e087d2b2dec324c2e8cb66,61
Graph presentation,01a0f2fc-dff0-71b1-a771-95ae025b05b9,2026-09-30T15:45:52.644000+00:00,2026-09-30T15:47:19.987000+00:00,Implementation,87.3410403444119,gap assigned to next activity,Activity classified by event type and edit destination; original commands omitted.,exec-0124b189-da50-4b5e-b7eb-26dba734dd64,65
Graph presentation,01a0f2fc-dff0-71b1-a771-95ae025b05b9,2026-09-30T15:47:19.987000+00:00,2026-09-30T15:47:20.330000+00:00,Implementation,0.3429922397481493,event,Activity classified by event type and edit destination; original commands omitted.,exec-0124b189-da50-4b5e-b7eb-26dba734dd64,65
Graph presentation,01a0f2fc-dff0-71b1-a771-95ae025b05b9,2026-09-30T15:47:20.330000+00:00,2026-09-30T15:47:21.995000+00:00,Analysis,1.664962606615551,gap assigned to next activity,Activity classified by event type and edit destination; original commands omitted.,rs_0f10f54d0cdfbf3e016abd2f0a161887d2a5decaadb3e15386,70
Graph presentation,01a0f2fc-dff0-71b1-a771-95ae025b05b9,2026-09-30T15:47:21.995000+00:00,2026-09-30T15:47:37.727000+00:00,Analysis,15.731647156008858,event,Activity classified by event type and edit destination; original commands omitted.,rs_0f10f54d0cdfbf3e016abd2f0a161887d2a5decaadb3e15386,70
Graph presentation,01a0f2fc-dff0-71b1-a771-95ae025b05b9,2026-09-30T15:47:37.727000+00:00,2026-09-30T15:49:03.643000+00:00,Implementation,85.91407231420717,gap assigned to next activity,Activity classified by event type and edit destination; original commands omitted.,exec-f5c176b9-6a64-40f1-a66c-21492c67bee8,74
Graph presentation,01a0f2fc-dff0-71b1-a771-95ae025b05b9,2026-09-30T15:49:03.643000+00:00,2026-09-30T15:49:03.991000+00:00,Implementation,0.3479922420086068,event,Activity classified by event type and edit destination; original commands omitted.,exec-f5c176b9-6a64-40f1-a66c-21492c67bee8,74
Graph presentation,01a0f2fc-dff0-71b1-a771-95ae025b05b9,2026-09-30T15:49:03.991000+00:00,2026-09-30T15:49:06.367000+00:00,Analysis,2.375946859000907,gap assigned to next activity,Activity classified by event type and edit destination; original commands omitted.,rs_0f10f54d0cdfbf3e016abd2f72758487d2a4c6677bb1401993,79
Graph presentation,01a0f2fc-dff0-71b1-a771-95ae025b05b9,2026-09-30T15:49:06.367000+00:00,2026-09-30T15:49:10.188000+00:00,Analysis,3.820914134420928,event,Activity classified by event type and edit destination; original commands omitted.,rs_0f10f54d0cdfbf3e016abd2f72758487d2a4c6677bb1401993,79
Graph presentation,01a0f2fc-dff0-71b1-a771-95ae025b05b9,2026-09-30T15:49:10.188000+00:00,2026-09-30T15:50:28.117000+00:00,Implementation,77.92725175703035,gap assigned to next activity,Activity classified by event type and edit destination; original commands omitted.,exec-adda6e6c-4f57-4d1b-80c0-c24e356e833d,83
Graph presentation,01a0f2fc-dff0-71b1-a771-95ae025b05b9,2026-09-30T15:50:28.117000+00:00,2026-09-30T15:50:28.719000+00:00,Implementation,0.6019864918743904,event,Activity classified by event type and edit destination; original commands omitted.,exec-adda6e6c-4f57-4d1b-80c0-c24e356e833d,83
Graph presentation,01a0f2fc-dff0-71b1-a771-95ae025b05b9,2026-09-30T15:50:28.719000+00:00,2026-09-30T15:50:31.027000+00:00,Analysis,2.307948068007481,gap assigned to next activity,Activity classified by event type and edit destination; original commands omitted.,rs_0f10f54d0cdfbf3e016abd2fc71f8887d294be8936a5d4cd0a,86
Graph presentation,01a0f2fc-dff0-71b1-a771-95ae025b05b9,2026-09-30T15:50:31.027000+00:00,2026-09-30T15:50:31.716000+00:00,Analysis,0.688984671583157,event,Activity classified by event type and edit destination; original commands omitted.,rs_0f10f54d0cdfbf3e016abd2fc71f8887d294be8936a5d4cd0a,86
Graph presentation,01a0f2fc-dff0-71b1-a771-95ae025b05b9,2026-09-30T15:50:31.716000+00:00,2026-09-30T15:50:38.785000+00:00,Implementation,7.068841408616951,gap assigned to next activity,Activity classified by event type and edit destination; original commands omitted.,exec-d6e0c3fc-ca78-4208-b505-64a01c26e2dd,89
Graph presentation,01a0f2fc-dff0-71b1-a771-95ae025b05b9,2026-09-30T15:50:38.785000+00:00,2026-09-30T15:50:38.813000+00:00,Implementation,0.02799924973622604,event,Activity classified by event type and edit destination; original commands omitted.,exec-d6e0c3fc-ca78-4208-b505-64a01c26e2dd,89
Graph presentation,01a0f2fc-dff0-71b1-a771-95ae025b05b9,2026-09-30T15:50:38.813000+00:00,2026-09-30T15:50:38.971000+00:00,Testing and verification,0.15799644754936135,gap assigned to next activity,Activity classified by event type and edit destination; original commands omitted.,exec-0f44126c-0e95-43e4-8106-d0e5814d85cc,91
Graph presentation,01a0f2fc-dff0-71b1-a771-95ae025b05b9,2026-09-30T15:50:38.971000+00:00,2026-09-30T15:50:41.116000+00:00,Testing and verification,2.144951856610892,event,Activity classified by event type and edit destination; original commands omitted.,exec-0f44126c-0e95-43e4-8106-d0e5814d85cc,91
Graph presentation,01a0f2fc-dff0-71b1-a771-95ae025b05b9,2026-09-30T15:50:41.116000+00:00,2026-09-30T15:50:44.425000+00:00,Analysis,3.308925775928933,gap assigned to next activity,Activity classified by event type and edit destination; original commands omitted.,rs_0f10f54d0cdfbf3e016abd2fd483e887d2a69e4e5b20a5e9e5,94
Graph presentation,01a0f2fc-dff0-71b1-a771-95ae025b05b9,2026-09-30T15:50:44.425000+00:00,2026-09-30T15:50:45.756000+00:00,Analysis,1.3309702278882873,event,Activity classified by event type and edit destination; original commands omitted.,rs_0f10f54d0cdfbf3e016abd2fd483e887d2a69e4e5b20a5e9e5,94
Graph presentation,01a0f2fc-dff0-71b1-a771-95ae025b05b9,2026-09-30T15:50:45.756000+00:00,2026-09-30T15:50:48.059000+00:00,Analysis,2.3029483041602536,gap assigned to next activity,Activity classified by event type and edit destination; original commands omitted.,exec-09d44e4b-9faf-459e-920d-ee8f5985f92f,98
Graph presentation,01a0f2fc-dff0-71b1-a771-95ae025b05b9,2026-09-30T15:50:48.059000+00:00,2026-09-30T15:50:48.379000+00:00,Analysis,0.3199927538591507,event,Activity classified by event type and edit destination; original commands omitted.,exec-09d44e4b-9faf-459e-920d-ee8f5985f92f,98
Graph presentation,01a0f2fc-dff0-71b1-a771-95ae025b05b9,2026-09-30T15:50:48.379000+00:00,2026-09-30T15:50:50.086000+00:00,Analysis,1.7069617196331202,gap assigned to next activity,Activity classified by event type and edit destination; original commands omitted.,rs_0f10f54d0cdfbf3e016abd2fda2b2c87d29e7b155811a0b9cf,101
Graph presentation,01a0f2fc-dff0-71b1-a771-95ae025b05b9,2026-09-30T15:50:50.086000+00:00,2026-09-30T15:51:06.646000+00:00,Analysis,16.559628409599576,event,Activity classified by event type and edit destination; original commands omitted.,rs_0f10f54d0cdfbf3e016abd2fda2b2c87d29e7b155811a0b9cf,101
Graph presentation,01a0f2fc-dff0-71b1-a771-95ae025b05b9,2026-09-30T15:51:06.646000+00:00,2026-09-30T15:51:14.503000+00:00,Communication and follow-up,7.856823836190158,gap assigned to next activity,Activity classified by event type and edit destination; original commands omitted.,call_nds33H06JRpaEF9TGfsY64Az,107
Graph presentation,01a0f2fc-dff0-71b1-a771-95ae025b05b9,2026-09-30T15:51:14.503000+00:00,2026-09-30T15:51:33.172000+00:00,Implementation,18.668581060540156,gap assigned to next activity,Activity classified by event type and edit destination; original commands omitted.,exec-522fabbe-59d7-498a-ba52-3258265d664c,112
Graph presentation,01a0f2fc-dff0-71b1-a771-95ae025b05b9,2026-09-30T15:51:33.172000+00:00,2026-09-30T15:51:33.204000+00:00,Implementation,0.03199934690988408,event,Activity classified by event type and edit destination; original commands omitted.,exec-522fabbe-59d7-498a-ba52-3258265d664c,112
Graph presentation,01a0f2fc-dff0-71b1-a771-95ae025b05b9,2026-09-30T15:51:33.204000+00:00,2026-09-30T15:51:33.361000+00:00,Testing and verification,0.15699654246256187,gap assigned to next activity,Activity classified by event type and edit destination; original commands omitted.,exec-f4db35af-d533-42f6-aa73-b7dc18a59777,114
Graph presentation,01a0f2fc-dff0-71b1-a771-95ae025b05b9,2026-09-30T15:51:33.361000+00:00,2026-09-30T15:51:37.092000+00:00,Testing and verification,3.730916239451763,event,Activity classified by event type and edit destination; original commands omitted.,exec-f4db35af-d533-42f6-aa73-b7dc18a59777,114
Graph presentation,01a0f2fc-dff0-71b1-a771-95ae025b05b9,2026-09-30T15:51:37.092000+00:00,2026-09-30T15:51:38.748000+00:00,Analysis,1.6559627455946655,gap assigned to next activity,Activity classified by event type and edit destination; original commands omitted.,rs_0f10f54d0cdfbf3e016abd300ad6d487d29db84774f0869e60,117
Graph presentation,01a0f2fc-dff0-71b1-a771-95ae025b05b9,2026-09-30T15:51:38.748000+00:00,2026-09-30T15:51:44.833000+00:00,Analysis,6.084863517650471,event,Activity classified by event type and edit destination; original commands omitted.,rs_0f10f54d0cdfbf3e016abd300ad6d487d29db84774f0869e60,117
Graph presentation,01a0f2fc-dff0-71b1-a771-95ae025b05b9,2026-09-30T15:51:44.833000+00:00,2026-09-30T15:51:53.334000+00:00,Implementation,8.500809441082119,gap assigned to next activity,Activity classified by event type and edit destination; original commands omitted.,exec-3ce55c08-f291-4576-b448-b84736077b58,120
Graph presentation,01a0f2fc-dff0-71b1-a771-95ae025b05b9,2026-09-30T15:51:53.334000+00:00,2026-09-30T15:51:53.357000+00:00,Implementation,0.02299948588899855,event,Activity classified by event type and edit destination; original commands omitted.,exec-3ce55c08-f291-4576-b448-b84736077b58,120
Graph presentation,01a0f2fc-dff0-71b1-a771-95ae025b05b9,2026-09-30T15:51:53.357000+00:00,2026-09-30T15:51:53.515000+00:00,Testing and verification,0.15799644754936135,gap assigned to next activity,Activity classified by event type and edit destination; original commands omitted.,exec-d38ba801-10b5-4b5b-a44a-19a33a099c0a,122
Graph presentation,01a0f2fc-dff0-71b1-a771-95ae025b05b9,2026-09-30T15:51:53.515000+00:00,2026-09-30T15:51:57.454000+00:00,Testing and verification,3.938911517539549,event,Activity classified by event type and edit destination; original commands omitted.,exec-d38ba801-10b5-4b5b-a44a-19a33a099c0a,122
Graph presentation,01a0f2fc-dff0-71b1-a771-95ae025b05b9,2026-09-30T15:51:57.454000+00:00,2026-09-30T15:52:00.679000+00:00,Analysis,3.2249275498937946,gap assigned to next activity,Activity classified by event type and edit destination; original commands omitted.,rs_0f10f54d0cdfbf3e016abd3020c4c887d2a9b6dc712a8145cf,125
Graph presentation,01a0f2fc-dff0-71b1-a771-95ae025b05b9,2026-09-30T15:52:00.679000+00:00,2026-09-30T15:52:02.770000+00:00,Analysis,2.0909531673120387,event,Activity classified by event type and edit destination; original commands omitted.,rs_0f10f54d0cdfbf3e016abd3020c4c887d2a9b6dc712a8145cf,125
Graph presentation,01a0f2fc-dff0-71b1-a771-95ae025b05b9,2026-09-30T15:52:02.770000+00:00,2026-09-30T15:52:02.774000+00:00,Communication and follow-up,0.0039998587604279994,gap assigned to next activity,Activity classified by event type and edit destination; original commands omitted.,msg_0f10f54d0cdfbf3e016abd3022dd1487d2827d8990db58d16c,127
Graph presentation,01a0f2fc-dff0-71b1-a771-95ae025b05b9,2026-09-30T15:52:02.774000+00:00,2026-09-30T15:52:04.427000+00:00,Communication and follow-up,1.652963030334267,event,Activity classified by event type and edit destination; original commands omitted.,msg_0f10f54d0cdfbf3e016abd3022dd1487d2827d8990db58d16c,127
Graph presentation,01a0f2fc-dff0-71b1-a771-95ae025b05b9,2026-09-30T15:52:04.427000+00:00,2026-09-30T15:52:35.489000+00:00,Documentation,31.061303142297024,gap assigned to next activity,Activity classified by event type and edit destination; original commands omitted.,exec-c0028cda-637f-4cc8-9c25-8ebd2307d48c,131
Graph presentation,01a0f2fc-dff0-71b1-a771-95ae025b05b9,2026-09-30T15:52:35.489000+00:00,2026-09-30T15:52:36.035000+00:00,Documentation,0.5459877539887082,event,Activity classified by event type and edit destination; original commands omitted.,exec-c0028cda-637f-4cc8-9c25-8ebd2307d48c,131
Graph presentation,01a0f2fc-dff0-71b1-a771-95ae025b05b9,2026-09-30T15:52:36.035000+00:00,2026-09-30T15:52:38.365000+00:00,Analysis,2.32994764880968,gap assigned to next activity,Activity classified by event type and edit destination; original commands omitted.,rs_0f10f54d0cdfbf3e016abd304669f087d2a2984bd7bc10f2e7,136
Graph presentation,01a0f2fc-dff0-71b1-a771-95ae025b05b9,2026-09-30T15:52:38.365000+00:00,2026-09-30T15:52:39.140000+00:00,Analysis,0.7749827077918943,event,Activity classified by event type and edit destination; original commands omitted.,rs_0f10f54d0cdfbf3e016abd304669f087d2a2984bd7bc10f2e7,136
Graph presentation,01a0f2fc-dff0-71b1-a771-95ae025b05b9,2026-09-30T15:52:39.140000+00:00,2026-09-30T15:52:43.733000+00:00,Communication and follow-up,4.592896888539194,gap assigned to next activity,Activity classified by event type and edit destination; original commands omitted.,call_7gGTbv12V4OE43WDw9V1Aw9y,139
Graph presentation,01a0f2fc-dff0-71b1-a771-95ae025b05b9,2026-09-30T15:52:43.733000+00:00,2026-09-30T15:52:46.291000+00:00,Analysis,2.5579424591128364,gap assigned to next activity,Activity classified by event type and edit destination; original commands omitted.,rs_0f10f54d0cdfbf3e016abd304e627c87d28efa7d05c2caa842,143
Graph presentation,01a0f2fc-dff0-71b1-a771-95ae025b05b9,2026-09-30T15:52:46.291000+00:00,2026-09-30T15:52:47.130000+00:00,Analysis,0.8389814016116623,event,Activity classified by event type and edit destination; original commands omitted.,rs_0f10f54d0cdfbf3e016abd304e627c87d28efa7d05c2caa842,143
Graph presentation,01a0f2fc-dff0-71b1-a771-95ae025b05b9,2026-09-30T15:52:47.130000+00:00,2026-09-30T15:52:50.657000+00:00,Analysis,3.5269208201244044,gap assigned to next activity,Activity classified by event type and edit destination; original commands omitted.,exec-0279738b-997f-4976-967b-d69ccf8fcf9b,147
Graph presentation,01a0f2fc-dff0-71b1-a771-95ae025b05b9,2026-09-30T15:52:50.657000+00:00,2026-09-30T15:52:50.918000+00:00,Analysis,0.26099406229984007,event,Activity classified by event type and edit destination; original commands omitted.,exec-0279738b-997f-4976-967b-d69ccf8fcf9b,147
Graph presentation,01a0f2fc-dff0-71b1-a771-95ae025b05b9,2026-09-30T15:52:50.918000+00:00,2026-09-30T15:52:53.568000+00:00,Analysis,2.6499406410820607,gap assigned to next activity,Activity classified by event type and edit destination; original commands omitted.,rs_0f10f54d0cdfbf3e016abd3055a98087d2aa2b35803e033b71,150
Graph presentation,01a0f2fc-dff0-71b1-a771-95ae025b05b9,2026-09-30T15:52:53.568000+00:00,2026-09-30T15:53:08.719000+00:00,Analysis,15.150660101436637,event,Activity classified by event type and edit destination; original commands omitted.,rs_0f10f54d0cdfbf3e016abd3055a98087d2aa2b35803e033b71,150
Graph presentation,01a0f2fc-dff0-71b1-a771-95ae025b05b9,2026-09-30T15:53:08.719000+00:00,2026-09-30T15:54:19.190000+00:00,Testing and verification,70.469418898474,gap assigned to next activity,Activity classified by event type and edit destination; original commands omitted.,exec-996c1296-7284-45a9-ab75-2f112ada1089,154
Graph presentation,01a0f2fc-dff0-71b1-a771-95ae025b05b9,2026-09-30T15:54:19.190000+00:00,2026-09-30T15:54:19.623000+00:00,Testing and verification,0.43299013471731446,event,Activity classified by event type and edit destination; original commands omitted.,exec-996c1296-7284-45a9-ab75-2f112ada1089,154
Graph presentation,01a0f2fc-dff0-71b1-a771-95ae025b05b9,2026-09-30T15:54:19.623000+00:00,2026-09-30T15:54:21.972000+00:00,Analysis,2.348947275938251,gap assigned to next activity,Activity classified by event type and edit destination; original commands omitted.,rs_0f10f54d0cdfbf3e016abd30ae0fc087d2ab7b5d4293ffff53,157
Graph presentation,01a0f2fc-dff0-71b1-a771-95ae025b05b9,2026-09-30T15:54:21.972000+00:00,2026-09-30T15:54:28.422000+00:00,Analysis,6.44985533820082,event,Activity classified by event type and edit destination; original commands omitted.,rs_0f10f54d0cdfbf3e016abd30ae0fc087d2ab7b5d4293ffff53,157
Graph presentation,01a0f2fc-dff0-71b1-a771-95ae025b05b9,2026-09-30T15:54:28.422000+00:00,2026-09-30T15:54:33.623000+00:00,Analysis,5.200883287760841,gap assigned to next activity,Activity classified by event type and edit destination; original commands omitted.,exec-deddab89-882b-4211-91a7-0e6d619225a9,161
Graph presentation,01a0f2fc-dff0-71b1-a771-95ae025b05b9,2026-09-30T15:54:33.623000+00:00,2026-09-30T15:54:33.962000+00:00,Analysis,0.3389923809877213,event,Activity classified by event type and edit destination; original commands omitted.,exec-deddab89-882b-4211-91a7-0e6d619225a9,161
Graph presentation,01a0f2fc-dff0-71b1-a771-95ae025b05b9,2026-09-30T15:54:33.962000+00:00,2026-09-30T15:54:37.116000+00:00,Analysis,3.1539292820532,gap assigned to next activity,Activity classified by event type and edit destination; original commands omitted.,rs_0f10f54d0cdfbf3e016abd30bd35e887d284182efa957327ed,164
Graph presentation,01a0f2fc-dff0-71b1-a771-95ae025b05b9,2026-09-30T15:54:37.116000+00:00,2026-09-30T15:54:39.801000+00:00,Analysis,2.6849399416655735,event,Activity classified by event type and edit destination; original commands omitted.,rs_0f10f54d0cdfbf3e016abd30bd35e887d284182efa957327ed,164
Graph presentation,01a0f2fc-dff0-71b1-a771-95ae025b05b9,2026-09-30T15:54:39.801000+00:00,2026-09-30T15:55:44.183000+00:00,Testing and verification,64.3805555220631,gap assigned to next activity,Activity classified by event type and edit destination; original commands omitted.,exec-687c361a-71f3-4d28-bee9-186c1725cc00,168
Graph presentation,01a0f2fc-dff0-71b1-a771-95ae025b05b9,2026-09-30T15:55:44.183000+00:00,2026-09-30T15:55:44.642000+00:00,Testing and verification,0.45898957427994147,event,Activity classified by event type and edit destination; original commands omitted.,exec-687c361a-71f3-4d28-bee9-186c1725cc00,168
Graph presentation,01a0f2fc-dff0-71b1-a771-95ae025b05b9,2026-09-30T15:55:44.642000+00:00,2026-09-30T15:55:46.517000+00:00,Analysis,1.8749579332901665,gap assigned to next activity,Activity classified by event type and edit destination; original commands omitted.,rs_0f10f54d0cdfbf3e016abd31029c0087d2a1ec7e0b07835477,173
Graph presentation,01a0f2fc-dff0-71b1-a771-95ae025b05b9,2026-09-30T15:55:46.517000+00:00,2026-09-30T15:55:47.215000+00:00,Analysis,0.6979842941908125,event,Activity classified by event type and edit destination; original commands omitted.,rs_0f10f54d0cdfbf3e016abd31029c0087d2a1ec7e0b07835477,173
Graph presentation,01a0f2fc-dff0-71b1-a771-95ae025b05b9,2026-09-30T15:55:47.215000+00:00,2026-09-30T15:55:59.080000+00:00,Implementation,11.864733811396704,gap assigned to next activity,Activity classified by event type and edit destination; original commands omitted.,exec-a2d38c50-22fa-453d-bffb-3af16469e725,176
Graph presentation,01a0f2fc-dff0-71b1-a771-95ae025b05b9,2026-09-30T15:55:59.080000+00:00,2026-09-30T15:55:59.112000+00:00,Implementation,0.03199934690988408,event,Activity classified by event type and edit destination; original commands omitted.,exec-a2d38c50-22fa-453d-bffb-3af16469e725,176
Graph presentation,01a0f2fc-dff0-71b1-a771-95ae025b05b9,2026-09-30T15:55:59.112000+00:00,2026-09-30T15:55:59.271000+00:00,Testing and verification,0.15899635263616085,gap assigned to next activity,Activity classified by event type and edit destination; original commands omitted.,exec-4a4bdd96-6b4c-4e61-a1fb-557a019fcbac,192
Graph presentation,01a0f2fc-dff0-71b1-a771-95ae025b05b9,2026-09-30T15:55:59.271000+00:00,2026-09-30T15:55:59.273000+00:00,Testing and verification,0.002000048586829021,event,Activity classified by event type and edit destination; original commands omitted.,exec-4a4bdd96-6b4c-4e61-a1fb-557a019fcbac,192
Graph presentation,01a0f2fc-dff0-71b1-a771-95ae025b05b9,2026-09-30T15:55:59.273000+00:00,2026-09-30T15:56:03.224000+00:00,Testing and verification,3.9509113322340634,event,Activity classified by event type and edit destination; original commands omitted.,exec-0afb3a9b-c9d6-4dea-be74-011847630420,178
Graph presentation,01a0f2fc-dff0-71b1-a771-95ae025b05b9,2026-09-30T15:56:03.224000+00:00,2026-09-30T15:56:11.147000+00:00,Testing and verification,7.922822340183526,event,Activity classified by event type and edit destination; original commands omitted.,exec-4a4bdd96-6b4c-4e61-a1fb-557a019fcbac,192
Graph presentation,01a0f2fc-dff0-71b1-a771-95ae025b05b9,2026-09-30T15:56:11.147000+00:00,2026-09-30T15:56:12.013000+00:00,Analysis,0.865980507847859,event,Activity classified by event type and edit destination; original commands omitted.,rs_0f10f54d0cdfbf3e016abd311b3e3887d28b51a0f5b83b582f,181
Graph presentation,01a0f2fc-dff0-71b1-a771-95ae025b05b9,2026-09-30T15:56:12.013000+00:00,2026-09-30T15:56:22.948000+00:00,Testing and verification,10.934754609729076,event,Activity classified by event type and edit destination; original commands omitted.,exec-4a4bdd96-6b4c-4e61-a1fb-557a019fcbac,192
Graph presentation,01a0f2fc-dff0-71b1-a771-95ae025b05b9,2026-09-30T15:56:22.948000+00:00,2026-09-30T15:56:23.004000+00:00,Testing and verification,0.05599873788568212,event,Activity classified by event type and edit destination; original commands omitted.,exec-492eebbc-d05a-40b6-8142-4963a9281063,185
Graph presentation,01a0f2fc-dff0-71b1-a771-95ae025b05b9,2026-09-30T15:56:23.004000+00:00,2026-09-30T15:56:25.550000+00:00,Testing and verification,2.545942882831553,event,Activity classified by event type and edit destination; original commands omitted.,exec-4a4bdd96-6b4c-4e61-a1fb-557a019fcbac,192
Graph presentation,01a0f2fc-dff0-71b1-a771-95ae025b05b9,2026-09-30T15:56:25.550000+00:00,2026-09-30T15:56:39.898000+00:00,Analysis,14.347678143908517,event,Activity classified by event type and edit destination; original commands omitted.,rs_0f10f54d0cdfbf3e016abd3129a54c87d2b4362017405c2664,188
Graph presentation,01a0f2fc-dff0-71b1-a771-95ae025b05b9,2026-09-30T15:56:39.898000+00:00,2026-09-30T15:56:51.645000+00:00,Testing and verification,11.746736428278082,event,Activity classified by event type and edit destination; original commands omitted.,exec-4a4bdd96-6b4c-4e61-a1fb-557a019fcbac,192
Graph presentation,01a0f2fc-dff0-71b1-a771-95ae025b05b9,2026-09-30T15:56:51.645000+00:00,2026-09-30T15:56:51.676000+00:00,Testing and verification,0.030999441823084593,event,Activity classified by event type and edit destination; original commands omitted.,exec-9c011e18-3643-4403-b657-2a733f0ef864,191
Graph presentation,01a0f2fc-dff0-71b1-a771-95ae025b05b9,2026-09-30T15:56:51.676000+00:00,2026-09-30T15:56:51.687000+00:00,Testing and verification,0.01099967119448451,event,Activity classified by event type and edit destination; original commands omitted.,exec-4a4bdd96-6b4c-4e61-a1fb-557a019fcbac,192
Graph presentation,01a0f2fc-dff0-71b1-a771-95ae025b05b9,2026-09-30T15:56:51.687000+00:00,2026-09-30T15:56:51.843000+00:00,Testing and verification,0.1559963989625323,gap assigned to next activity,Activity classified by event type and edit destination; original commands omitted.,exec-856245c7-90d1-4083-9868-bf7757d04008,194
Graph presentation,01a0f2fc-dff0-71b1-a771-95ae025b05b9,2026-09-30T15:56:51.843000+00:00,2026-09-30T15:56:53.504000+00:00,Testing and verification,1.6609627478551232,event,Activity classified by event type and edit destination; original commands omitted.,exec-856245c7-90d1-4083-9868-bf7757d04008,194
Graph presentation,01a0f2fc-dff0-71b1-a771-95ae025b05b9,2026-09-30T15:56:53.504000+00:00,2026-09-30T15:56:55.826000+00:00,Analysis,2.3219479312888245,gap assigned to next activity,Activity classified by event type and edit destination; original commands omitted.,rs_0f10f54d0cdfbf3e016abd3147ec0087d2ac5ca710dadebdb6,197
Graph presentation,01a0f2fc-dff0-71b1-a771-95ae025b05b9,2026-09-30T15:56:55.826000+00:00,2026-09-30T15:57:02.116000+00:00,Analysis,6.289858842064629,event,Activity classified by event type and edit destination; original commands omitted.,rs_0f10f54d0cdfbf3e016abd3147ec0087d2ac5ca710dadebdb6,197
Graph presentation,01a0f2fc-dff0-71b1-a771-95ae025b05b9,2026-09-30T15:57:02.116000+00:00,2026-09-30T15:57:02.129000+00:00,Communication and follow-up,0.01299971978131353,gap assigned to next activity,Activity classified by event type and edit destination; original commands omitted.,msg_0f10f54d0cdfbf3e016abd314e398887d28e15bfa06f8d6cc2,199
Graph presentation,01a0f2fc-dff0-71b1-a771-95ae025b05b9,2026-09-30T15:57:02.129000+00:00,2026-09-30T15:57:04.599000+00:00,Communication and follow-up,2.4699446127305005,event,Activity classified by event type and edit destination; original commands omitted.,msg_0f10f54d0cdfbf3e016abd314e398887d28e15bfa06f8d6cc2,199
Graph presentation,01a0f2fc-dff0-71b1-a771-95ae025b05b9,2026-09-30T15:57:04.599000+00:00,2026-09-30T15:57:17.132000+00:00,Testing and verification,12.532718807264462,gap assigned to next activity,Activity classified by event type and edit destination; original commands omitted.,exec-09c3e63e-eb85-4ebc-8703-d25b4bb30984,203
Graph presentation,01a0f2fc-dff0-71b1-a771-95ae025b05b9,2026-09-30T15:57:17.132000+00:00,2026-09-30T15:57:18.758000+00:00,Testing and verification,1.6259634472716105,event,Activity classified by event type and edit destination; original commands omitted.,exec-09c3e63e-eb85-4ebc-8703-d25b4bb30984,203
Graph presentation,01a0f2fc-dff0-71b1-a771-95ae025b05b9,2026-09-30T15:57:18.758000+00:00,2026-09-30T15:57:20.725000+00:00,Analysis,1.9669558768461608,gap assigned to next activity,Activity classified by event type and edit destination; original commands omitted.,rs_0f10f54d0cdfbf3e016abd3160d11c87d2b2b768dc4d213452,206
Graph presentation,01a0f2fc-dff0-71b1-a771-95ae025b05b9,2026-09-30T15:57:20.725000+00:00,2026-09-30T15:57:28.246000+00:00,Analysis,7.520831408876066,event,Activity classified by event type and edit destination; original commands omitted.,rs_0f10f54d0cdfbf3e016abd3160d11c87d2b2b768dc4d213452,206
Graph presentation,01a0f2fc-dff0-71b1-a771-95ae025b05b9,2026-09-30T15:57:28.246000+00:00,2026-09-30T15:57:33.466000+00:00,Analysis,5.2198829148894115,gap assigned to next activity,Activity classified by event type and edit destination; original commands omitted.,exec-69aa9156-1a97-4296-8624-ba9ad673ecf2,210
Graph presentation,01a0f2fc-dff0-71b1-a771-95ae025b05b9,2026-09-30T15:57:33.466000+00:00,2026-09-30T15:57:33.884000+00:00,Analysis,0.4179906047624019,event,Activity classified by event type and edit destination; original commands omitted.,exec-69aa9156-1a97-4296-8624-ba9ad673ecf2,210
Graph presentation,01a0f2fc-dff0-71b1-a771-95ae025b05b9,2026-09-30T15:57:33.884000+00:00,2026-09-30T15:57:39.089000+00:00,Communication and follow-up,5.2048831465212695,gap assigned to next activity,Activity classified by event type and edit destination; original commands omitted.,call_PIx0xVDojXMy5H1ZSSWxxpCD,216
Graph presentation,01a0f2fc-dff0-71b1-a771-95ae025b05b9,2026-09-30T15:57:39.089000+00:00,2026-09-30T15:57:46.489000+00:00,Analysis,7.3998340720838165,gap assigned to next activity,Activity classified by event type and edit destination; original commands omitted.,exec-0d211040-bce8-4a5b-933a-344a5f56bee2,222
Graph presentation,01a0f2fc-dff0-71b1-a771-95ae025b05b9,2026-09-30T15:57:46.489000+00:00,2026-09-30T15:57:46.830000+00:00,Analysis,0.34099219116132023,event,Activity classified by event type and edit destination; original commands omitted.,exec-0d211040-bce8-4a5b-933a-344a5f56bee2,222
Graph presentation,01a0f2fc-dff0-71b1-a771-95ae025b05b9,2026-09-30T15:57:46.830000+00:00,2026-09-30T15:57:48.851000+00:00,Analysis,2.0209548045582437,gap assigned to next activity,Activity classified by event type and edit destination; original commands omitted.,rs_0f10f54d0cdfbf3e016abd317cf29c87d286e9fb7a5475c617,225
Graph presentation,01a0f2fc-dff0-71b1-a771-95ae025b05b9,2026-09-30T15:57:48.851000+00:00,2026-09-30T15:57:54.724000+00:00,Analysis,5.872868142389026,event,Activity classified by event type and edit destination; original commands omitted.,rs_0f10f54d0cdfbf3e016abd317cf29c87d286e9fb7a5475c617,225
Graph presentation,01a0f2fc-dff0-71b1-a771-95ae025b05b9,2026-09-30T15:57:54.724000+00:00,2026-09-30T15:58:48.098000+00:00,Testing and verification,53.372802595906606,gap assigned to next activity,Activity classified by event type and edit destination; original commands omitted.,exec-91071007-617f-4f0f-99b7-3cb6b27b5d28,229
Graph presentation,01a0f2fc-dff0-71b1-a771-95ae025b05b9,2026-09-30T15:58:48.098000+00:00,2026-09-30T15:58:50.935000+00:00,Testing and verification,2.836936243454448,event,Activity classified by event type and edit destination; original commands omitted.,exec-91071007-617f-4f0f-99b7-3cb6b27b5d28,229
Graph presentation,01a0f2fc-dff0-71b1-a771-95ae025b05b9,2026-09-30T15:58:50.935000+00:00,2026-09-30T15:58:52.649000+00:00,Analysis,1.7139615320671768,gap assigned to next activity,Activity classified by event type and edit destination; original commands omitted.,rs_0f10f54d0cdfbf3e016abd31bcbdf087d2bab6dc36072573ea,232
Graph presentation,01a0f2fc-dff0-71b1-a771-95ae025b05b9,2026-09-30T15:58:52.649000+00:00,2026-09-30T15:58:57.841000+00:00,Analysis,5.191883665153186,event,Activity classified by event type and edit destination; original commands omitted.,rs_0f10f54d0cdfbf3e016abd31bcbdf087d2bab6dc36072573ea,232
Graph presentation,01a0f2fc-dff0-71b1-a771-95ae025b05b9,2026-09-30T15:58:57.841000+00:00,2026-09-30T15:59:05.257000+00:00,Analysis,7.415833507125528,gap assigned to next activity,Activity classified by event type and edit destination; original commands omitted.,exec-eea8b473-d39a-4305-a56f-5cddc9404e7a,239
Graph presentation,01a0f2fc-dff0-71b1-a771-95ae025b05b9,2026-09-30T15:59:05.257000+00:00,2026-09-30T15:59:05.637000+00:00,Analysis,0.3799915889184909,event,Activity classified by event type and edit destination; original commands omitted.,exec-eea8b473-d39a-4305-a56f-5cddc9404e7a,239
Graph presentation,01a0f2fc-dff0-71b1-a771-95ae025b05b9,2026-09-30T15:59:05.637000+00:00,2026-09-30T15:59:07.475000+00:00,Analysis,1.837958584119825,gap assigned to next activity,Activity classified by event type and edit destination; original commands omitted.,rs_0f10f54d0cdfbf3e016abd31cb923c87d291d02c7b7ec962e7,242
Graph presentation,01a0f2fc-dff0-71b1-a771-95ae025b05b9,2026-09-30T15:59:07.475000+00:00,2026-09-30T15:59:08.208000+00:00,Analysis,0.7329835947743252,event,Activity classified by event type and edit destination; original commands omitted.,rs_0f10f54d0cdfbf3e016abd31cb923c87d291d02c7b7ec962e7,242
Graph presentation,01a0f2fc-dff0-71b1-a771-95ae025b05b9,2026-09-30T15:59:08.208000+00:00,2026-09-30T15:59:48.398000+00:00,Testing and verification,40.189098371316135,gap assigned to next activity,Activity classified by event type and edit destination; original commands omitted.,exec-802c87f9-01d6-466f-a1d8-5cd8284e6dd5,246
Graph presentation,01a0f2fc-dff0-71b1-a771-95ae025b05b9,2026-09-30T15:59:48.398000+00:00,2026-09-30T15:59:48.469000+00:00,Testing and verification,0.07099850625382467,event,Activity classified by event type and edit destination; original commands omitted.,exec-802c87f9-01d6-466f-a1d8-5cd8284e6dd5,246
Graph presentation,01a0f2fc-dff0-71b1-a771-95ae025b05b9,2026-09-30T15:59:48.469000+00:00,2026-09-30T15:59:48.626000+00:00,Testing and verification,0.15699630404933182,gap assigned to next activity,Activity classified by event type and edit destination; original commands omitted.,exec-41df347b-4bf8-46ad-b99e-304704edfa5a,247
Graph presentation,01a0f2fc-dff0-71b1-a771-95ae025b05b9,2026-09-30T15:59:48.626000+00:00,2026-09-30T15:59:53.211000+00:00,Testing and verification,4.584897171018338,event,Activity classified by event type and edit destination; original commands omitted.,exec-41df347b-4bf8-46ad-b99e-304704edfa5a,247
Graph presentation,01a0f2fc-dff0-71b1-a771-95ae025b05b9,2026-09-30T15:59:53.211000+00:00,2026-09-30T15:59:56.853000+00:00,Analysis,3.6419182495693967,gap assigned to next activity,Activity classified by event type and edit destination; original commands omitted.,rs_0f10f54d0cdfbf3e016abd31fcf32087d29f91b691a22b97d1,252
Graph presentation,01a0f2fc-dff0-71b1-a771-95ae025b05b9,2026-09-30T15:59:56.853000+00:00,2026-09-30T15:59:57.715000+00:00,Analysis,0.8619806490874309,event,Activity classified by event type and edit destination; original commands omitted.,rs_0f10f54d0cdfbf3e016abd31fcf32087d29f91b691a22b97d1,252
Graph presentation,01a0f2fc-dff0-71b1-a771-95ae025b05b9,2026-09-30T15:59:57.715000+00:00,2026-09-30T16:00:02.951000+00:00,Testing and verification,5.235882588344354,gap assigned to next activity,Activity classified by event type and edit destination; original commands omitted.,exec-36d29b09-eae7-4b8d-9680-e09c6dcd3879,256
Graph presentation,01a0f2fc-dff0-71b1-a771-95ae025b05b9,2026-09-30T16:00:02.951000+00:00,2026-09-30T16:00:06.087000+00:00,Testing and verification,3.1359295600114288,event,Activity classified by event type and edit destination; original commands omitted.,exec-36d29b09-eae7-4b8d-9680-e09c6dcd3879,256
Graph presentation,01a0f2fc-dff0-71b1-a771-95ae025b05b9,2026-09-30T16:00:06.087000+00:00,2026-09-30T16:00:20.697000+00:00,Documentation,14.609672349708386,gap assigned to next activity,Activity classified by event type and edit destination; original commands omitted.,exec-83b4b72b-528e-4ef5-becb-b8b9785a4c56,261
Graph presentation,01a0f2fc-dff0-71b1-a771-95ae025b05b9,2026-09-30T16:00:20.697000+00:00,2026-09-30T16:00:21.111000+00:00,Documentation,0.41399074600197394,event,Activity classified by event type and edit destination; original commands omitted.,exec-83b4b72b-528e-4ef5-becb-b8b9785a4c56,261
Graph presentation,01a0f2fc-dff0-71b1-a771-95ae025b05b9,2026-09-30T16:00:21.111000+00:00,2026-09-30T16:00:29.275000+00:00,Communication and follow-up,8.163816870267995,gap assigned to next activity,Activity classified by event type and edit destination; original commands omitted.,call_AcIDhW7ebZqvefNQzd2rUhWD,265
Graph presentation,01a0f2fc-dff0-71b1-a771-95ae025b05b9,2026-09-30T16:00:29.275000+00:00,2026-09-30T16:00:31.498000+00:00,Analysis,2.2229499368855437,gap assigned to next activity,Activity classified by event type and edit destination; original commands omitted.,rs_0f10f54d0cdfbf3e016abd321f913887d28df787dad63589b8,269
Graph presentation,01a0f2fc-dff0-71b1-a771-95ae025b05b9,2026-09-30T16:00:31.498000+00:00,2026-09-30T16:00:32.145000+00:00,Analysis,0.6469855585655879,event,Activity classified by event type and edit destination; original commands omitted.,rs_0f10f54d0cdfbf3e016abd321f913887d28df787dad63589b8,269
Graph presentation,01a0f2fc-dff0-71b1-a771-95ae025b05b9,2026-09-30T16:00:32.145000+00:00,2026-09-30T16:00:32.148000+00:00,Communication and follow-up,0.0029999536736285103,gap assigned to next activity,Activity classified by event type and edit destination; original commands omitted.,msg_0f10f54d0cdfbf3e016abd322037b087d29a364f8eb6744898,271
Graph presentation,01a0f2fc-dff0-71b1-a771-95ae025b05b9,2026-09-30T16:00:32.148000+00:00,2026-09-30T16:00:34.237000+00:00,Communication and follow-up,2.0889531187252097,event,Activity classified by event type and edit destination; original commands omitted.,msg_0f10f54d0cdfbf3e016abd322037b087d29a364f8eb6744898,271
Graph presentation,01a0f2fc-dff0-71b1-a771-95ae025b05b9,2026-09-30T16:00:34.237000+00:00,2026-09-30T16:00:34.407000+00:00,Unattributed active time,0.16999626224387537,gap assigned to next activity,Activity classified by event type and edit destination; original commands omitted.,,
Graph presentation,01a0f30c-d531-7d23-99ac-77454e8d3dc2,2026-09-30T16:01:39.641000+00:00,2026-09-30T16:01:41.498000+00:00,Communication and follow-up,1.856999872982353,gap assigned to next activity,Activity classified by event type and edit destination; original commands omitted.,msg_0f10f54d0cdfbf3e016abd32658e8087d2a9408e3dc84314e1,280
Graph presentation,01a0f30c-d531-7d23-99ac-77454e8d3dc2,2026-09-30T16:01:41.498000+00:00,2026-09-30T16:01:42.507000+00:00,Communication and follow-up,1.009000062327087,event,Activity classified by event type and edit destination; original commands omitted.,msg_0f10f54d0cdfbf3e016abd32658e8087d2a9408e3dc84314e1,280
Graph presentation,01a0f30c-d531-7d23-99ac-77454e8d3dc2,2026-09-30T16:01:42.507000+00:00,2026-09-30T16:01:49.721000+00:00,Implementation,7.213999982248534,gap assigned to next activity,Activity classified by event type and edit destination; original commands omitted.,exec-9d71cfd1-9766-4b5f-bd55-a65bcb968edc,283
Graph presentation,01a0f30c-d531-7d23-99ac-77454e8d3dc2,2026-09-30T16:01:49.721000+00:00,2026-09-30T16:01:49.743000+00:00,Implementation,0.022000074373178205,event,Activity classified by event type and edit destination; original commands omitted.,exec-9d71cfd1-9766-4b5f-bd55-a65bcb968edc,283
Graph presentation,01a0f30c-d531-7d23-99ac-77454e8d3dc2,2026-09-30T16:01:49.743000+00:00,2026-09-30T16:01:49.899000+00:00,Testing and verification,0.15599989881537366,gap assigned to next activity,Activity classified by event type and edit destination; original commands omitted.,exec-9d5b9ca3-f489-4e56-8099-483399fecde9,285
Graph presentation,01a0f30c-d531-7d23-99ac-77454e8d3dc2,2026-09-30T16:01:49.899000+00:00,2026-09-30T16:01:53.386000+00:00,Testing and verification,3.4869999864290873,event,Activity classified by event type and edit destination; original commands omitted.,exec-9d5b9ca3-f489-4e56-8099-483399fecde9,285
Graph presentation,01a0f30c-d531-7d23-99ac-77454e8d3dc2,2026-09-30T16:01:53.386000+00:00,2026-09-30T16:01:56.186000+00:00,Communication and follow-up,2.800000189027063,gap assigned to next activity,Activity classified by event type and edit destination; original commands omitted.,msg_0f10f54d0cdfbf3e016abd32743c9087d297bac5ae5bc8d2ef,288
Graph presentation,01a0f30c-d531-7d23-99ac-77454e8d3dc2,2026-09-30T16:01:56.186000+00:00,2026-09-30T16:01:57.040000+00:00,Communication and follow-up,0.8539998526132763,event,Activity classified by event type and edit destination; original commands omitted.,msg_0f10f54d0cdfbf3e016abd32743c9087d297bac5ae5bc8d2ef,288
Graph presentation,01a0f30c-d531-7d23-99ac-77454e8d3dc2,2026-09-30T16:01:57.040000+00:00,2026-09-30T16:01:58.404000+00:00,Unattributed active time,1.3640000811840487,gap assigned to next activity,Activity classified by event type and edit destination; original commands omitted.,,
Graph presentation,01a0f312-3654-7942-9cae-2264287067b4,2026-09-30T16:07:32.194000+00:00,2026-09-30T16:07:37.348000+00:00,Communication and follow-up,5.1540000438690186,gap assigned to next activity,Activity classified by event type and edit destination; original commands omitted.,msg_0f10f54d0cdfbf3e016abd33c9672487d2aae8efe213ecb452,297
Graph presentation,01a0f312-3654-7942-9cae-2264287067b4,2026-09-30T16:07:37.348000+00:00,2026-09-30T16:07:38.557000+00:00,Communication and follow-up,1.2089998722076416,event,Activity classified by event type and edit destination; original commands omitted.,msg_0f10f54d0cdfbf3e016abd33c9672487d2aae8efe213ecb452,297
Graph presentation,01a0f312-3654-7942-9cae-2264287067b4,2026-09-30T16:07:38.557000+00:00,2026-09-30T16:07:47.748000+00:00,Testing and verification,9.190999984741211,gap assigned to next activity,Activity classified by event type and edit destination; original commands omitted.,exec-ac3cdab8-1f1c-4e4d-98f1-2c7d0259e79d,300
Graph presentation,01a0f312-3654-7942-9cae-2264287067b4,2026-09-30T16:07:47.748000+00:00,2026-09-30T16:07:47.770000+00:00,Testing and verification,0.02200007438659668,event,Activity classified by event type and edit destination; original commands omitted.,exec-ac3cdab8-1f1c-4e4d-98f1-2c7d0259e79d,300
Graph presentation,01a0f312-3654-7942-9cae-2264287067b4,2026-09-30T16:07:47.770000+00:00,2026-09-30T16:07:47.927000+00:00,Testing and verification,0.15700006484985352,gap assigned to next activity,Activity classified by event type and edit destination; original commands omitted.,exec-b3acacf3-8061-40f1-bbed-3aea754632a6,302
Graph presentation,01a0f312-3654-7942-9cae-2264287067b4,2026-09-30T16:07:47.927000+00:00,2026-09-30T16:07:49.800000+00:00,Testing and verification,1.872999906539917,event,Activity classified by event type and edit destination; original commands omitted.,exec-b3acacf3-8061-40f1-bbed-3aea754632a6,302
Graph presentation,01a0f312-3654-7942-9cae-2264287067b4,2026-09-30T16:07:49.800000+00:00,2026-09-30T16:07:51.485000+00:00,Analysis,1.684999942779541,gap assigned to next activity,Activity classified by event type and edit destination; original commands omitted.,rs_0f10f54d0cdfbf3e016abd33d7898c87d2abe8d4b079d7c26a,305
Graph presentation,01a0f312-3654-7942-9cae-2264287067b4,2026-09-30T16:07:51.485000+00:00,2026-09-30T16:07:55.273000+00:00,Analysis,3.7880001068115234,event,Activity classified by event type and edit destination; original commands omitted.,rs_0f10f54d0cdfbf3e016abd33d7898c87d2abe8d4b079d7c26a,305
Graph presentation,01a0f312-3654-7942-9cae-2264287067b4,2026-09-30T16:07:55.273000+00:00,2026-09-30T16:07:55.280000+00:00,Communication and follow-up,0.006999969482421875,gap assigned to next activity,Activity classified by event type and edit destination; original commands omitted.,msg_0f10f54d0cdfbf3e016abd33db55c887d2a904cda8eab00831,307
Graph presentation,01a0f312-3654-7942-9cae-2264287067b4,2026-09-30T16:07:55.280000+00:00,2026-09-30T16:07:56.527000+00:00,Communication and follow-up,1.246999979019165,event,Activity classified by event type and edit destination; original commands omitted.,msg_0f10f54d0cdfbf3e016abd33db55c887d2a904cda8eab00831,307
Graph presentation,01a0f312-3654-7942-9cae-2264287067b4,2026-09-30T16:07:56.527000+00:00,2026-09-30T16:07:56.646000+00:00,Unattributed active time,0.11899995803833008,gap assigned to next activity,Activity classified by event type and edit destination; original commands omitted.,,
English product,01a0f2fd-1c27-74f3-9dd5-a094fa8e1d6c,2026-09-30T15:44:29.231000+00:00,2026-09-30T15:44:34.754000+00:00,Analysis,5.523000001907349,gap assigned to next activity,Activity classified by event type and edit destination; original commands omitted.,exec-bf326dc3-fe59-4797-9f56-0df5b4e6c206,13
English product,01a0f2fd-1c27-74f3-9dd5-a094fa8e1d6c,2026-09-30T15:44:34.754000+00:00,2026-09-30T15:44:35.025000+00:00,Analysis,0.2710001468658447,event,Activity classified by event type and edit destination; original commands omitted.,exec-bf326dc3-fe59-4797-9f56-0df5b4e6c206,13
English product,01a0f2fd-1c27-74f3-9dd5-a094fa8e1d6c,2026-09-30T15:44:35.025000+00:00,2026-09-30T15:44:40.881000+00:00,Analysis,5.855999946594238,gap assigned to next activity,Activity classified by event type and edit destination; original commands omitted.,exec-3a70c1d5-ea1e-4432-9d9d-306a42b80086,18
English product,01a0f2fd-1c27-74f3-9dd5-a094fa8e1d6c,2026-09-30T15:44:40.881000+00:00,2026-09-30T15:44:41.140000+00:00,Analysis,0.2590000629425049,event,Activity classified by event type and edit destination; original commands omitted.,exec-3a70c1d5-ea1e-4432-9d9d-306a42b80086,18
English product,01a0f2fd-1c27-74f3-9dd5-a094fa8e1d6c,2026-09-30T15:44:41.140000+00:00,2026-09-30T15:44:50.211000+00:00,Analysis,9.07099986076355,gap assigned to next activity,Activity classified by event type and edit destination; original commands omitted.,exec-0726ec90-a37c-4c0a-a820-dc0d6c184c8b,23
English product,01a0f2fd-1c27-74f3-9dd5-a094fa8e1d6c,2026-09-30T15:44:50.211000+00:00,2026-09-30T15:44:50.493000+00:00,Analysis,0.2820000648498535,event,Activity classified by event type and edit destination; original commands omitted.,exec-0726ec90-a37c-4c0a-a820-dc0d6c184c8b,23
English product,01a0f2fd-1c27-74f3-9dd5-a094fa8e1d6c,2026-09-30T15:44:50.493000+00:00,2026-09-30T15:44:52.933000+00:00,Analysis,2.440000057220459,gap assigned to next activity,Activity classified by event type and edit destination; original commands omitted.,rs_036768d867ba902b016abd2e74ffb087d2a0924d78b12d3826,26
English product,01a0f2fd-1c27-74f3-9dd5-a094fa8e1d6c,2026-09-30T15:44:52.933000+00:00,2026-09-30T15:44:54.093000+00:00,Analysis,1.1599998474121094,event,Activity classified by event type and edit destination; original commands omitted.,rs_036768d867ba902b016abd2e74ffb087d2a0924d78b12d3826,26
English product,01a0f2fd-1c27-74f3-9dd5-a094fa8e1d6c,2026-09-30T15:44:54.093000+00:00,2026-09-30T15:44:55.540000+00:00,Communication and follow-up,1.4470000267028809,gap assigned to next activity,Activity classified by event type and edit destination; original commands omitted.,call_59kodLJqONetLircytfYfXB0,29
English product,01a0f2fd-1c27-74f3-9dd5-a094fa8e1d6c,2026-09-30T15:44:55.540000+00:00,2026-09-30T15:45:07.361000+00:00,Analysis,11.821000099182129,gap assigned to next activity,Activity classified by event type and edit destination; original commands omitted.,exec-33a1fcee-8daa-410b-a7e4-93d8f5a9c518,37
English product,01a0f2fd-1c27-74f3-9dd5-a094fa8e1d6c,2026-09-30T15:45:07.361000+00:00,2026-09-30T15:45:07.364000+00:00,Analysis,0.003000020980834961,event,Activity classified by event type and edit destination; original commands omitted.,exec-33a1fcee-8daa-410b-a7e4-93d8f5a9c518,37
English product,01a0f2fd-1c27-74f3-9dd5-a094fa8e1d6c,2026-09-30T15:45:07.364000+00:00,2026-09-30T15:45:07.365000+00:00,Analysis,0.0009999275207519531,event,Activity classified by event type and edit destination; original commands omitted.,exec-6ded66e6-c49d-4417-a247-b4bda9171fe3,36
English product,01a0f2fd-1c27-74f3-9dd5-a094fa8e1d6c,2026-09-30T15:45:07.365000+00:00,2026-09-30T15:45:07.676000+00:00,Analysis,0.31100010871887207,event,Activity classified by event type and edit destination; original commands omitted.,exec-f183f039-5e7d-4998-b12c-49e6e7b59e90,35
English product,01a0f2fd-1c27-74f3-9dd5-a094fa8e1d6c,2026-09-30T15:45:07.676000+00:00,2026-09-30T15:45:07.678000+00:00,Analysis,0.0019998550415039062,event,Activity classified by event type and edit destination; original commands omitted.,exec-6ded66e6-c49d-4417-a247-b4bda9171fe3,36
English product,01a0f2fd-1c27-74f3-9dd5-a094fa8e1d6c,2026-09-30T15:45:07.678000+00:00,2026-09-30T15:45:07.687000+00:00,Analysis,0.009000062942504883,event,Activity classified by event type and edit destination; original commands omitted.,exec-33a1fcee-8daa-410b-a7e4-93d8f5a9c518,37
English product,01a0f2fd-1c27-74f3-9dd5-a094fa8e1d6c,2026-09-30T15:45:07.687000+00:00,2026-09-30T15:45:13.818000+00:00,Analysis,6.13100004196167,gap assigned to next activity,Activity classified by event type and edit destination; original commands omitted.,exec-0d507e6d-a5ce-4f8f-a201-28f5c7d84181,42
English product,01a0f2fd-1c27-74f3-9dd5-a094fa8e1d6c,2026-09-30T15:45:13.818000+00:00,2026-09-30T15:45:14.122000+00:00,Analysis,0.3039999008178711,event,Activity classified by event type and edit destination; original commands omitted.,exec-0d507e6d-a5ce-4f8f-a201-28f5c7d84181,42
English product,01a0f2fd-1c27-74f3-9dd5-a094fa8e1d6c,2026-09-30T15:45:14.122000+00:00,2026-09-30T15:45:18.751000+00:00,Analysis,4.628999948501587,gap assigned to next activity,Activity classified by event type and edit destination; original commands omitted.,exec-4f793cd1-6375-4bee-af42-aa03a141a423,47
English product,01a0f2fd-1c27-74f3-9dd5-a094fa8e1d6c,2026-09-30T15:45:18.751000+00:00,2026-09-30T15:45:19.051000+00:00,Analysis,0.3000001907348633,event,Activity classified by event type and edit destination; original commands omitted.,exec-4f793cd1-6375-4bee-af42-aa03a141a423,47
English product,01a0f2fd-1c27-74f3-9dd5-a094fa8e1d6c,2026-09-30T15:45:19.051000+00:00,2026-09-30T15:45:21.902000+00:00,Analysis,2.8509998321533203,gap assigned to next activity,Activity classified by event type and edit destination; original commands omitted.,rs_036768d867ba902b016abd2e91fc9887d29fb12608960233ca,50
English product,01a0f2fd-1c27-74f3-9dd5-a094fa8e1d6c,2026-09-30T15:45:21.902000+00:00,2026-09-30T15:45:23.972000+00:00,Analysis,2.069999933242798,event,Activity classified by event type and edit destination; original commands omitted.,rs_036768d867ba902b016abd2e91fc9887d29fb12608960233ca,50
English product,01a0f2fd-1c27-74f3-9dd5-a094fa8e1d6c,2026-09-30T15:45:23.972000+00:00,2026-09-30T15:47:00.105000+00:00,Implementation,96.13300013542175,gap assigned to next activity,Activity classified by event type and edit destination; original commands omitted.,exec-65ee790f-4f01-4481-9ede-9bac7bf8a249,54
English product,01a0f2fd-1c27-74f3-9dd5-a094fa8e1d6c,2026-09-30T15:47:00.105000+00:00,2026-09-30T15:47:00.475000+00:00,Implementation,0.36999988555908203,event,Activity classified by event type and edit destination; original commands omitted.,exec-65ee790f-4f01-4481-9ede-9bac7bf8a249,54
English product,01a0f2fd-1c27-74f3-9dd5-a094fa8e1d6c,2026-09-30T15:47:00.475000+00:00,2026-09-30T15:47:11.702000+00:00,Implementation,11.226999998092651,gap assigned to next activity,Activity classified by event type and edit destination; original commands omitted.,exec-c880fdf9-e658-4325-a2f3-8a6db9dd7b7e,60
English product,01a0f2fd-1c27-74f3-9dd5-a094fa8e1d6c,2026-09-30T15:47:11.702000+00:00,2026-09-30T15:47:11.735000+00:00,Implementation,0.03299999237060547,event,Activity classified by event type and edit destination; original commands omitted.,exec-c880fdf9-e658-4325-a2f3-8a6db9dd7b7e,60
English product,01a0f2fd-1c27-74f3-9dd5-a094fa8e1d6c,2026-09-30T15:47:11.735000+00:00,2026-09-30T15:47:11.894000+00:00,Analysis,0.15900015830993652,gap assigned to next activity,Activity classified by event type and edit destination; original commands omitted.,exec-00f4e60d-3736-4f2b-9189-367e53a139b5,62
English product,01a0f2fd-1c27-74f3-9dd5-a094fa8e1d6c,2026-09-30T15:47:11.894000+00:00,2026-09-30T15:47:12.210000+00:00,Analysis,0.31599998474121094,event,Activity classified by event type and edit destination; original commands omitted.,exec-00f4e60d-3736-4f2b-9189-367e53a139b5,62
English product,01a0f2fd-1c27-74f3-9dd5-a094fa8e1d6c,2026-09-30T15:47:12.210000+00:00,2026-09-30T15:47:16.489000+00:00,Communication and follow-up,4.2790000438690186,gap assigned to next activity,Activity classified by event type and edit destination; original commands omitted.,call_7Hgu81dIpj4nNTzh99q61Wnt,66
English product,01a0f2fd-1c27-74f3-9dd5-a094fa8e1d6c,2026-09-30T15:47:16.489000+00:00,2026-09-30T15:47:19.862000+00:00,Analysis,3.372999906539917,gap assigned to next activity,Activity classified by event type and edit destination; original commands omitted.,rs_036768d867ba902b016abd2f07f1bc87d28a23323090e1e6c3,70
English product,01a0f2fd-1c27-74f3-9dd5-a094fa8e1d6c,2026-09-30T15:47:19.862000+00:00,2026-09-30T15:47:23.610000+00:00,Analysis,3.747999906539917,event,Activity classified by event type and edit destination; original commands omitted.,rs_036768d867ba902b016abd2f07f1bc87d28a23323090e1e6c3,70
English product,01a0f2fd-1c27-74f3-9dd5-a094fa8e1d6c,2026-09-30T15:47:23.610000+00:00,2026-09-30T15:47:41.885000+00:00,Documentation,18.27500009536743,gap assigned to next activity,Activity classified by event type and edit destination; original commands omitted.,exec-0ecb80ba-7b76-45c0-ac2f-0807b245d4ab,74
English product,01a0f2fd-1c27-74f3-9dd5-a094fa8e1d6c,2026-09-30T15:47:41.885000+00:00,2026-09-30T15:47:42.879000+00:00,Documentation,0.9939999580383301,event,Activity classified by event type and edit destination; original commands omitted.,exec-0ecb80ba-7b76-45c0-ac2f-0807b245d4ab,74
English product,01a0f2fd-1c27-74f3-9dd5-a094fa8e1d6c,2026-09-30T15:47:42.879000+00:00,2026-09-30T15:47:54.105000+00:00,Testing and verification,11.2260000705719,gap assigned to next activity,Activity classified by event type and edit destination; original commands omitted.,exec-d9fe6b72-03e8-46e7-b1a3-6fa0a8eeec9f,81
English product,01a0f2fd-1c27-74f3-9dd5-a094fa8e1d6c,2026-09-30T15:47:54.105000+00:00,2026-09-30T15:47:54.108000+00:00,Testing and verification,0.003000020980834961,event,Activity classified by event type and edit destination; original commands omitted.,exec-d9fe6b72-03e8-46e7-b1a3-6fa0a8eeec9f,81
English product,01a0f2fd-1c27-74f3-9dd5-a094fa8e1d6c,2026-09-30T15:47:54.108000+00:00,2026-09-30T15:47:54.112000+00:00,Testing and verification,0.003999948501586914,event,Activity classified by event type and edit destination; original commands omitted.,exec-9356055b-e5b7-44fa-bf9d-acf7b25c6bd8,80
English product,01a0f2fd-1c27-74f3-9dd5-a094fa8e1d6c,2026-09-30T15:47:54.112000+00:00,2026-09-30T15:47:54.458000+00:00,Environment and operational integration,0.34599995613098145,event,Activity classified by event type and edit destination; original commands omitted.,exec-02aedd25-137d-48c3-a2c2-ba0f8c2f5df6,79
English product,01a0f2fd-1c27-74f3-9dd5-a094fa8e1d6c,2026-09-30T15:47:54.458000+00:00,2026-09-30T15:47:55.937000+00:00,Testing and verification,1.4790000915527344,event,Activity classified by event type and edit destination; original commands omitted.,exec-9356055b-e5b7-44fa-bf9d-acf7b25c6bd8,80
English product,01a0f2fd-1c27-74f3-9dd5-a094fa8e1d6c,2026-09-30T15:47:55.937000+00:00,2026-09-30T15:47:58.223000+00:00,Testing and verification,2.2860000133514404,event,Activity classified by event type and edit destination; original commands omitted.,exec-d9fe6b72-03e8-46e7-b1a3-6fa0a8eeec9f,81
English product,01a0f2fd-1c27-74f3-9dd5-a094fa8e1d6c,2026-09-30T15:47:58.223000+00:00,2026-09-30T15:47:59.896000+00:00,Analysis,1.6729998588562012,gap assigned to next activity,Activity classified by event type and edit destination; original commands omitted.,rs_036768d867ba902b016abd2f2ffb1487d2baf3fcf34cbdd456,84
English product,01a0f2fd-1c27-74f3-9dd5-a094fa8e1d6c,2026-09-30T15:47:59.896000+00:00,2026-09-30T15:48:00.901000+00:00,Analysis,1.005000114440918,event,Activity classified by event type and edit destination; original commands omitted.,rs_036768d867ba902b016abd2f2ffb1487d2baf3fcf34cbdd456,84
English product,01a0f2fd-1c27-74f3-9dd5-a094fa8e1d6c,2026-09-30T15:48:00.901000+00:00,2026-09-30T15:48:03.562000+00:00,Communication and follow-up,2.6610000133514404,gap assigned to next activity,Activity classified by event type and edit destination; original commands omitted.,call_58VbRFPBmetI2PMUZe5Rf61X,87
English product,01a0f2fd-1c27-74f3-9dd5-a094fa8e1d6c,2026-09-30T15:48:03.562000+00:00,2026-09-30T15:48:09.127000+00:00,Environment and operational integration,5.565000057220459,gap assigned to next activity,Activity classified by event type and edit destination; original commands omitted.,exec-dcc6aebb-3058-4c97-acce-0d1f2d2335b4,93
English product,01a0f2fd-1c27-74f3-9dd5-a094fa8e1d6c,2026-09-30T15:48:09.127000+00:00,2026-09-30T15:48:09.468000+00:00,Environment and operational integration,0.3409998416900635,event,Activity classified by event type and edit destination; original commands omitted.,exec-dcc6aebb-3058-4c97-acce-0d1f2d2335b4,93
English product,01a0f2fd-1c27-74f3-9dd5-a094fa8e1d6c,2026-09-30T15:48:09.468000+00:00,2026-09-30T15:48:12.700000+00:00,Analysis,3.2320001125335693,gap assigned to next activity,Activity classified by event type and edit destination; original commands omitted.,rs_036768d867ba902b016abd2f3cc8ec87d2ac1e57dd24402ab7,96
English product,01a0f2fd-1c27-74f3-9dd5-a094fa8e1d6c,2026-09-30T15:48:12.700000+00:00,2026-09-30T15:48:19.136000+00:00,Analysis,6.435999870300293,event,Activity classified by event type and edit destination; original commands omitted.,rs_036768d867ba902b016abd2f3cc8ec87d2ac1e57dd24402ab7,96
English product,01a0f2fd-1c27-74f3-9dd5-a094fa8e1d6c,2026-09-30T15:48:19.136000+00:00,2026-09-30T15:48:22.889000+00:00,Communication and follow-up,3.753000020980835,gap assigned to next activity,Activity classified by event type and edit destination; original commands omitted.,call_r275ypZzByaGoAdEWxQHO9xS,99
English product,01a0f2fd-1c27-74f3-9dd5-a094fa8e1d6c,2026-09-30T15:48:22.889000+00:00,2026-09-30T15:48:25.347000+00:00,Analysis,2.4579999446868896,gap assigned to next activity,Activity classified by event type and edit destination; original commands omitted.,rs_036768d867ba902b016abd2f496ce887d299dc32d7020b17cb,103
English product,01a0f2fd-1c27-74f3-9dd5-a094fa8e1d6c,2026-09-30T15:48:25.347000+00:00,2026-09-30T15:48:25.884000+00:00,Analysis,0.5370001792907715,event,Activity classified by event type and edit destination; original commands omitted.,rs_036768d867ba902b016abd2f496ce887d299dc32d7020b17cb,103
English product,01a0f2fd-1c27-74f3-9dd5-a094fa8e1d6c,2026-09-30T15:48:25.884000+00:00,2026-09-30T15:48:25.892000+00:00,Communication and follow-up,0.007999897003173828,gap assigned to next activity,Activity classified by event type and edit destination; original commands omitted.,msg_036768d867ba902b016abd2f49f7ac87d28a315fdcf759f814,105
English product,01a0f2fd-1c27-74f3-9dd5-a094fa8e1d6c,2026-09-30T15:48:25.892000+00:00,2026-09-30T15:48:28.116000+00:00,Communication and follow-up,2.2239999771118164,event,Activity classified by event type and edit destination; original commands omitted.,msg_036768d867ba902b016abd2f49f7ac87d28a315fdcf759f814,105
English product,01a0f2fd-1c27-74f3-9dd5-a094fa8e1d6c,2026-09-30T15:48:28.116000+00:00,2026-09-30T15:48:28.255000+00:00,Unattributed active time,0.13900017738342285,gap assigned to next activity,Activity classified by event type and edit destination; original commands omitted.,,
English product,01a0f304-3a59-7770-a5a4-aed684550098,2026-09-30T15:52:15.718000+00:00,2026-09-30T15:52:22.658000+00:00,Analysis,6.940000057220459,gap assigned to next activity,Activity classified by event type and edit destination; original commands omitted.,exec-2687c3ca-c29f-4c5c-a94f-a5f2c1aa3410,118
English product,01a0f304-3a59-7770-a5a4-aed684550098,2026-09-30T15:52:22.658000+00:00,2026-09-30T15:52:22.955000+00:00,Analysis,0.2969999313354492,event,Activity classified by event type and edit destination; original commands omitted.,exec-2687c3ca-c29f-4c5c-a94f-a5f2c1aa3410,118
English product,01a0f304-3a59-7770-a5a4-aed684550098,2026-09-30T15:52:22.955000+00:00,2026-09-30T15:52:28.249000+00:00,Communication and follow-up,5.294000148773193,gap assigned to next activity,Activity classified by event type and edit destination; original commands omitted.,call_9AaBsdfDL6JcO9Gy8BmbynUn,122
English product,01a0f304-3a59-7770-a5a4-aed684550098,2026-09-30T15:52:28.249000+00:00,2026-09-30T15:52:34.403000+00:00,Analysis,6.1540000438690186,gap assigned to next activity,Activity classified by event type and edit destination; original commands omitted.,exec-1ea26f46-85c9-4b67-8b11-52a49d6ef0b9,128
English product,01a0f304-3a59-7770-a5a4-aed684550098,2026-09-30T15:52:34.403000+00:00,2026-09-30T15:52:34.727000+00:00,Analysis,0.32399988174438477,event,Activity classified by event type and edit destination; original commands omitted.,exec-1ea26f46-85c9-4b67-8b11-52a49d6ef0b9,128
English product,01a0f304-3a59-7770-a5a4-aed684550098,2026-09-30T15:52:34.727000+00:00,2026-09-30T15:52:36.695000+00:00,Analysis,1.9679999351501465,gap assigned to next activity,Activity classified by event type and edit destination; original commands omitted.,rs_036768d867ba902b016abd3044c79887d2aae860a7a72834ea,131
English product,01a0f304-3a59-7770-a5a4-aed684550098,2026-09-30T15:52:36.695000+00:00,2026-09-30T15:52:38.309000+00:00,Analysis,1.614000082015991,event,Activity classified by event type and edit destination; original commands omitted.,rs_036768d867ba902b016abd3044c79887d2aae860a7a72834ea,131
English product,01a0f304-3a59-7770-a5a4-aed684550098,2026-09-30T15:52:38.309000+00:00,2026-09-30T15:52:52.668000+00:00,Implementation,14.358999967575073,gap assigned to next activity,Activity classified by event type and edit destination; original commands omitted.,exec-467d649a-b7ab-417e-9452-ca50a6f6245c,135
English product,01a0f304-3a59-7770-a5a4-aed684550098,2026-09-30T15:52:52.668000+00:00,2026-09-30T15:52:53.001000+00:00,Implementation,0.33299994468688965,event,Activity classified by event type and edit destination; original commands omitted.,exec-467d649a-b7ab-417e-9452-ca50a6f6245c,135
English product,01a0f304-3a59-7770-a5a4-aed684550098,2026-09-30T15:52:53.001000+00:00,2026-09-30T15:52:55.412000+00:00,Analysis,2.4110000133514404,gap assigned to next activity,Activity classified by event type and edit destination; original commands omitted.,rs_036768d867ba902b016abd30577e2c87d288a3ca8d5f558133,138
English product,01a0f304-3a59-7770-a5a4-aed684550098,2026-09-30T15:52:55.412000+00:00,2026-09-30T15:52:57.363000+00:00,Analysis,1.9509999752044676,event,Activity classified by event type and edit destination; original commands omitted.,rs_036768d867ba902b016abd30577e2c87d288a3ca8d5f558133,138
English product,01a0f304-3a59-7770-a5a4-aed684550098,2026-09-30T15:52:57.363000+00:00,2026-09-30T15:53:01.740000+00:00,Analysis,4.377000093460083,gap assigned to next activity,Activity classified by event type and edit destination; original commands omitted.,exec-ecfe5175-1484-4f57-b8b5-ef50b9cdbf6c,142
English product,01a0f304-3a59-7770-a5a4-aed684550098,2026-09-30T15:53:01.740000+00:00,2026-09-30T15:53:02.024000+00:00,Analysis,0.2839999198913574,event,Activity classified by event type and edit destination; original commands omitted.,exec-ecfe5175-1484-4f57-b8b5-ef50b9cdbf6c,142
English product,01a0f304-3a59-7770-a5a4-aed684550098,2026-09-30T15:53:02.024000+00:00,2026-09-30T15:53:05.020000+00:00,Analysis,2.996000051498413,gap assigned to next activity,Activity classified by event type and edit destination; original commands omitted.,rs_036768d867ba902b016abd30611b5c87d2bf35e4bc9ed19b55,145
English product,01a0f304-3a59-7770-a5a4-aed684550098,2026-09-30T15:53:05.020000+00:00,2026-09-30T15:53:06.228000+00:00,Analysis,1.2079999446868896,event,Activity classified by event type and edit destination; original commands omitted.,rs_036768d867ba902b016abd30611b5c87d2bf35e4bc9ed19b55,145
English product,01a0f304-3a59-7770-a5a4-aed684550098,2026-09-30T15:53:06.228000+00:00,2026-09-30T15:53:12.852000+00:00,Analysis,6.624000072479248,gap assigned to next activity,Activity classified by event type and edit destination; original commands omitted.,exec-c05d9f7d-f759-4f26-88d4-ae5f234aa37c,149
English product,01a0f304-3a59-7770-a5a4-aed684550098,2026-09-30T15:53:12.852000+00:00,2026-09-30T15:53:13.184000+00:00,Analysis,0.3320000171661377,event,Activity classified by event type and edit destination; original commands omitted.,exec-c05d9f7d-f759-4f26-88d4-ae5f234aa37c,149
English product,01a0f304-3a59-7770-a5a4-aed684550098,2026-09-30T15:53:13.184000+00:00,2026-09-30T15:53:15.471000+00:00,Analysis,2.2869999408721924,gap assigned to next activity,Activity classified by event type and edit destination; original commands omitted.,rs_036768d867ba902b016abd306b8f6087d2af666b1e014853e6,152
English product,01a0f304-3a59-7770-a5a4-aed684550098,2026-09-30T15:53:15.471000+00:00,2026-09-30T15:53:16.287000+00:00,Analysis,0.8159999847412109,event,Activity classified by event type and edit destination; original commands omitted.,rs_036768d867ba902b016abd306b8f6087d2af666b1e014853e6,152
English product,01a0f304-3a59-7770-a5a4-aed684550098,2026-09-30T15:53:16.287000+00:00,2026-09-30T15:53:24.198000+00:00,Analysis,7.91100001335144,gap assigned to next activity,Activity classified by event type and edit destination; original commands omitted.,exec-7b75b30a-9524-433c-9267-6b618844a2e5,156
English product,01a0f304-3a59-7770-a5a4-aed684550098,2026-09-30T15:53:24.198000+00:00,2026-09-30T15:53:24.497000+00:00,Analysis,0.2990000247955322,event,Activity classified by event type and edit destination; original commands omitted.,exec-7b75b30a-9524-433c-9267-6b618844a2e5,156
English product,01a0f304-3a59-7770-a5a4-aed684550098,2026-09-30T15:53:24.497000+00:00,2026-09-30T15:53:27.096000+00:00,Analysis,2.5989999771118164,gap assigned to next activity,Activity classified by event type and edit destination; original commands omitted.,rs_036768d867ba902b016abd30772e7887d2a959a7feb01c7f48,159
English product,01a0f304-3a59-7770-a5a4-aed684550098,2026-09-30T15:53:27.096000+00:00,2026-09-30T15:53:34.433000+00:00,Analysis,7.337000131607056,event,Activity classified by event type and edit destination; original commands omitted.,rs_036768d867ba902b016abd30772e7887d2a959a7feb01c7f48,159
English product,01a0f304-3a59-7770-a5a4-aed684550098,2026-09-30T15:53:34.433000+00:00,2026-09-30T15:53:52.494000+00:00,Testing and verification,18.060999870300293,gap assigned to next activity,Activity classified by event type and edit destination; original commands omitted.,exec-5e1c1c92-595e-4871-93c1-0b60f9f94983,163
English product,01a0f304-3a59-7770-a5a4-aed684550098,2026-09-30T15:53:52.494000+00:00,2026-09-30T15:53:52.869000+00:00,Testing and verification,0.375,event,Activity classified by event type and edit destination; original commands omitted.,exec-5e1c1c92-595e-4871-93c1-0b60f9f94983,163
English product,01a0f304-3a59-7770-a5a4-aed684550098,2026-09-30T15:53:52.869000+00:00,2026-09-30T15:53:56.840000+00:00,Analysis,3.9709999561309814,gap assigned to next activity,Activity classified by event type and edit destination; original commands omitted.,rs_036768d867ba902b016abd3094edc087d2abd1aa83e26cd0c5,166
English product,01a0f304-3a59-7770-a5a4-aed684550098,2026-09-30T15:53:56.840000+00:00,2026-09-30T15:54:05.805000+00:00,Analysis,8.96500015258789,event,Activity classified by event type and edit destination; original commands omitted.,rs_036768d867ba902b016abd3094edc087d2abd1aa83e26cd0c5,166
English product,01a0f304-3a59-7770-a5a4-aed684550098,2026-09-30T15:54:05.805000+00:00,2026-09-30T15:54:31.891000+00:00,Testing and verification,26.085999965667725,gap assigned to next activity,Activity classified by event type and edit destination; original commands omitted.,exec-398d292f-8812-488c-95dc-d4152e0cca0b,169
English product,01a0f304-3a59-7770-a5a4-aed684550098,2026-09-30T15:54:31.891000+00:00,2026-09-30T15:54:31.933000+00:00,Testing and verification,0.04200005531311035,event,Activity classified by event type and edit destination; original commands omitted.,exec-398d292f-8812-488c-95dc-d4152e0cca0b,169
English product,01a0f304-3a59-7770-a5a4-aed684550098,2026-09-30T15:54:31.933000+00:00,2026-09-30T15:54:32.090000+00:00,Analysis,0.15699982643127441,gap assigned to next activity,Activity classified by event type and edit destination; original commands omitted.,exec-6b001caa-5188-4de1-b212-ec185af789e8,171
English product,01a0f304-3a59-7770-a5a4-aed684550098,2026-09-30T15:54:32.090000+00:00,2026-09-30T15:54:32.420000+00:00,Analysis,0.3300001621246338,event,Activity classified by event type and edit destination; original commands omitted.,exec-6b001caa-5188-4de1-b212-ec185af789e8,171
English product,01a0f304-3a59-7770-a5a4-aed684550098,2026-09-30T15:54:32.420000+00:00,2026-09-30T15:54:34.357000+00:00,Analysis,1.9370000362396238,gap assigned to next activity,Activity classified by event type and edit destination; original commands omitted.,rs_036768d867ba902b016abd30ba702c87d29c84756ae2eeaba9,174
English product,01a0f304-3a59-7770-a5a4-aed684550098,2026-09-30T15:54:34.357000+00:00,2026-09-30T15:54:35.165000+00:00,Analysis,0.807999849319458,event,Activity classified by event type and edit destination; original commands omitted.,rs_036768d867ba902b016abd30ba702c87d29c84756ae2eeaba9,174
English product,01a0f304-3a59-7770-a5a4-aed684550098,2026-09-30T15:54:35.165000+00:00,2026-09-30T15:54:49.831000+00:00,Testing and verification,14.666000127792358,gap assigned to next activity,Activity classified by event type and edit destination; original commands omitted.,exec-afdbdbe8-6be7-48a7-b3fa-299b638e0edc,178
English product,01a0f304-3a59-7770-a5a4-aed684550098,2026-09-30T15:54:49.831000+00:00,2026-09-30T15:54:50.371000+00:00,Testing and verification,0.5399999618530273,event,Activity classified by event type and edit destination; original commands omitted.,exec-afdbdbe8-6be7-48a7-b3fa-299b638e0edc,178
English product,01a0f304-3a59-7770-a5a4-aed684550098,2026-09-30T15:54:50.371000+00:00,2026-09-30T15:55:03.027000+00:00,Testing and verification,12.655999898910524,gap assigned to next activity,Activity classified by event type and edit destination; original commands omitted.,exec-cd8efff5-f9eb-4969-ac78-9a14952750f9,183
English product,01a0f304-3a59-7770-a5a4-aed684550098,2026-09-30T15:55:03.027000+00:00,2026-09-30T15:55:03.032000+00:00,Testing and verification,0.005000114440917969,event,Activity classified by event type and edit destination; original commands omitted.,exec-cd8efff5-f9eb-4969-ac78-9a14952750f9,183
English product,01a0f304-3a59-7770-a5a4-aed684550098,2026-09-30T15:55:03.032000+00:00,2026-09-30T15:55:07.016000+00:00,Testing and verification,3.9839999675750732,event,Activity classified by event type and edit destination; original commands omitted.,exec-cd8efff5-f9eb-4969-ac78-9a14952750f9,183
English product,01a0f304-3a59-7770-a5a4-aed684550098,2026-09-30T15:55:07.016000+00:00,2026-09-30T15:55:17.286000+00:00,Testing and verification,10.269999980926514,event,Activity classified by event type and edit destination; original commands omitted.,exec-c5d9ebfa-a310-44a9-bb7b-0499b989a77c,231
English product,01a0f304-3a59-7770-a5a4-aed684550098,2026-09-30T15:55:17.286000+00:00,2026-09-30T15:55:22.652000+00:00,Analysis,5.365999937057495,event,Activity classified by event type and edit destination; original commands omitted.,rs_036768d867ba902b016abd30e55cc087d2862ba289f1a0a902,188
English product,01a0f304-3a59-7770-a5a4-aed684550098,2026-09-30T15:55:22.652000+00:00,2026-09-30T15:55:32.466000+00:00,Testing and verification,9.814000129699707,event,Activity classified by event type and edit destination; original commands omitted.,exec-c5d9ebfa-a310-44a9-bb7b-0499b989a77c,231
English product,01a0f304-3a59-7770-a5a4-aed684550098,2026-09-30T15:55:32.466000+00:00,2026-09-30T15:55:32.512000+00:00,Testing and verification,0.046000003814697266,event,Activity classified by event type and edit destination; original commands omitted.,exec-489484cc-749a-4b99-bc63-2a3e2adddc76,191
English product,01a0f304-3a59-7770-a5a4-aed684550098,2026-09-30T15:55:32.512000+00:00,2026-09-30T15:55:41.409000+00:00,Testing and verification,8.896999835968018,event,Activity classified by event type and edit destination; original commands omitted.,exec-c5d9ebfa-a310-44a9-bb7b-0499b989a77c,231
English product,01a0f304-3a59-7770-a5a4-aed684550098,2026-09-30T15:55:41.409000+00:00,2026-09-30T15:55:43.094000+00:00,Analysis,1.68500018119812,event,Activity classified by event type and edit destination; original commands omitted.,rs_036768d867ba902b016abd30fd7fb887d2bf3b13f5c78e59d4,195
English product,01a0f304-3a59-7770-a5a4-aed684550098,2026-09-30T15:55:43.094000+00:00,2026-09-30T15:55:45.347000+00:00,Testing and verification,2.252999782562256,event,Activity classified by event type and edit destination; original commands omitted.,exec-c5d9ebfa-a310-44a9-bb7b-0499b989a77c,231
English product,01a0f304-3a59-7770-a5a4-aed684550098,2026-09-30T15:55:45.347000+00:00,2026-09-30T15:55:56.400000+00:00,Testing and verification,11.053000211715698,event,Activity classified by event type and edit destination; original commands omitted.,exec-c5d9ebfa-a310-44a9-bb7b-0499b989a77c,231
English product,01a0f304-3a59-7770-a5a4-aed684550098,2026-09-30T15:55:56.400000+00:00,2026-09-30T15:55:56.742000+00:00,Environment and operational integration,0.34200000762939453,event,Activity classified by event type and edit destination; original commands omitted.,exec-6ea8746e-2401-4a20-9fbf-b1bfd16b9595,204
English product,01a0f304-3a59-7770-a5a4-aed684550098,2026-09-30T15:55:56.742000+00:00,2026-09-30T15:55:59.230000+00:00,Testing and verification,2.48799991607666,event,Activity classified by event type and edit destination; original commands omitted.,exec-c5d9ebfa-a310-44a9-bb7b-0499b989a77c,231
English product,01a0f304-3a59-7770-a5a4-aed684550098,2026-09-30T15:55:59.230000+00:00,2026-09-30T15:56:00.346000+00:00,Analysis,1.1159999370574951,event,Activity classified by event type and edit destination; original commands omitted.,rs_036768d867ba902b016abd310f512887d2a762f7b8dd9eb3c8,207
English product,01a0f304-3a59-7770-a5a4-aed684550098,2026-09-30T15:56:00.346000+00:00,2026-09-30T15:56:02.815000+00:00,Testing and verification,2.4690001010894775,event,Activity classified by event type and edit destination; original commands omitted.,exec-c5d9ebfa-a310-44a9-bb7b-0499b989a77c,231
English product,01a0f304-3a59-7770-a5a4-aed684550098,2026-09-30T15:56:02.815000+00:00,2026-09-30T15:56:03.149000+00:00,Environment and operational integration,0.3339998722076416,event,Activity classified by event type and edit destination; original commands omitted.,exec-5d8aa605-7eb8-4f18-9c28-488df24332f1,211
English product,01a0f304-3a59-7770-a5a4-aed684550098,2026-09-30T15:56:03.149000+00:00,2026-09-30T15:56:04.883000+00:00,Testing and verification,1.733999967575073,event,Activity classified by event type and edit destination; original commands omitted.,exec-c5d9ebfa-a310-44a9-bb7b-0499b989a77c,231
English product,01a0f304-3a59-7770-a5a4-aed684550098,2026-09-30T15:56:04.883000+00:00,2026-09-30T15:56:11.006000+00:00,Analysis,6.123000144958495,event,Activity classified by event type and edit destination; original commands omitted.,rs_036768d867ba902b016abd3114f8c487d2966fcf5c5399f835,214
English product,01a0f304-3a59-7770-a5a4-aed684550098,2026-09-30T15:56:11.006000+00:00,2026-09-30T15:56:18.204000+00:00,Testing and verification,7.197999954223633,event,Activity classified by event type and edit destination; original commands omitted.,exec-c5d9ebfa-a310-44a9-bb7b-0499b989a77c,231
English product,01a0f304-3a59-7770-a5a4-aed684550098,2026-09-30T15:56:18.204000+00:00,2026-09-30T15:56:18.224000+00:00,Testing and verification,0.019999980926513672,event,Activity classified by event type and edit destination; original commands omitted.,exec-0c9d4376-2f24-450e-b17a-3d3a9eb4bab8,217
English product,01a0f304-3a59-7770-a5a4-aed684550098,2026-09-30T15:56:18.224000+00:00,2026-09-30T15:56:25.709000+00:00,Testing and verification,7.485000133514404,event,Activity classified by event type and edit destination; original commands omitted.,exec-c5d9ebfa-a310-44a9-bb7b-0499b989a77c,231
English product,01a0f304-3a59-7770-a5a4-aed684550098,2026-09-30T15:56:25.709000+00:00,2026-09-30T15:56:31.278000+00:00,Analysis,5.569000005722046,event,Activity classified by event type and edit destination; original commands omitted.,rs_036768d867ba902b016abd3129cc2087d2b5c82ecd5d459367,221
English product,01a0f304-3a59-7770-a5a4-aed684550098,2026-09-30T15:56:31.278000+00:00,2026-09-30T15:56:33.220000+00:00,Testing and verification,1.941999912261963,event,Activity classified by event type and edit destination; original commands omitted.,exec-c5d9ebfa-a310-44a9-bb7b-0499b989a77c,231
English product,01a0f304-3a59-7770-a5a4-aed684550098,2026-09-30T15:56:33.220000+00:00,2026-09-30T15:56:36.982000+00:00,Testing and verification,3.76200008392334,event,Activity classified by event type and edit destination; original commands omitted.,exec-c5d9ebfa-a310-44a9-bb7b-0499b989a77c,231
English product,01a0f304-3a59-7770-a5a4-aed684550098,2026-09-30T15:56:36.982000+00:00,2026-09-30T15:56:38.414000+00:00,Analysis,1.4319999217987058,event,Activity classified by event type and edit destination; original commands omitted.,rs_036768d867ba902b016abd3135106487d2b0c5f27fe3e8df50,228
English product,01a0f304-3a59-7770-a5a4-aed684550098,2026-09-30T15:56:38.414000+00:00,2026-09-30T15:56:39.603000+00:00,Testing and verification,1.188999891281128,event,Activity classified by event type and edit destination; original commands omitted.,exec-c5d9ebfa-a310-44a9-bb7b-0499b989a77c,231
English product,01a0f304-3a59-7770-a5a4-aed684550098,2026-09-30T15:56:39.603000+00:00,2026-09-30T15:56:41.686000+00:00,Analysis,2.0830001831054688,gap assigned to next activity,Activity classified by event type and edit destination; original commands omitted.,rs_036768d867ba902b016abd3139c24487d2bd4004e7da5049f0,235
English product,01a0f304-3a59-7770-a5a4-aed684550098,2026-09-30T15:56:41.686000+00:00,2026-09-30T15:56:42.995000+00:00,Analysis,1.3089997768402097,event,Activity classified by event type and edit destination; original commands omitted.,rs_036768d867ba902b016abd3139c24487d2bd4004e7da5049f0,235
English product,01a0f304-3a59-7770-a5a4-aed684550098,2026-09-30T15:56:42.995000+00:00,2026-09-30T15:56:46.496000+00:00,Testing and verification,3.501000165939331,gap assigned to next activity,Activity classified by event type and edit destination; original commands omitted.,exec-fa0377d9-3be9-4337-9c23-99f1f558aed1,239
English product,01a0f304-3a59-7770-a5a4-aed684550098,2026-09-30T15:56:46.496000+00:00,2026-09-30T15:56:47.563000+00:00,Testing and verification,1.066999912261963,event,Activity classified by event type and edit destination; original commands omitted.,exec-fa0377d9-3be9-4337-9c23-99f1f558aed1,239
English product,01a0f304-3a59-7770-a5a4-aed684550098,2026-09-30T15:56:47.563000+00:00,2026-09-30T15:56:49.937000+00:00,Analysis,2.374000072479248,gap assigned to next activity,Activity classified by event type and edit destination; original commands omitted.,rs_036768d867ba902b016abd3142058487d2b6c027debce97f45,242
English product,01a0f304-3a59-7770-a5a4-aed684550098,2026-09-30T15:56:49.937000+00:00,2026-09-30T15:56:50.845000+00:00,Analysis,0.9079999923706055,event,Activity classified by event type and edit destination; original commands omitted.,rs_036768d867ba902b016abd3142058487d2b6c027debce97f45,242
English product,01a0f304-3a59-7770-a5a4-aed684550098,2026-09-30T15:56:50.845000+00:00,2026-09-30T15:56:59.436000+00:00,Communication and follow-up,8.591000080108643,gap assigned to next activity,Activity classified by event type and edit destination; original commands omitted.,call_9xgBa5gxUMdYRSEDr1E0hJ2S,248
English product,01a0f304-3a59-7770-a5a4-aed684550098,2026-09-30T15:56:59.436000+00:00,2026-09-30T15:57:01.231000+00:00,Analysis,1.794999837875366,gap assigned to next activity,Activity classified by event type and edit destination; original commands omitted.,rs_036768d867ba902b016abd314d546887d29c8923f7f3370419,252
English product,01a0f304-3a59-7770-a5a4-aed684550098,2026-09-30T15:57:01.231000+00:00,2026-09-30T15:57:04.628000+00:00,Analysis,3.3970000743865967,event,Activity classified by event type and edit destination; original commands omitted.,rs_036768d867ba902b016abd314d546887d29c8923f7f3370419,252
English product,01a0f304-3a59-7770-a5a4-aed684550098,2026-09-30T15:57:04.628000+00:00,2026-09-30T15:57:11.514000+00:00,Testing and verification,6.885999917984009,gap assigned to next activity,Activity classified by event type and edit destination; original commands omitted.,exec-909bf73d-88b0-4251-86d0-7b3afecf3c90,256
English product,01a0f304-3a59-7770-a5a4-aed684550098,2026-09-30T15:57:11.514000+00:00,2026-09-30T15:57:13.519000+00:00,Testing and verification,2.005000114440918,event,Activity classified by event type and edit destination; original commands omitted.,exec-909bf73d-88b0-4251-86d0-7b3afecf3c90,256
English product,01a0f304-3a59-7770-a5a4-aed684550098,2026-09-30T15:57:13.519000+00:00,2026-09-30T15:57:15.392000+00:00,Analysis,1.8729999065399168,gap assigned to next activity,Activity classified by event type and edit destination; original commands omitted.,rs_036768d867ba902b016abd315b7c7c87d28ba6b3ac4dc9ad71,259
English product,01a0f304-3a59-7770-a5a4-aed684550098,2026-09-30T15:57:15.392000+00:00,2026-09-30T15:57:18.192000+00:00,Analysis,2.799999952316284,event,Activity classified by event type and edit destination; original commands omitted.,rs_036768d867ba902b016abd315b7c7c87d28ba6b3ac4dc9ad71,259
English product,01a0f304-3a59-7770-a5a4-aed684550098,2026-09-30T15:57:18.192000+00:00,2026-09-30T15:57:21.411000+00:00,Communication and follow-up,3.2190001010894775,gap assigned to next activity,Activity classified by event type and edit destination; original commands omitted.,call_xGCeJQRstPAkztyVwaNNcQVP,262
English product,01a0f304-3a59-7770-a5a4-aed684550098,2026-09-30T15:57:21.411000+00:00,2026-09-30T15:57:24.101000+00:00,Communication and follow-up,2.6900000572204585,gap assigned to next activity,Activity classified by event type and edit destination; original commands omitted.,call_6XApPXWMh6VnEPIAxmbQ0Och,267
English product,01a0f304-3a59-7770-a5a4-aed684550098,2026-09-30T15:57:24.101000+00:00,2026-09-30T15:57:24.102000+00:00,Communication and follow-up,0.0009999275207519531,event,Activity classified by event type and edit destination; original commands omitted.,call_6XApPXWMh6VnEPIAxmbQ0Och,267
English product,01a0f304-3a59-7770-a5a4-aed684550098,2026-09-30T15:57:24.102000+00:00,2026-09-30T15:57:31.411000+00:00,Testing and verification,7.309000015258789,gap assigned to next activity,Activity classified by event type and edit destination; original commands omitted.,exec-bff78efa-44fb-407f-92f6-85bf352035ba,277
English product,01a0f304-3a59-7770-a5a4-aed684550098,2026-09-30T15:57:31.411000+00:00,2026-09-30T15:57:42.686000+00:00,Testing and verification,11.275000095367432,event,Activity classified by event type and edit destination; original commands omitted.,exec-bff78efa-44fb-407f-92f6-85bf352035ba,277
English product,01a0f304-3a59-7770-a5a4-aed684550098,2026-09-30T15:57:42.686000+00:00,2026-09-30T15:57:43.708000+00:00,Analysis,1.0219998359680176,gap assigned to next activity,Activity classified by event type and edit destination; original commands omitted.,rs_036768d867ba902b016abd3177cdec87d2aca353d119ce0668,278
English product,01a0f304-3a59-7770-a5a4-aed684550098,2026-09-30T15:57:43.708000+00:00,2026-09-30T15:57:45.162000+00:00,Analysis,1.4539999961853027,event,Activity classified by event type and edit destination; original commands omitted.,rs_036768d867ba902b016abd3177cdec87d2aca353d119ce0668,278
English product,01a0f304-3a59-7770-a5a4-aed684550098,2026-09-30T15:57:45.162000+00:00,2026-09-30T15:57:48.981000+00:00,Analysis,3.819000005722046,gap assigned to next activity,Activity classified by event type and edit destination; original commands omitted.,rs_036768d867ba902b016abd317d0b9c87d2b499069332e5b4be,284
English product,01a0f304-3a59-7770-a5a4-aed684550098,2026-09-30T15:57:48.981000+00:00,2026-09-30T15:57:51.095000+00:00,Analysis,2.114000082015991,event,Activity classified by event type and edit destination; original commands omitted.,rs_036768d867ba902b016abd317d0b9c87d2b499069332e5b4be,284
English product,01a0f304-3a59-7770-a5a4-aed684550098,2026-09-30T15:57:51.095000+00:00,2026-09-30T15:57:55.475000+00:00,Communication and follow-up,4.379999876022339,gap assigned to next activity,Activity classified by event type and edit destination; original commands omitted.,call_oVrxilgFhZBbvzLc7DoA9FeQ,287
English product,01a0f304-3a59-7770-a5a4-aed684550098,2026-09-30T15:57:55.475000+00:00,2026-09-30T15:58:08.448000+00:00,Testing and verification,12.973000049591064,gap assigned to next activity,Activity classified by event type and edit destination; original commands omitted.,exec-30f2dd75-990e-41cd-9b5f-f1895a30113b,292
English product,01a0f304-3a59-7770-a5a4-aed684550098,2026-09-30T15:58:08.448000+00:00,2026-09-30T15:58:08.472000+00:00,Testing and verification,0.023999929428100586,event,Activity classified by event type and edit destination; original commands omitted.,exec-30f2dd75-990e-41cd-9b5f-f1895a30113b,292
English product,01a0f304-3a59-7770-a5a4-aed684550098,2026-09-30T15:58:08.472000+00:00,2026-09-30T15:58:08.630000+00:00,Testing and verification,0.15800023078918457,gap assigned to next activity,Activity classified by event type and edit destination; original commands omitted.,exec-a8dc564f-0368-47a6-986c-0298e6103e68,294
English product,01a0f304-3a59-7770-a5a4-aed684550098,2026-09-30T15:58:08.630000+00:00,2026-09-30T15:58:10.778000+00:00,Testing and verification,2.1480000019073486,event,Activity classified by event type and edit destination; original commands omitted.,exec-a8dc564f-0368-47a6-986c-0298e6103e68,294
English product,01a0f304-3a59-7770-a5a4-aed684550098,2026-09-30T15:58:10.778000+00:00,2026-09-30T15:58:13.715000+00:00,Analysis,2.9369997978210445,gap assigned to next activity,Activity classified by event type and edit destination; original commands omitted.,rs_036768d867ba902b016abd3195cf6487d296320922d9f65f93,297
English product,01a0f304-3a59-7770-a5a4-aed684550098,2026-09-30T15:58:13.715000+00:00,2026-09-30T15:58:14.592000+00:00,Analysis,0.877000093460083,event,Activity classified by event type and edit destination; original commands omitted.,rs_036768d867ba902b016abd3195cf6487d296320922d9f65f93,297
English product,01a0f304-3a59-7770-a5a4-aed684550098,2026-09-30T15:58:14.592000+00:00,2026-09-30T15:58:17.466000+00:00,Analysis,2.8740000724792476,gap assigned to next activity,Activity classified by event type and edit destination; original commands omitted.,exec-697be0a7-a4cc-4862-a330-d2197822d57a,301
English product,01a0f304-3a59-7770-a5a4-aed684550098,2026-09-30T15:58:17.466000+00:00,2026-09-30T15:58:17.818000+00:00,Analysis,0.35199999809265137,event,Activity classified by event type and edit destination; original commands omitted.,exec-697be0a7-a4cc-4862-a330-d2197822d57a,301
English product,01a0f304-3a59-7770-a5a4-aed684550098,2026-09-30T15:58:17.818000+00:00,2026-09-30T15:58:19.527000+00:00,Analysis,1.7089998722076418,gap assigned to next activity,Activity classified by event type and edit destination; original commands omitted.,rs_036768d867ba902b016abd319b9fb887d29d3d2f0e09c9cdae,304
English product,01a0f304-3a59-7770-a5a4-aed684550098,2026-09-30T15:58:19.527000+00:00,2026-09-30T15:58:20.194000+00:00,Analysis,0.6670000553131104,event,Activity classified by event type and edit destination; original commands omitted.,rs_036768d867ba902b016abd319b9fb887d29d3d2f0e09c9cdae,304
English product,01a0f304-3a59-7770-a5a4-aed684550098,2026-09-30T15:58:20.194000+00:00,2026-09-30T15:58:33.564000+00:00,Testing and verification,13.369999885559082,gap assigned to next activity,Activity classified by event type and edit destination; original commands omitted.,exec-33b1aaef-6a75-43c9-b963-03c1f39d7d5c,310
English product,01a0f304-3a59-7770-a5a4-aed684550098,2026-09-30T15:58:33.564000+00:00,2026-09-30T15:58:33.585000+00:00,Testing and verification,0.021000146865844727,event,Activity classified by event type and edit destination; original commands omitted.,exec-33b1aaef-6a75-43c9-b963-03c1f39d7d5c,310
English product,01a0f304-3a59-7770-a5a4-aed684550098,2026-09-30T15:58:33.585000+00:00,2026-09-30T15:58:33.742000+00:00,Testing and verification,0.15700006484985352,gap assigned to next activity,Activity classified by event type and edit destination; original commands omitted.,exec-0e6c3063-00bc-465e-961a-b3ea2d699e72,312
English product,01a0f304-3a59-7770-a5a4-aed684550098,2026-09-30T15:58:33.742000+00:00,2026-09-30T15:58:36.475000+00:00,Testing and verification,2.732999801635742,event,Activity classified by event type and edit destination; original commands omitted.,exec-0e6c3063-00bc-465e-961a-b3ea2d699e72,312
English product,01a0f304-3a59-7770-a5a4-aed684550098,2026-09-30T15:58:36.475000+00:00,2026-09-30T15:58:40.591000+00:00,Analysis,4.116000175476074,gap assigned to next activity,Activity classified by event type and edit destination; original commands omitted.,rs_036768d867ba902b016abd31b0af4c87d2b30dd1f8a2f410dc,315
English product,01a0f304-3a59-7770-a5a4-aed684550098,2026-09-30T15:58:40.591000+00:00,2026-09-30T15:58:44.659000+00:00,Analysis,4.067999839782715,event,Activity classified by event type and edit destination; original commands omitted.,rs_036768d867ba902b016abd31b0af4c87d2b30dd1f8a2f410dc,315
English product,01a0f304-3a59-7770-a5a4-aed684550098,2026-09-30T15:58:44.659000+00:00,2026-09-30T15:58:50.027000+00:00,Analysis,5.368000030517578,gap assigned to next activity,Activity classified by event type and edit destination; original commands omitted.,exec-ba8ba40b-2396-4f15-adda-259b98609e8c,319
English product,01a0f304-3a59-7770-a5a4-aed684550098,2026-09-30T15:58:50.027000+00:00,2026-09-30T15:58:50.430000+00:00,Analysis,0.4030001163482666,event,Activity classified by event type and edit destination; original commands omitted.,exec-ba8ba40b-2396-4f15-adda-259b98609e8c,319
English product,01a0f304-3a59-7770-a5a4-aed684550098,2026-09-30T15:58:50.430000+00:00,2026-09-30T15:58:58.333000+00:00,Communication and follow-up,7.9029998779296875,gap assigned to next activity,Activity classified by event type and edit destination; original commands omitted.,call_r3OgQ2ftUljSUpWXp6TIj2bH,323
English product,01a0f304-3a59-7770-a5a4-aed684550098,2026-09-30T15:58:58.333000+00:00,2026-09-30T15:59:00.305000+00:00,Analysis,1.9720001220703125,gap assigned to next activity,Activity classified by event type and edit destination; original commands omitted.,rs_036768d867ba902b016abd31c466b487d286be7eec481b33ca,327
English product,01a0f304-3a59-7770-a5a4-aed684550098,2026-09-30T15:59:00.305000+00:00,2026-09-30T15:59:01.125000+00:00,Analysis,0.8199999332427979,event,Activity classified by event type and edit destination; original commands omitted.,rs_036768d867ba902b016abd31c466b487d286be7eec481b33ca,327
English product,01a0f304-3a59-7770-a5a4-aed684550098,2026-09-30T15:59:01.125000+00:00,2026-09-30T15:59:01.131000+00:00,Communication and follow-up,0.006000041961669922,gap assigned to next activity,Activity classified by event type and edit destination; original commands omitted.,msg_036768d867ba902b016abd31c539fc87d281187055f7257799,329
English product,01a0f304-3a59-7770-a5a4-aed684550098,2026-09-30T15:59:01.131000+00:00,2026-09-30T15:59:02.996000+00:00,Communication and follow-up,1.8650000095367434,event,Activity classified by event type and edit destination; original commands omitted.,msg_036768d867ba902b016abd31c539fc87d281187055f7257799,329
English product,01a0f304-3a59-7770-a5a4-aed684550098,2026-09-30T15:59:02.996000+00:00,2026-09-30T15:59:03.134000+00:00,Unattributed active time,0.1380000114440918,gap assigned to next activity,Activity classified by event type and edit destination; original commands omitted.,,
